"id","name","price","stock","description","category","mainImageName","variantImages"
1,"Elbise Test","1200",14,"","Elbise","",""
3481,"1003 MİARTE","1779",40,"Nebim Kod: 24Y0021003","Diğer","",""
3482,"1005 MİARTE","1539",40,"Nebim Kod: 24Y0021005","Diğer","",""
3483,"1010 MİARTE","1259",40,"Nebim Kod: 24Y0021010","Diğer","",""
3484,"1022 MİARTE","2219",40,"Nebim Kod: 24Y0021022","Diğer","",""
3485,"1024 MİARTE","999",40,"Nebim Kod: 24Y0021024","Diğer","",""
3486,"1028 MİARTE","1399",40,"Nebim Kod: 24Y0021028","Diğer","",""
3487,"1032 MİARTE","1639",40,"Nebim Kod: 24Y0021032","Diğer","",""
3488,"1033 MİARTE","1929",120,"Nebim Kod: 24Y0021033","Diğer","",""
3489,"1045 MİARTE","1899",40,"Nebim Kod: 24Y0021045","Diğer","",""
3490,"1053 MİARTE","1689",120,"Nebim Kod: 24Y0021053","Diğer","",""
3491,"1054 MİARTE","1689",40,"Nebim Kod: 24Y0021054","Diğer","",""
3492,"1057 MİARTE","1689",40,"Nebim Kod: 24Y0021057","Diğer","",""
3493,"1059 MİARTE","1899",40,"Nebim Kod: 24Y0021059","Diğer","",""
3494,"1060 MİARTE","2149",80,"Nebim Kod: 24Y0021060","Diğer","",""
3495,"1061 MİARTE","2149",80,"Nebim Kod: 24Y0021061","Diğer","",""
3496,"1062 MİARTE","2149",80,"Nebim Kod: 24Y0021062","Diğer","",""
3497,"1065 MİARTE","1499",80,"Nebim Kod: 24Y0021065","Diğer","",""
3498,"1069 MİARTE","1739",40,"Nebim Kod: 24Y0021069","Diğer","",""
3499,"1070 MİARTE","1499",40,"Nebim Kod: 24Y0021070","Diğer","",""
3500,"1072 MİARTE","1999",80,"Nebim Kod: 24Y0021072","Diğer","",""
3501,"1075 MİARTE","2499",40,"Nebim Kod: 24Y0021075","Diğer","",""
3502,"1076 MİARTE","2399",40,"Nebim Kod: 24Y0021076","Diğer","",""
3503,"1092 MİARTE","2159",40,"Nebim Kod: 24Y0021092","Diğer","",""
3504,"1094 MİARTE","1799",40,"Nebim Kod: 24Y0021094","Diğer","",""
3505,"3026 MİARTE","3559",40,"Nebim Kod: 24Y0023026","Diğer","",""
3506,"3041 MİARTE","2599",40,"Nebim Kod: 24Y0023041","Diğer","",""
3507,"31007 MİARTE","2379",20,"Nebim Kod: 24Y00231007","Diğer","",""
3508,"31012 MİARTE","2049",30,"Nebim Kod: 24Y00231012","Diğer","",""
3509,"31013 MİARTE","1889",30,"Nebim Kod: 24Y00231013","Diğer","",""
3510,"31017 MİARTE","2379",20,"Nebim Kod: 24Y00231017","Diğer","",""
3511,"31022 MİARTE","2069",30,"Nebim Kod: 24Y00231022","Diğer","",""
3512,"31023 MİARTE","2239",30,"Nebim Kod: 24Y00231023","Diğer","",""
3513,"34005 MİARTE","1779",20,"Nebim Kod: 24Y00234005","Diğer","",""
3514,"34013 MİARTE","1799",30,"Nebim Kod: 24Y00234013","Diğer","",""
3515,"34014 MİARTE","1799",30,"Nebim Kod: 24Y00234014","Diğer","",""
3516,"34017 MİARTE","2149",20,"Nebim Kod: 24Y00234017","Diğer","",""
3517,"34022 MİARTE","2069",30,"Nebim Kod: 24Y00234022","Diğer","",""
3518,"34026 MİARTE","2149",30,"Nebim Kod: 24Y00234026","Diğer","",""
3519,"37003 MİARTE","2379",20,"Nebim Kod: 24Y00237003","Diğer","",""
3520,"37006 MİARTE","2149",20,"Nebim Kod: 24Y00237006","Diğer","",""
3521,"37009 MİARTE","2679",30,"Nebim Kod: 24Y00237009","Diğer","",""
3522,"5003 MİARTE","2899",40,"Nebim Kod: 24Y0025003","Diğer","",""
3523,"5006 MİARTE","2479",40,"Nebim Kod: 24Y0025006","Diğer","",""
3524,"5011 MİARTE","1779",40,"Nebim Kod: 24Y0025011","Diğer","",""
3525,"5025 MİARTE","1499",40,"Nebim Kod: 24Y0025025","Diğer","",""
3526,"5028 MİARTE","1889",40,"Nebim Kod: 24Y0025028","Diğer","",""
3527,"5030 MİARTE","1339",200,"Nebim Kod: 24Y0025030","Diğer","",""
3528,"5031 MİARTE","1559",120,"Nebim Kod: 24Y0025031","Diğer","",""
3529,"5038 MİARTE","1999",120,"Nebim Kod: 24Y0025038","Diğer","",""
3530,"5048 MİARTE","2149",40,"Nebim Kod: 24Y0025048","Diğer","",""
3531,"5049 MİARTE","1699",40,"Nebim Kod: 24Y0025049","Diğer","",""
3532,"5050 MİARTE","1689",80,"Nebim Kod: 24Y0025050","Diğer","",""
3533,"5052 MİARTE","1689",40,"Nebim Kod: 24Y0025052","Diğer","",""
3534,"5058 MİARTE","2499",40,"Nebim Kod: 24Y0025058","Diğer","",""
3535,"5059 MİARTE","1999",120,"Nebim Kod: 24Y0025059","Diğer","",""
3536,"5061 MİARTE","1639",40,"Nebim Kod: 24Y0025061","Diğer","",""
3537,"5062 MİARTE","2399",80,"Nebim Kod: 24Y0025062","Diğer","",""
3538,"5067 MİARTE","2069",40,"Nebim Kod: 24Y0025067","Diğer","",""
3539,"5068 MİARTE","1899",40,"Nebim Kod: 24Y0025068","Diğer","",""
3540,"5070 MİARTE","1999",40,"Nebim Kod: 24Y0025070","Diğer","",""
3541,"5073 MİARTE","2159",40,"Nebim Kod: 24Y0025073","Diğer","",""
3542,"5074 MİARTE","1899",40,"Nebim Kod: 24Y0025074","Diğer","",""
3543,"5075 MİARTE","1899",40,"Nebim Kod: 24Y0025075","Diğer","",""
3544,"5076 MİARTE","1899",40,"Nebim Kod: 24Y0025076","Diğer","",""
3545,"5079 MİARTE","1999",40,"Nebim Kod: 24Y0025079","Diğer","",""
3546,"7002 MİARTE","1379",40,"Nebim Kod: 24Y0027002","Diğer","",""
3547,"8022 MİARTE","2939",40,"Nebim Kod: 24Y0028022","Diğer","",""
3548,"8023 MİARTE","3369",80,"Nebim Kod: 24Y0028023","Diğer","",""
3549,"8024 MİARTE","3279",80,"Nebim Kod: 24Y0028024","Diğer","",""
3550,"8027 MİARTE","2399",40,"Nebim Kod: 24Y0028027","Diğer","",""
3551,"8028 MİARTE","2499",40,"Nebim Kod: 24Y0028028","Diğer","",""
3552,"8029 MİARTE","4229",40,"Nebim Kod: 24Y0028029","Diğer","",""
3553,"8030 MİARTE","1999",40,"Nebim Kod: 24Y0028030","Diğer","",""
3554,"9505 MİARTE","3689",40,"Nebim Kod: 24Y0029505","Diğer","",""
3555,"9506 MİARTE","3199",80,"Nebim Kod: 24Y0029506","Diğer","",""
3556,"9507 MİARTE","2999",40,"Nebim Kod: 24Y0029507","Diğer","",""
3557,"9509 MİARTE","4229",40,"Nebim Kod: 24Y0029509","Diğer","",""
3558,"23033 ODRELLA","4499",200,"Nebim Kod: 24Y00423033","Diğer","",""
3559,"23239 ODRELLA","7499",250,"Nebim Kod: 24Y00423239","Diğer","",""
3560,"23307 ODRELLA","7499",60,"Nebim Kod: 24Y00423307","Diğer","",""
3561,"24004 ODRELLA","6499",90,"Nebim Kod: 24Y00424004","Diğer","",""
3562,"24018 ODRELLA","4499",60,"Nebim Kod: 24Y00424018","Diğer","",""
3563,"24027 ODRELLA","5999",60,"Nebim Kod: 24Y00424027","Diğer","",""
3564,"24038 ODRELLA","7999",60,"Nebim Kod: 24Y00424038","Diğer","",""
3565,"24039 ODRELLA","3999",60,"Nebim Kod: 24Y00424039","Diğer","",""
3566,"24041 ODRELLA","4499",60,"Nebim Kod: 24Y00424041","Diğer","",""
3567,"24045 ODRELLA","4499",30,"Nebim Kod: 24Y00424045","Diğer","",""
3568,"24057 ODRELLA","4499",60,"Nebim Kod: 24Y00424057","Diğer","",""
3569,"24059 ODRELLA","4999",90,"Nebim Kod: 24Y00424059","Diğer","",""
3570,"24065 ODRELLA","6499",150,"Nebim Kod: 24Y00424065","Diğer","",""
3571,"24068 ODRELLA","3999",90,"Nebim Kod: 24Y00424068","Diğer","",""
3572,"24073 ODRELLA","8999",60,"Nebim Kod: 24Y00424073","Diğer","",""
3573,"24076 ODRELLA","6499",60,"Nebim Kod: 24Y00424076","Diğer","",""
3574,"24082 ODRELLA","5999",60,"Nebim Kod: 24Y00424082","Diğer","",""
3575,"24092 ODRELLA","4499",130,"Nebim Kod: 24Y00424092","Diğer","",""
3576,"24102 ODRELLA","5999",60,"Nebim Kod: 24Y00424102","Diğer","",""
3577,"24107 ODRELLA","3999",40,"Nebim Kod: 24Y00424107","Diğer","",""
3578,"24144 ODRELLA","6999",150,"Nebim Kod: 24Y00424144","Diğer","",""
3579,"24150 ODRELLA","6099",100,"Nebim Kod: 24Y00424150","Diğer","",""
3580,"24155 ODRELLA","6999",30,"Nebim Kod: 24Y00424155","Diğer","",""
3581,"24160 ODRELLA","4999",90,"Nebim Kod: 24Y00424160","Diğer","",""
3582,"24175 ODRELLA","9999",60,"Nebim Kod: 24Y00424175","Diğer","",""
3583,"24178 ODRELLA","6999",60,"Nebim Kod: 24Y00424178","Diğer","",""
3584,"24186 ODRELLA","4999",60,"Nebim Kod: 24Y00424186","Diğer","",""
3585,"24191 ODRELLA","8399",60,"Nebim Kod: 24Y00424191","Diğer","",""
3586,"24200 ODRELLA","4999",40,"Nebim Kod: 24Y00424200","Diğer","",""
3587,"7342 ODRELLA","9900",60,"Nebim Kod: 24Y0047342","Diğer","",""
3588,"7349 ODRELLA","6499",40,"Nebim Kod: 24Y0047349","Diğer","",""
3589,"7353 ODRELLA","8999",60,"Nebim Kod: 24Y0047353","Diğer","",""
3590,"7356 ODRELLA","7999",60,"Nebim Kod: 24Y0047356","Diğer","",""
3591,"7361 ODRELLA","9900",60,"Nebim Kod: 24Y0047361","Diğer","",""
3592,"7366 ODRELLA","7999",80,"Nebim Kod: 24Y0047366","Diğer","",""
3593,"7380 ODRELLA","7499",90,"Nebim Kod: 24Y0047380","Diğer","",""
3594,"7390 ODRELLA","8999",40,"Nebim Kod: 24Y0047390","Diğer","",""
3595,"7391 ODRELLA","9999",60,"Nebim Kod: 24Y0047391","Diğer","",""
3596,"7395 ODRELLA","11999",60,"Nebim Kod: 24Y0047395","Diğer","",""
3597,"7396 ODRELLA","9999",90,"Nebim Kod: 24Y0047396","Diğer","",""
3598,"7399 ODRELLA","9999",60,"Nebim Kod: 24Y0047399","Diğer","",""
3599,"7402 ODRELLA","9999",60,"Nebim Kod: 24Y0047402","Diğer","",""
3600,"7408 ODRELLA","7499",120,"Nebim Kod: 24Y0047408","Diğer","",""
3601,"7411 ODRELLA","6499",60,"Nebim Kod: 24Y0047411","Diğer","",""
3602,"7421 ODRELLA","7499",90,"Nebim Kod: 24Y0047421","Diğer","",""
3603,"7449 ODRELLA","7499",60,"Nebim Kod: 24Y0047449","Diğer","",""
3604,"7453 ODRELLA","7499",60,"Nebim Kod: 24Y0047453","Diğer","",""
3605,"7486 ODRELLA","6999",150,"Nebim Kod: 24Y0047486","Diğer","",""
3606,"7487 ODRELLA","6999",60,"Nebim Kod: 24Y0047487","Diğer","",""
3607,"7504 ODRELLA","4999",30,"Nebim Kod: 24Y0047504","Diğer","",""
3608,"7505 ODRELLA","6099",150,"Nebim Kod: 24Y0047505","Diğer","",""
3609,"7507 ODRELLA","7899",190,"Nebim Kod: 24Y0047507","Diğer","",""
3610,"7510 ODRELLA","7999",90,"Nebim Kod: 24Y0047510","Diğer","",""
3611,"7517 ODRELLA","4999",90,"Nebim Kod: 24Y0047517","Diğer","",""
3612,"7536 ODRELLA","8999",80,"Nebim Kod: 24Y0047536","Diğer","",""
3613,"7541 ODRELLA","7999",220,"Nebim Kod: 24Y0047541","Diğer","",""
3614,"7543 ODRELLA","6999",30,"Nebim Kod: 24Y0047543","Diğer","",""
3615,"7550 ODRELLA","8799",100,"Nebim Kod: 24Y0047550","Diğer","",""
3616,"7557 ODRELLA","9999",60,"Nebim Kod: 24Y0047557","Diğer","",""
3617,"7558 ODRELLA","9999",60,"Nebim Kod: 24Y0047558","Diğer","",""
3618,"7559 ODRELLA","8999",100,"Nebim Kod: 24Y0047559","Diğer","",""
3619,"7573 ODRELLA","7999",90,"Nebim Kod: 24Y0047573","Diğer","",""
3620,"7599 ODRELLA","4999",120,"Nebim Kod: 24Y0047599","Diğer","",""
3621,"7601 ODRELLA","4999",60,"Nebim Kod: 24Y0047601","Diğer","",""
3622,"7602 ODRELLA","6999",30,"Nebim Kod: 24Y0047602","Diğer","",""
3623,"7619 ODRELLA","12599",100,"Nebim Kod: 24Y0047619","Diğer","",""
3624,"7622 ODRELLA","12599",60,"Nebim Kod: 24Y0047622","Diğer","",""
3625,"7626 ODRELLA","7999",80,"Nebim Kod: 24Y0047626","Diğer","",""
3626,"7636 ODRELLA","7999",60,"Nebim Kod: 24Y0047636","Diğer","",""
3627,"7648 ODRELLA","7999",60,"Nebim Kod: 24Y0047648","Diğer","",""
3628,"7649 ODRELLA","4999",60,"Nebim Kod: 24Y0047649","Diğer","",""
3629,"7762 ODRELLA","9999",30,"Nebim Kod: 24Y0047762","Diğer","",""
3630,"7768 ODRELLA","7999",60,"Nebim Kod: 24Y0047768","Diğer","",""
3631,"7773 ODRELLA","7999",60,"Nebim Kod: 24Y0047773","Diğer","",""
3632,"7778 ODRELLA","7999",30,"Nebim Kod: 24Y0047778","Diğer","",""
3633,"57037 MAXRA GOVANA","7999",40,"Nebim Kod: 24Y00607037","Diğer","",""
3634,"54696 MAXRA GOVANA","6999",30,"Nebim Kod: 24Y00654696","Diğer","",""
3635,"54753 MAXRA GOVANA","6499",200,"Nebim Kod: 24Y00654753","Diğer","",""
3636,"55097 MAXRA GOVANA","4999",80,"Nebim Kod: 24Y00655097","Diğer","",""
3637,"55503 MAXRA GOVANA","7999",40,"Nebim Kod: 24Y00655503","Diğer","",""
3638,"55936 MAXRA GOVANA","4999",90,"Nebim Kod: 24Y00655936","Diğer","",""
3639,"56151 MAXRA GOVANA","6499",120,"Nebim Kod: 24Y00656151","Diğer","",""
3640,"56184 MAXRA GOVANA","8999",30,"Nebim Kod: 24Y00656184","Diğer","",""
3641,"56186 MAXRA GOVANNA","9599",80,"Nebim Kod: 24Y00656186","Diğer","",""
3642,"56395 MAXRA GOVANA","11999",40,"Nebim Kod: 24Y00656395","Diğer","",""
3643,"56493 MAXRA GOVANA","6999",80,"Nebim Kod: 24Y00656493","Diğer","",""
3644,"56522 MAXRA GOVANA","4999",60,"Nebim Kod: 24Y00656522","Diğer","",""
3645,"56604 MAXRA GOVANA","6999",120,"Nebim Kod: 24Y00656604","Diğer","",""
3646,"56616 MAXRA GOVANA","6999",80,"Nebim Kod: 24Y00656616","Diğer","",""
3647,"56635 MAXRA GOVANA","7999",290,"Nebim Kod: 24Y00656635","Diğer","",""
3648,"56649 MAXRA GOVANA","6999",60,"Nebim Kod: 24Y00656649","Diğer","",""
3649,"56651 MAXRA GOVANA","6499",80,"Nebim Kod: 24Y00656651","Diğer","",""
3650,"56662 MAXRA GOVANA","6999",140,"Nebim Kod: 24Y00656662","Diğer","",""
3651,"56676 MAXRA GOVANA","6499",80,"Nebim Kod: 24Y00656676","Diğer","",""
3652,"56784 MAXRA GOVANA","4999",180,"Nebim Kod: 24Y00656784","Diğer","",""
3653,"56815 MAXRA GOVANA","6999",120,"Nebim Kod: 24Y00656815","Diğer","",""
3654,"56852 MAXRA GOVANA","6999",40,"Nebim Kod: 24Y00656852","Diğer","",""
3655,"56870 MAXRA GOVANA","7999",50,"Nebim Kod: 24Y00656870","Diğer","",""
3656,"56887 MAXRA GOVANA","6999",180,"Nebim Kod: 24Y00656887","Diğer","",""
3657,"56935 MAXRA GOVANA","6999",180,"Nebim Kod: 24Y00656935","Diğer","",""
3658,"56946 MAXRA GOVANA","7999",40,"Nebim Kod: 24Y00656946","Diğer","",""
3659,"56949 MAXRA GOVANA","7999",100,"Nebim Kod: 24Y00656949","Diğer","",""
3660,"56952 MAXRA GOVANA","7999",80,"Nebim Kod: 24Y00656952","Diğer","",""
3661,"56966 MAXRA GOVANA","7999",50,"Nebim Kod: 24Y00656966","Diğer","",""
3662,"56976 MAXRA GOVANA","5999",50,"Nebim Kod: 24Y00656976","Diğer","",""
3663,"56983 MAXRA GOVANA","8999",110,"Nebim Kod: 24Y00656983","Diğer","",""
3664,"","7999",40,"Nebim Kod: 24Y00657037","Genel","",""
3665,"57044 MAXRA GOVANA","9999",40,"Nebim Kod: 24Y00657044","Diğer","",""
3666,"57070 MAXRA GOVANNA","12999",40,"Nebim Kod: 24Y00657070","Diğer","",""
3667,"57087 MAXRA GOVANA","7999",40,"Nebim Kod: 24Y00657087","Diğer","",""
3668,"57090 MAXRA GOVANA","8999",80,"Nebim Kod: 24Y00657090","Diğer","",""
3669,"57102 MAXRA GOVANA","14999",20,"Nebim Kod: 24Y00657102","Diğer","",""
3670,"57108 MAXRA GOVANA","4999",60,"Nebim Kod: 24Y00657108","Diğer","",""
3671,"57109 MAXRA GOVANA","14999",40,"Nebim Kod: 24Y00657109","Diğer","",""
3672,"57140 MAXRA GOVANNA","6999",90,"Nebim Kod: 24Y00657140","Diğer","",""
3673,"57179 MAXRA GOVANA","7999",100,"Nebim Kod: 24Y00657179","Diğer","",""
3674,"57182 MAXRA GOVANA","8999",40,"Nebim Kod: 24Y00657182","Diğer","",""
3675,"57193 MAXRA GOVANA","8999",130,"Nebim Kod: 24Y00657193","Diğer","",""
3676,"57367 MAXRA GOVANA","11999",40,"Nebim Kod: 24Y00657367","Diğer","",""
3677,"57374 MAXRA GOVANA","7999",40,"Nebim Kod: 24Y00657374","Diğer","",""
3678,"57375 MAXRA GOVANA","11999",40,"Nebim Kod: 24Y00657375","Diğer","",""
3679,"2229 İMZA","1999",40,"Nebim Kod: 24Y0072229","Diğer","",""
3680,"2250 İMZA","2599",80,"Nebim Kod: 24Y0072250","Diğer","",""
3681,"2252 İMZA","2999",40,"Nebim Kod: 24Y0072252","Diğer","",""
3682,"2254 İMZA","2199",80,"Nebim Kod: 24Y0072254","Diğer","",""
3683,"2258 İMZA","2449",80,"Nebim Kod: 24Y0072258","Diğer","",""
3684,"3054 İMZA","4999",80,"Nebim Kod: 24Y0073054","Diğer","",""
3685,"3058 İMZA","5999",80,"Nebim Kod: 24Y0073058","Diğer","",""
3686,"5169 İMZA","2499",80,"Nebim Kod: 24Y0075169","Diğer","",""
3687,"5170 İMZA","2399",80,"Nebim Kod: 24Y0075170","Diğer","",""
3688,"5172 İMZA","5999",210,"Nebim Kod: 24Y0075172","Diğer","",""
3689,"5174 İMZA","2599",80,"Nebim Kod: 24Y0075174","Diğer","",""
3690,"5177 İMZA","2049",120,"Nebim Kod: 24Y0075177","Diğer","",""
3691,"5178 İMZA","2049",80,"Nebim Kod: 24Y0075178","Diğer","",""
3692,"5188 İMZA","5999",160,"Nebim Kod: 24Y0075188","Diğer","",""
3693,"7248 İMZA","1999",40,"Nebim Kod: 24Y0077248","Diğer","",""
3694,"7274 İMZA","2049",80,"Nebim Kod: 24Y0077274","Diğer","",""
3695,"7275 İMZA","2249",40,"Nebim Kod: 24Y0077275","Diğer","",""
3696,"7276 İMZA","1249",80,"Nebim Kod: 24Y0077276","Diğer","",""
3697,"7284 İMZA","1349",80,"Nebim Kod: 24Y0077284","Diğer","",""
3698,"0655 FOR COSTUME","8299",60,"Nebim Kod: 24Y0090655","Diğer","",""
3699,"0681 FOR COSTUME","8799",120,"Nebim Kod: 24Y0090681","Diğer","",""
3700,"0694 FOR COSTUME","7399",90,"Nebim Kod: 24Y0090694","Diğer","",""
3701,"0699 FOR COSTUME","8799",80,"Nebim Kod: 24Y0090699","Diğer","",""
3702,"0700 FOR COSTUME","8299",30,"Nebim Kod: 24Y0090700","Diğer","",""
3703,"0720 FOR COSTUME","7899",90,"Nebim Kod: 24Y0090720","Diğer","",""
3704,"0725 FOR COSTUME","8299",60,"Nebim Kod: 24Y0090725","Diğer","",""
3705,"0734 FOR COSTUME","11399",60,"Nebim Kod: 24Y0090734","Diğer","",""
3706,"0735 FOR COSTUME","9699",60,"Nebim Kod: 24Y0090735","Diğer","",""
3707,"0743 FOR COSTUME","6499",30,"Nebim Kod: 24Y0090743","Diğer","",""
3708,"0745 FOR COSTUME","8799",90,"Nebim Kod: 24Y0090745","Diğer","",""
3709,"0751 FOR COSTUME","10499",60,"Nebim Kod: 24Y0090751","Diğer","",""
3710,"8465 FOR COSTUME","8299",150,"Nebim Kod: 24Y0098465","Diğer","",""
3711,"8631 FOR COSTUME","5799",80,"Nebim Kod: 24Y0098631","Diğer","",""
3712,"8691 FOR COSTUME","9899",180,"Nebim Kod: 24Y0098691","Diğer","",""
3713,"8840 FOR COSTUME","8299",120,"Nebim Kod: 24Y0098840","Diğer","",""
3714,"8855 FOR COSTUME","10499",80,"Nebim Kod: 24Y0098855","Diğer","",""
3715,"8949 FOR COSTUME","10499",120,"Nebim Kod: 24Y0098949","Diğer","",""
3716,"8962 FOR COSTUME","11299",80,"Nebim Kod: 24Y0098962","Diğer","",""
3717,"9022 FOR COSTUME","8799",120,"Nebim Kod: 24Y0099022","Diğer","",""
3718,"9025 FOR COSTUME","7299",60,"Nebim Kod: 24Y0099025","Diğer","",""
3719,"9065 FOR COSTUME","5799",80,"Nebim Kod: 24Y0099065","Diğer","",""
3720,"9111 FOR COSTUME","5799",160,"Nebim Kod: 24Y0099111","Diğer","",""
3721,"9120 FOR COSTUME","8299",120,"Nebim Kod: 24Y0099120","Diğer","",""
3722,"9139 FOR COSTUME","7899",40,"Nebim Kod: 24Y0099139","Diğer","",""
3723,"9197 FOR COSTUME","8299",120,"Nebim Kod: 24Y0099197","Diğer","",""
3724,"9218 FOR COSTUME","7379",120,"Nebim Kod: 24Y0099218","Diğer","",""
3725,"9228 FOR COSTUME","6999",120,"Nebim Kod: 24Y0099228","Diğer","",""
3726,"9237 FOR COSTUME","7899",80,"Nebim Kod: 24Y0099237","Diğer","",""
3727,"9240 FOR COSTUME","8799",100,"Nebim Kod: 24Y0099240","Diğer","",""
3728,"9251 FOR COSTUME","5799",80,"Nebim Kod: 24Y0099251","Diğer","",""
3729,"9270 FOR COSTUME","6999",60,"Nebim Kod: 24Y0099270","Diğer","",""
3730,"9289 FOR COSTUME","5299",120,"Nebim Kod: 24Y0099289","Diğer","",""
3731,"9292 FOR COSTUME","5799",30,"Nebim Kod: 24Y0099292","Diğer","",""
3732,"9309 FOR COSTUME","11299",40,"Nebim Kod: 24Y0099309","Diğer","",""
3733,"9311 FOR COSTUME","5299",90,"Nebim Kod: 24Y0099311","Diğer","",""
3734,"9316 FOR COSTUME","6999",40,"Nebim Kod: 24Y0099316","Diğer","",""
3735,"9337 FOR COSTUME","7399",80,"Nebim Kod: 24Y0099337","Diğer","",""
3736,"9343 FOR COSTUME","6499",60,"Nebim Kod: 24Y0099343","Diğer","",""
3737,"9346 FOR COSTUME","8799",60,"Nebim Kod: 24Y0099346","Diğer","",""
3738,"9352 FOR COSTUME","6999",120,"Nebim Kod: 24Y0099352","Diğer","",""
3739,"9354 FOR COSTUME","9999",80,"Nebim Kod: 24Y0099354","Diğer","",""
3740,"9361 FOR COSTUME","7899",80,"Nebim Kod: 24Y0099361","Diğer","",""
3741,"9366 FOR COSTUME","8799",80,"Nebim Kod: 24Y0099366","Diğer","",""
3742,"9378 FOR COSTUME","8299",80,"Nebim Kod: 24Y0099378","Diğer","",""
3743,"9385 FOR COSTUME","7399",80,"Nebim Kod: 24Y0099385","Diğer","",""
3744,"9393 FOR COSTUME","6499",80,"Nebim Kod: 24Y0099393","Diğer","",""
3745,"9428 FOR COSTUME","7899",40,"Nebim Kod: 24Y0099428","Diğer","",""
3746,"9449 FOR COSTUME","8799",80,"Nebim Kod: 24Y0099449","Diğer","",""
3747,"9450 FOR COSTUME","6499",80,"Nebim Kod: 24Y0099450","Diğer","",""
3748,"9451 FOR COSTUME","8299",60,"Nebim Kod: 24Y0099451","Diğer","",""
3749,"9458 FOR COSTUME","8299",120,"Nebim Kod: 24Y0099458","Diğer","",""
3750,"9467 FOR COSTUME","6199",80,"Nebim Kod: 24Y0099467","Diğer","",""
3751,"9481 FOR COSTUME","8799",60,"Nebim Kod: 24Y0099481","Diğer","",""
3752,"9496 FOR COSTUME","7899",80,"Nebim Kod: 24Y0099496","Diğer","",""
3753,"9504 FOR COSTUME","7399",30,"Nebim Kod: 24Y0099504","Diğer","",""
3754,"9550 FOR COSTUME","6999",120,"Nebim Kod: 24Y0099550","Diğer","",""
3755,"9551 FOR COSTUME","6999",120,"Nebim Kod: 24Y0099551","Diğer","",""
3756,"9555 FOR COSTUME","7299",80,"Nebim Kod: 24Y0099555","Diğer","",""
3757,"9557 FOR COSTUME","8799",60,"Nebim Kod: 24Y0099557","Diğer","",""
3758,"9558 FOR COSTUME","6999",80,"Nebim Kod: 24Y0099558","Diğer","",""
3759,"9560 FOR COSTUME","8299",40,"Nebim Kod: 24Y0099560","Diğer","",""
3760,"9568 FOR COSTUME","7499",80,"Nebim Kod: 24Y0099568","Diğer","",""
3761,"9627 FOR COSTUME","7879",80,"Nebim Kod: 24Y0099627","Diğer","",""
3762,"9630 FOR COSTUME","8249",120,"Nebim Kod: 24Y0099630","Diğer","",""
3763,"9693 FOR COSTUME","6499",120,"Nebim Kod: 24Y0099693","Diğer","",""
3764,"9697 FOR COSTUME","8799",80,"Nebim Kod: 24Y0099697","Diğer","",""
3765,"8000 NAZZAN","17999",20,"Nebim Kod: 24Y0118000","Diğer","",""
3766,"8009 NAZZAN","6099",60,"Nebim Kod: 24Y0118009","Diğer","",""
3767,"8022 NAZZAN","6899",90,"Nebim Kod: 24Y0118022","Diğer","",""
3768,"8023 NAZZAN","10699",20,"Nebim Kod: 24Y0118023","Diğer","",""
3769,"8026 NAZZAN","6099",60,"Nebim Kod: 24Y0118026","Diğer","",""
3770,"8032 NAZZAN","4299",60,"Nebim Kod: 24Y0118032","Diğer","",""
3771,"8039 NAZZAN","9199",20,"Nebim Kod: 24Y0118039","Diğer","",""
3772,"8042 NAZZAN","7699",60,"Nebim Kod: 24Y0118042","Diğer","",""
3773,"8043 NAZZAN","7999",90,"Nebim Kod: 24Y0118043","Diğer","",""
3774,"8046 NAZZAN","7699",150,"Nebim Kod: 24Y0118046","Diğer","",""
3775,"8049 NAZZAN","6399",120,"Nebim Kod: 24Y0118049","Diğer","",""
3776,"8051 NAZZAN","7799",80,"Nebim Kod: 24Y0118051","Diğer","",""
3777,"8052 NAZZAN","7799",60,"Nebim Kod: 24Y0118052","Diğer","",""
3778,"8053 NAZZAN","6899",120,"Nebim Kod: 24Y0118053","Diğer","",""
3779,"8065 NAZZAN","6999",90,"Nebim Kod: 24Y0118065","Diğer","",""
3780,"8071 NAZZAN","6099",40,"Nebim Kod: 24Y0118071","Diğer","",""
3781,"8085 NAZZAN","10699",60,"Nebim Kod: 24Y0118085","Diğer","",""
3782,"8086 NAZZAN","8699",60,"Nebim Kod: 24Y0118086","Diğer","",""
3783,"9102 NAZZAN","10499",90,"Nebim Kod: 24Y0119102","Diğer","",""
3784,"9654 NAZZAN","8099",280,"Nebim Kod: 24Y0119654","Diğer","",""
3785,"9655 NAZZAN","6899",80,"Nebim Kod: 24Y0119655","Diğer","",""
3786,"1101 ALİNCE","3999",210,"Nebim Kod: 24Y0181101","Diğer","",""
3787,"1528 ALİNCE","3999",120,"Nebim Kod: 24Y0181528","Diğer","",""
3788,"2001 ALİNCE","2799",160,"Nebim Kod: 24Y0182001","Diğer","",""
3789,"2084 ALİNCE","2999",40,"Nebim Kod: 24Y0182084","Diğer","",""
3790,"2134 ALİNCE","3999",240,"Nebim Kod: 24Y0182134","Diğer","",""
3791,"2136 ALİNCE","2299",160,"Nebim Kod: 24Y0182136","Diğer","",""
3792,"2140 Alince","2999",40,"Nebim Kod: 24Y0182140","Diğer","",""
3793,"2141 ALİNÇE","2749",120,"Nebim Kod: 24Y0182141","Diğer","",""
3794,"2145 ALİNCE","3999",360,"Nebim Kod: 24Y0182145","Diğer","",""
3795,"2146 ALİNCE","2999",80,"Nebim Kod: 24Y0182146","Diğer","",""
3796,"2147 ALİNCE","2999",120,"Nebim Kod: 24Y0182147","Diğer","",""
3797,"2148 ALİNÇE","3999",120,"Nebim Kod: 24Y0182148","Diğer","",""
3798,"2156 ALİNÇE","2749",160,"Nebim Kod: 24Y0182156","Diğer","",""
3799,"2160 ALİNCE","4999",80,"Nebim Kod: 24Y0182160","Diğer","",""
3800,"2180 ALİNÇE","2999",240,"Nebim Kod: 24Y0182180","Diğer","",""
3801,"2184 ALİNÇE","2749",120,"Nebim Kod: 24Y0182184","Diğer","",""
3802,"2185 ALİNÇE","4999",80,"Nebim Kod: 24Y0182185","Diğer","",""
3803,"2189 ALİNCE","4499",80,"Nebim Kod: 24Y0182189","Diğer","",""
3804,"2193 ALİNCE","3999",80,"Nebim Kod: 24Y0182193","Diğer","",""
3805,"2198 ALİNCE","4999",120,"Nebim Kod: 24Y0182198","Diğer","",""
3806,"2199 ALİNCE","4999",160,"Nebim Kod: 24Y0182199","Diğer","",""
3807,"2201 ALİNCE","3999",80,"Nebim Kod: 24Y0182201","Diğer","",""
3808,"8104 ALİNÇE","2999",250,"Nebim Kod: 24Y0188104","Diğer","",""
3809,"8109 ALİNÇE","2749",80,"Nebim Kod: 24Y0188109","Diğer","",""
3810,"8110 ALİNÇE","2749",120,"Nebim Kod: 24Y0188110","Diğer","",""
3811,"8112 ALİNCE","3999",40,"Nebim Kod: 24Y0188112","Diğer","",""
3812,"8114 ALİNÇE","2749",80,"Nebim Kod: 24Y0188114","Diğer","",""
3813,"8115 ALİNÇE","1879",80,"Nebim Kod: 24Y0188115","Diğer","",""
3814,"054 ÖMÜR İNN","8200",180,"Nebim Kod: 24Y021054","Diğer","",""
3815,"070 ÖMÜR İNN","9450",60,"Nebim Kod: 24Y021070","Diğer","",""
3816,"073 ÖMÜR İNN","11750",360,"Nebim Kod: 24Y021073","Diğer","",""
3817,"075 ÖMÜR İNN","5750",60,"Nebim Kod: 24Y021075","Diğer","",""
3818,"077 ÖMÜR İNN","7800",60,"Nebim Kod: 24Y021077","Diğer","",""
3819,"083 ÖMÜR İNN","7700",200,"Nebim Kod: 24Y021083","Diğer","",""
3820,"085 ÖMÜR İNN","5899",60,"Nebim Kod: 24Y021085","Diğer","",""
3821,"089 ÖMÜR İNN","11200",180,"Nebim Kod: 24Y021089","Diğer","",""
3822,"103 ÖMÜR İNN","8800",30,"Nebim Kod: 24Y021103","Diğer","",""
3823,"104 ÖMÜR İNN","9100",30,"Nebim Kod: 24Y021104","Diğer","",""
3824,"110 ÖMÜR İNN","12100",60,"Nebim Kod: 24Y021110","Diğer","",""
3825,"111 ÖMÜR İNN","10750",60,"Nebim Kod: 24Y021111","Diğer","",""
3826,"115 ÖMÜR İNN","9850",40,"Nebim Kod: 24Y021115","Diğer","",""
3827,"116 ÖMÜR İNN","14750",140,"Nebim Kod: 24Y021116","Diğer","",""
3828,"117 ÖMÜR İNN","10750",60,"Nebim Kod: 24Y021117","Diğer","",""
3829,"118 ÖMÜR İNN","10700",80,"Nebim Kod: 24Y021118","Diğer","",""
3830,"119 ÖMÜR İNN","9900",30,"Nebim Kod: 24Y021119","Diğer","",""
3831,"120 ÖMÜR İNN","13250",360,"Nebim Kod: 24Y021120","Diğer","",""
3832,"122 ÖMÜR İNN","11750",80,"Nebim Kod: 24Y021122","Diğer","",""
3833,"126 ÖMÜR İNN","11900",100,"Nebim Kod: 24Y021126","Diğer","",""
3834,"127 ÖMÜR İNN","7350",30,"Nebim Kod: 24Y021127","Diğer","",""
3835,"132 ÖMÜR İNN","14200",320,"Nebim Kod: 24Y021132","Diğer","",""
3836,"133 ÖMÜR İNN","6500",150,"Nebim Kod: 24Y021133","Diğer","",""
3837,"136 ÖMÜR İNN","7400",90,"Nebim Kod: 24Y021136","Diğer","",""
3838,"137 ÖMÜR İNN","6050",120,"Nebim Kod: 24Y021137","Diğer","",""
3839,"138 ÖMÜR İNN","11450",140,"Nebim Kod: 24Y021138","Diğer","",""
3840,"140 ÖMÜR İNN","12850",80,"Nebim Kod: 24Y021140","Diğer","",""
3841,"141 ÖMÜR İNN","9000",420,"Nebim Kod: 24Y021141","Diğer","",""
3842,"142 ÖMÜR İNN","9700",160,"Nebim Kod: 24Y021142","Diğer","",""
3843,"148 ÖMÜR İNN","13850",140,"Nebim Kod: 24Y021148","Diğer","",""
3844,"149 ÖMÜR İNN","6150",40,"Nebim Kod: 24Y021149","Diğer","",""
3845,"150 ÖMÜR İNN","5700",200,"Nebim Kod: 24Y021150","Diğer","",""
3846,"152 ÖMÜR İNN","6050",120,"Nebim Kod: 24Y021152","Diğer","",""
3847,"154 ÖMÜR İNN","10450",80,"Nebim Kod: 24Y021154","Diğer","",""
3848,"155 ÖMÜR İNN","6750",30,"Nebim Kod: 24Y021155","Diğer","",""
3849,"156 ÖMÜR İNN","12350",50,"Nebim Kod: 24Y021156","Diğer","",""
3850,"159 ÖMÜR İNN","7200",80,"Nebim Kod: 24Y021159","Diğer","",""
3851,"160 ÖMÜR İNN","13250",40,"Nebim Kod: 24Y021160","Diğer","",""
3852,"166 ÖMÜR İNN","8650",120,"Nebim Kod: 24Y021166","Diğer","",""
3853,"167 ÖMÜR İNN","11950",80,"Nebim Kod: 24Y021167","Diğer","",""
3854,"168 ÖMÜR İNN","7950",100,"Nebim Kod: 24Y021168","Diğer","",""
3855,"169 ÖMÜR İNN","6900",60,"Nebim Kod: 24Y021169","Diğer","",""
3856,"170 ÖMÜR İNN","10600",80,"Nebim Kod: 24Y021170","Diğer","",""
3857,"174 ÖMÜR İNN","9300",180,"Nebim Kod: 24Y021174","Diğer","",""
3858,"175 ÖMÜR İNN","6300",280,"Nebim Kod: 24Y021175","Diğer","",""
3859,"176 ÖMÜR İNN","10300",60,"Nebim Kod: 24Y021176","Diğer","",""
3860,"179 ÖMÜR İNN","5900",120,"Nebim Kod: 24Y021179","Diğer","",""
3861,"180 ÖMÜR İNN","12000",40,"Nebim Kod: 24Y021180","Diğer","",""
3862,"181 ÖMÜR İNN","8550",40,"Nebim Kod: 24Y021181","Diğer","",""
3863,"184 ÖMÜR İNN","11200",80,"Nebim Kod: 24Y021184","Diğer","",""
3864,"186 ÖMÜR İNN","17500",80,"Nebim Kod: 24Y021186","Diğer","",""
3865,"190 ÖMÜR İNN","11300",50,"Nebim Kod: 24Y021190","Diğer","",""
3866,"194 ÖMÜR İNN","13550",60,"Nebim Kod: 24Y021194","Diğer","",""
3867,"197 ÖMÜR İNN","9200",30,"Nebim Kod: 24Y021197","Diğer","",""
3868,"199 ÖMÜR İNN","8550",30,"Nebim Kod: 24Y021199","Diğer","",""
3869,"203 ÖMÜR İNN","5900",30,"Nebim Kod: 24Y021203","Diğer","",""
3870,"204 ÖMÜR İNN","12950",60,"Nebim Kod: 24Y021204","Diğer","",""
3871,"210 ÖMÜR İNN","12550",150,"Nebim Kod: 24Y021210","Diğer","",""
3872,"212 ÖMÜR İNN","8800",60,"Nebim Kod: 24Y021212","Diğer","",""
3873,"213 ÖMÜR İNN","9450",80,"Nebim Kod: 24Y021213","Diğer","",""
3874,"214 ÖMÜR İNN","8400",30,"Nebim Kod: 24Y021214","Diğer","",""
3875,"218 ÖMÜR İNN","12700",60,"Nebim Kod: 24Y021218","Diğer","",""
3876,"219 ÖMÜR İNN","6800",40,"Nebim Kod: 24Y021219","Diğer","",""
3877,"220 ÖMÜR İNN","16100",60,"Nebim Kod: 24Y021220","Diğer","",""
3878,"221 ÖMÜR İNN","11450",60,"Nebim Kod: 24Y021221","Diğer","",""
3879,"228 ÖMÜR İNN","12100",140,"Nebim Kod: 24Y021228","Diğer","",""
3880,"230 ÖMÜR İNN","8400",80,"Nebim Kod: 24Y021230","Diğer","",""
3881,"232 ÖMÜR İNN","9300",30,"Nebim Kod: 24Y021232","Diğer","",""
3882,"236 ÖMÜR İNN","14250",80,"Nebim Kod: 24Y021236","Diğer","",""
3883,"238 ÖMÜR İNN","9400",60,"Nebim Kod: 24Y021238","Diğer","",""
3884,"240 ÖMÜR İNN","12000",80,"Nebim Kod: 24Y021240","Diğer","",""
3885,"244 ÖMÜR İNN","9000",240,"Nebim Kod: 24Y021244","Diğer","",""
3886,"246 ÖMÜR İNN","17800",60,"Nebim Kod: 24Y021246","Diğer","",""
3887,"248 ÖMÜR İNN","10299",120,"Nebim Kod: 24Y021248","Diğer","",""
3888,"251 ÖMÜR İNN","7900",40,"Nebim Kod: 24Y021251","Diğer","",""
3889,"252 ÖMÜR İNN","10600",200,"Nebim Kod: 24Y021252","Diğer","",""
3890,"254 ÖMÜR İNN","12850",120,"Nebim Kod: 24Y021254","Diğer","",""
3891,"255 ÖMÜR İNN","9000",90,"Nebim Kod: 24Y021255","Diğer","",""
3892,"256 ÖMÜR İNN","8200",80,"Nebim Kod: 24Y021256","Diğer","",""
3893,"258 ÖMÜR İNN","7100",80,"Nebim Kod: 24Y021258","Diğer","",""
3894,"259 ÖMÜR İNN","5550",40,"Nebim Kod: 24Y021259","Diğer","",""
3895,"260 ÖMÜR İNN","12550",90,"Nebim Kod: 24Y021260","Diğer","",""
3896,"262 ÖMÜR İNN","10450",30,"Nebim Kod: 24Y021262","Diğer","",""
3897,"266 ÖMÜR İNN","8650",30,"Nebim Kod: 24Y021266","Diğer","",""
3898,"268 ÖMÜR İNN","9850",60,"Nebim Kod: 24Y021268","Diğer","",""
3899,"272 ÖMÜR İNN","12400",210,"Nebim Kod: 24Y021272","Diğer","",""
3900,"274 ÖMÜR İNN","8650",30,"Nebim Kod: 24Y021274","Diğer","",""
3901,"280 ÖMÜR İNN","13100",30,"Nebim Kod: 24Y021280","Diğer","",""
3902,"292 ÖMÜR İNN","14400",250,"Nebim Kod: 24Y021292","Diğer","",""
3903,"294 ÖMÜR İNN","10400",100,"Nebim Kod: 24Y021294","Diğer","",""
3904,"298 ÖMÜR İNN","15000",80,"Nebim Kod: 24Y021298","Diğer","",""
3905,"302 ÖMÜR İNN","9850",80,"Nebim Kod: 24Y021302","Diğer","",""
3906,"304 ÖMÜR İNN","7250",40,"Nebim Kod: 24Y021304","Diğer","",""
3907,"467 ÖMÜR İNN","8700",250,"Nebim Kod: 24Y021467","Diğer","",""
3908,"469 ÖMÜR İNN","10600",280,"Nebim Kod: 24Y021469","Diğer","",""
3909,"473 ÖMÜR İNN","13250",350,"Nebim Kod: 24Y021473","Diğer","",""
3910,"627 ÖMÜR İNN","10100",90,"Nebim Kod: 24Y021627","Diğer","",""
3911,"5230 SATEN","3999",120,"Nebim Kod: 24Y0245230","Diğer","",""
3912,"5238 SATEN","3999",60,"Nebim Kod: 24Y0245238","Diğer","",""
3913,"5252 SATEN","3999",60,"Nebim Kod: 24Y0245252","Diğer","",""
3914,"1000 MİARTE","1649",80,"Nebim Kod: 24Y0461000","Diğer","",""
3915,"1001 MİARTE","2099",40,"Nebim Kod: 24Y0461001","Diğer","",""
3916,"1002 MİARTE","1549",40,"Nebim Kod: 24Y0461002","Diğer","",""
3917,"1004 MİARTE","2399",40,"Nebim Kod: 24Y0461004","Diğer","",""
3918,"1007 MİARTE","1849",80,"Nebim Kod: 24Y0461007","Diğer","",""
3919,"1015 MİARTE","1799",40,"Nebim Kod: 24Y0461015","Diğer","",""
3920,"1021 MİARTE","899",40,"Nebim Kod: 24Y0461021","Diğer","",""
3921,"1027 MİARTE","1249",40,"Nebim Kod: 24Y0461027","Diğer","",""
3922,"1036 MİARTE","1999",200,"Nebim Kod: 24Y0461036","Diğer","",""
3923,"1038 MİARTE","1249",40,"Nebim Kod: 24Y0461038","Diğer","",""
3924,"1041 MİARTE","2149",40,"Nebim Kod: 24Y0461041","Diğer","",""
3925,"1280 MİANOTTE","3379",80,"Nebim Kod: 24Y0461280","Diğer","",""
3926,"1281 MİANOTTE","3999",40,"Nebim Kod: 24Y0461281","Diğer","",""
3927,"1282 MİANOTTE","5459",80,"Nebim Kod: 24Y0461282","Diğer","",""
3928,"1283 MİANOTTE","3529",40,"Nebim Kod: 24Y0461283","Diğer","",""
3929,"1284 MİANOTTE","3649",40,"Nebim Kod: 24Y0461284","Diğer","",""
3930,"1285 MİANOTTE","4389",80,"Nebim Kod: 24Y0461285","Diğer","",""
3931,"1286 MİANOTTE","5049",80,"Nebim Kod: 24Y0461286","Diğer","",""
3932,"1287 MİANOTTE","3999",80,"Nebim Kod: 24Y0461287","Diğer","",""
3933,"1289 MİANOTTE","2379",40,"Nebim Kod: 24Y0461289","Diğer","",""
3934,"1294 MİANOTTE","3879",40,"Nebim Kod: 24Y0461294","Diğer","",""
3935,"1295 MİANOTTE","4659",40,"Nebim Kod: 24Y0461295","Diğer","",""
3936,"1296 MİANOTTE","5099",60,"Nebim Kod: 24Y0461296","Diğer","",""
3937,"1298 MİANOTTE","3799",80,"Nebim Kod: 24Y0461298","Diğer","",""
3938,"1299 MİANOTTE","4229",80,"Nebim Kod: 24Y0461299","Diğer","",""
3939,"3001 MİARTE","2899",40,"Nebim Kod: 24Y0463001","Diğer","",""
3940,"3006 MİARTE","2149",40,"Nebim Kod: 24Y0463006","Diğer","",""
3941,"3009 MİARTE","2499",40,"Nebim Kod: 24Y0463009","Diğer","",""
3942,"31001 MİARTE","1799",40,"Nebim Kod: 24Y04631001","Diğer","",""
3943,"31002 MİARTE","2299",20,"Nebim Kod: 24Y04631002","Diğer","",""
3944,"31004 MİARTE","1699",20,"Nebim Kod: 24Y04631004","Diğer","",""
3945,"31005 MİARTE","1949",30,"Nebim Kod: 24Y04631005","Diğer","",""
3946,"31006 MİARTE","1949",20,"Nebim Kod: 24Y04631006","Diğer","",""
3947,"31014 MİARTE","1799",60,"Nebim Kod: 24Y04631014","Diğer","",""
3948,"3250 MİANOTTE","2599",80,"Nebim Kod: 24Y0463250","Diğer","",""
3949,"3251 MİANOTTE","2599",80,"Nebim Kod: 24Y0463251","Diğer","",""
3950,"3252 MİANOTTE","1859",80,"Nebim Kod: 24Y0463252","Diğer","",""
3951,"3253 MİANOTTE","2159",120,"Nebim Kod: 24Y0463253","Diğer","",""
3952,"3254 MİANOTTE","2999",80,"Nebim Kod: 24Y0463254","Diğer","",""
3953,"3256 MİANOTTE","2799",40,"Nebim Kod: 24Y0463256","Diğer","",""
3954,"3257 MİANOTTE","2379",80,"Nebim Kod: 24Y0463257","Diğer","",""
3955,"3258 MİANOTTE","4379",80,"Nebim Kod: 24Y0463258","Diğer","",""
3956,"3259 MİANOTTE","2499",80,"Nebim Kod: 24Y0463259","Diğer","",""
3957,"3260 MİANOTTE","2899",40,"Nebim Kod: 24Y0463260","Diğer","",""
3958,"3261 MİANOTTE","2799",80,"Nebim Kod: 24Y0463261","Diğer","",""
3959,"3262 MİANOTTE","1929",80,"Nebim Kod: 24Y0463262","Diğer","",""
3960,"3263 MİANOTTE","1639",80,"Nebim Kod: 24Y0463263","Diğer","",""
3961,"3264 MİANOTTE","2079",40,"Nebim Kod: 24Y0463264","Diğer","",""
3962,"3265 MİANOTTE","2899",40,"Nebim Kod: 24Y0463265","Diğer","",""
3963,"3267 MİANOTTE","2159",40,"Nebim Kod: 24Y0463267","Diğer","",""
3964,"3268 MİANOTTE","2499",40,"Nebim Kod: 24Y0463268","Diğer","",""
3965,"3269 MİANOTTE","3099",40,"Nebim Kod: 24Y0463269","Diğer","",""
3966,"3272 MİANOTTE","3099",40,"Nebim Kod: 24Y0463272","Diğer","",""
3967,"3274 MİANOTTE","1859",40,"Nebim Kod: 24Y0463274","Diğer","",""
3968,"3275 MİANOTTE","1399",40,"Nebim Kod: 24Y0463275","Diğer","",""
3969,"3276 MİANOTTE","2379",40,"Nebim Kod: 24Y0463276","Diğer","",""
3970,"3280 MİANOTTE","3479",40,"Nebim Kod: 24Y0463280","Diğer","",""
3971,"3281 MİANOTTE","2939",80,"Nebim Kod: 24Y0463281","Diğer","",""
3972,"3282 MİANOTTE","2139",40,"Nebim Kod: 24Y0463282","Diğer","",""
3973,"3283 MİANOTTE","1899",80,"Nebim Kod: 24Y0463283","Diğer","",""
3974,"3284 MİANOTTE","2939",80,"Nebim Kod: 24Y0463284","Diğer","",""
3975,"3285 MİANOTTE","2069",40,"Nebim Kod: 24Y0463285","Diğer","",""
3976,"3287 MİANOTTE","2329",40,"Nebim Kod: 24Y0463287","Diğer","",""
3977,"3289 MİANOTTE","3369",80,"Nebim Kod: 24Y0463289","Diğer","",""
3978,"3292 MİANOTTE","2939",80,"Nebim Kod: 24Y0463292","Diğer","",""
3979,"34001 MİARTE","1949",40,"Nebim Kod: 24Y04634001","Diğer","",""
3980,"34003 MİARTE","1499",20,"Nebim Kod: 24Y04634003","Diğer","",""
3981,"34006 MİARTE","1649",30,"Nebim Kod: 24Y04634006","Diğer","",""
3982,"34007 MİARTE","1649",20,"Nebim Kod: 24Y04634007","Diğer","",""
3983,"34008 MİARTE","1799",20,"Nebim Kod: 24Y04634008","Diğer","",""
3984,"34009 MİARTE","1199",20,"Nebim Kod: 24Y04634009","Diğer","",""
3985,"34015 MİARTE","1799",60,"Nebim Kod: 24Y04634015","Diğer","",""
3986,"360 MİANOTTE","3099",20,"Nebim Kod: 24Y046360","Diğer","",""
3987,"361 MİANOTTE","3199",20,"Nebim Kod: 24Y046361","Diğer","",""
3988,"362 MİANOTTE","2599",40,"Nebim Kod: 24Y046362","Diğer","",""
3989,"363 MİANOTTE","3099",20,"Nebim Kod: 24Y046363","Diğer","",""
3990,"364 MİANOTTE","2299",20,"Nebim Kod: 24Y046364","Diğer","",""
3991,"365 MİANOTTE","3399",20,"Nebim Kod: 24Y046365","Diğer","",""
3992,"366 MİANOTTE","3349",20,"Nebim Kod: 24Y046366","Diğer","",""
3993,"367 MİANOTTE","2599",20,"Nebim Kod: 24Y046367","Diğer","",""
3994,"368 MİANOTTE","3799",20,"Nebim Kod: 24Y046368","Diğer","",""
3995,"37002 MİARTE","2599",20,"Nebim Kod: 24Y04637002","Diğer","",""
3996,"5000 MİARTE","1799",80,"Nebim Kod: 24Y0465000","Diğer","",""
3997,"5001 MİARTE","1799",40,"Nebim Kod: 24Y0465001","Diğer","",""
3998,"5004 MİARTE","1799",40,"Nebim Kod: 24Y0465004","Diğer","",""
3999,"5008 MİARTE","1649",40,"Nebim Kod: 24Y0465008","Diğer","",""
4000,"5012 MİARTE","1349",40,"Nebim Kod: 24Y0465012","Diğer","",""
4001,"5016 MİARTE","1399",40,"Nebim Kod: 24Y0465016","Diğer","",""
4002,"5020 MİARTE","1649",80,"Nebim Kod: 24Y0465020","Diğer","",""
4003,"5021 MİARTE","1399",80,"Nebim Kod: 24Y0465021","Diğer","",""
4004,"5027 MİARTE","1399",40,"Nebim Kod: 24Y0465027","Diğer","",""
4005,"5032 MİARTE","1549",40,"Nebim Kod: 24Y0465032","Diğer","",""
4006,"5034 MİARTE","1549",40,"Nebim Kod: 24Y0465034","Diğer","",""
4007,"5036 MİARTE","1999",40,"Nebim Kod: 24Y0465036","Diğer","",""
4008,"5037 MİARTE","1949",40,"Nebim Kod: 24Y0465037","Diğer","",""
4009,"680 MİANOTTE","2159",20,"Nebim Kod: 24Y046680","Diğer","",""
4010,"681 MİANOTTE","1699",40,"Nebim Kod: 24Y046681","Diğer","",""
4011,"682 MİANOTTE","2999",40,"Nebim Kod: 24Y046682","Diğer","",""
4012,"683 MİANOTTE","2599",40,"Nebim Kod: 24Y046683","Diğer","",""
4013,"684 MİANOTTE","2749",40,"Nebim Kod: 24Y046684","Diğer","",""
4014,"685 MİANOTTE","1489",20,"Nebim Kod: 24Y046685","Diğer","",""
4015,"686 MİANOTTE","2749",20,"Nebim Kod: 24Y046686","Diğer","",""
4016,"687 MİANOTTE","2749",20,"Nebim Kod: 24Y046687","Diğer","",""
4017,"688 MİANOTTE","2599",20,"Nebim Kod: 24Y046688","Diğer","",""
4018,"690 MİANOTTE","2229",20,"Nebim Kod: 24Y046690","Diğer","",""
4019,"691 MİANOTTE","2899",20,"Nebim Kod: 24Y046691","Diğer","",""
4020,"692 MİANOTTE","2379",40,"Nebim Kod: 24Y046692","Diğer","",""
4021,"694 MİANOTTE","2799",20,"Nebim Kod: 24Y046694","Diğer","",""
4022,"695 MİANOTTE","3319",20,"Nebim Kod: 24Y046695","Diğer","",""
4023,"6950 MİANOTTE","2379",120,"Nebim Kod: 24Y0466950","Diğer","",""
4024,"6951 MİANOTTE","2899",80,"Nebim Kod: 24Y0466951","Diğer","",""
4025,"6952 MİANOTTE","3529",40,"Nebim Kod: 24Y0466952","Diğer","",""
4026,"6953 MİANOTTE","2499",80,"Nebim Kod: 24Y0466953","Diğer","",""
4027,"6954 MİANOTTE","1929",40,"Nebim Kod: 24Y0466954","Diğer","",""
4028,"6955 MİANOTTE","2379",80,"Nebim Kod: 24Y0466955","Diğer","",""
4029,"6956 MİANOTTE","2759",80,"Nebim Kod: 24Y0466956","Diğer","",""
4030,"6957 MİANOTTE","2999",80,"Nebim Kod: 24Y0466957","Diğer","",""
4031,"6958 MİANOTTE","2499",80,"Nebim Kod: 24Y0466958","Diğer","",""
4032,"6959 MİANOTTE","1559",80,"Nebim Kod: 24Y0466959","Diğer","",""
4033,"6960 MİANOTTE","4099",40,"Nebim Kod: 24Y0466960","Diğer","",""
4034,"6961 MİANOTTE","1339",40,"Nebim Kod: 24Y0466961","Diğer","",""
4035,"6962 MİANOTTE","2159",80,"Nebim Kod: 24Y0466962","Diğer","",""
4036,"6963 MİANOTTE","2499",40,"Nebim Kod: 24Y0466963","Diğer","",""
4037,"6964 MİANOTTE","2899",80,"Nebim Kod: 24Y0466964","Diğer","",""
4038,"6965 MİANOTTE","2499",40,"Nebim Kod: 24Y0466965","Diğer","",""
4039,"6966 MİANOTTE","2449",80,"Nebim Kod: 24Y0466966","Diğer","",""
4040,"6967 MİANOTTE","2379",40,"Nebim Kod: 24Y0466967","Diğer","",""
4041,"6969 MİANOTTE","2679",40,"Nebim Kod: 24Y0466969","Diğer","",""
4042,"6970 MİANOTTE","2079",40,"Nebim Kod: 24Y0466970","Diğer","",""
4043,"6971 MİANOTTE","2379",120,"Nebim Kod: 24Y0466971","Diğer","",""
4044,"6972 MİANOTTE","2229",120,"Nebim Kod: 24Y0466972","Diğer","",""
4045,"6973 MİANOTTE","2499",40,"Nebim Kod: 24Y0466973","Diğer","",""
4046,"6974 MİANOTTE","2159",80,"Nebim Kod: 24Y0466974","Diğer","",""
4047,"6975 MİANOTTE","3099",40,"Nebim Kod: 24Y0466975","Diğer","",""
4048,"6976 MİANOTTE","3099",80,"Nebim Kod: 24Y0466976","Diğer","",""
4049,"6977 MİANOTTE","3369",80,"Nebim Kod: 24Y0466977","Diğer","",""
4050,"6978 MİANOTTE","2499",40,"Nebim Kod: 24Y0466978","Diğer","",""
4051,"6979 MİANOTTE","2759",80,"Nebim Kod: 24Y0466979","Diğer","",""
4052,"6980 MİANOTTE","2499",80,"Nebim Kod: 24Y0466980","Diğer","",""
4053,"6982 MİANOTTE","2939",80,"Nebim Kod: 24Y0466982","Diğer","",""
4054,"720 MİANOTTE","3199",20,"Nebim Kod: 24Y046720","Diğer","",""
4055,"7700 MİANOTTE","3649",40,"Nebim Kod: 24Y0467700","Diğer","",""
4056,"7701 MİANOTTE","4389",80,"Nebim Kod: 24Y0467701","Diğer","",""
4057,"7702 MİANOTTE","3649",40,"Nebim Kod: 24Y0467702","Diğer","",""
4058,"7704 MİANOTTE","2899",40,"Nebim Kod: 24Y0467704","Diğer","",""
4059,"7705 MİANOTTE","4229",40,"Nebim Kod: 24Y0467705","Diğer","",""
4060,"8000 MİARTE","2499",40,"Nebim Kod: 24Y0468000","Diğer","",""
4061,"8001 MİARTE","3099",40,"Nebim Kod: 24Y0468001","Diğer","",""
4062,"8008 MİARTE","2149",80,"Nebim Kod: 24Y0468008","Diğer","",""
4063,"8010 MİARTE","2399",40,"Nebim Kod: 24Y0468010","Diğer","",""
4064,"8011 MİARTE","2899",40,"Nebim Kod: 24Y0468011","Diğer","",""
4065,"8014 MİARTE","2699",40,"Nebim Kod: 24Y0468014","Diğer","",""
4066,"8015 MİARTE","1999",40,"Nebim Kod: 24Y0468015","Diğer","",""
4067,"8290 MİANOTTE","3689",40,"Nebim Kod: 24Y0468290","Diğer","",""
4068,"8291 MİANOTTE","2679",80,"Nebim Kod: 24Y0468291","Diğer","",""
4069,"8292 MİANOTTE","3649",40,"Nebim Kod: 24Y0468292","Diğer","",""
4070,"8293 MİANOTTE","1399",80,"Nebim Kod: 24Y0468293","Diğer","",""
4071,"8294 MİANOTTE","2679",40,"Nebim Kod: 24Y0468294","Diğer","",""
4072,"8298 MİANOTTE","3799",80,"Nebim Kod: 24Y0468298","Diğer","",""
4073,"8299 MİANOTTE","3359",40,"Nebim Kod: 24Y0468299","Diğer","",""
4074,"901 MİANOTTE","3099",60,"Nebim Kod: 24Y046901","Diğer","",""
4075,"9501 MİARTE","3099",40,"Nebim Kod: 24Y0469501","Diğer","",""
4076,"9503 MİARTE","3199",80,"Nebim Kod: 24Y0469503","Diğer","",""
4077,"9504 MİARTE","2399",40,"Nebim Kod: 24Y0469504","Diğer","",""
4078,"9700 MİANOTTE","3649",120,"Nebim Kod: 24Y0469700","Diğer","",""
4079,"9701 MİANOTTE","4389",120,"Nebim Kod: 24Y0469701","Diğer","",""
4080,"9702 MİANOTTE","4389",80,"Nebim Kod: 24Y0469702","Diğer","",""
4081,"9703 MİANOTTE","4389",40,"Nebim Kod: 24Y0469703","Diğer","",""
4082,"9704 MİANOTTE","3559",80,"Nebim Kod: 24Y0469704","Diğer","",""
4083,"9705 MİANOTTE","4389",80,"Nebim Kod: 24Y0469705","Diğer","",""
4084,"9706 MİANOTTE","3269",40,"Nebim Kod: 24Y0469706","Diğer","",""
4085,"9707 MİANOTTE","4899",80,"Nebim Kod: 24Y0469707","Diğer","",""
4086,"9708 MİANOTTE","3099",80,"Nebim Kod: 24Y0469708","Diğer","",""
4087,"9709 MİANOTTE","3649",80,"Nebim Kod: 24Y0469709","Diğer","",""
4088,"9710 MİANOTTE","4389",80,"Nebim Kod: 24Y0469710","Diğer","",""
4089,"9711 MİANOTTE","2679",40,"Nebim Kod: 24Y0469711","Diğer","",""
4090,"9712 MİANOTTE","1929",40,"Nebim Kod: 24Y0469712","Diğer","",""
4091,"9713 MİANOTTE","5299",40,"Nebim Kod: 24Y0469713","Diğer","",""
4092,"9714 MİANOTTE","4389",40,"Nebim Kod: 24Y0469714","Diğer","",""
4093,"9715 MİANOTTE","4389",80,"Nebim Kod: 24Y0469715","Diğer","",""
4094,"9716 MİANOTTE","3099",80,"Nebim Kod: 24Y0469716","Diğer","",""
4095,"9717 MİANOTTE","2379",120,"Nebim Kod: 24Y0469717","Diğer","",""
4096,"9718 MİANOTTE","2899",120,"Nebim Kod: 24Y0469718","Diğer","",""
4097,"9719 MİANOTTE","2999",80,"Nebim Kod: 24Y0469719","Diğer","",""
4098,"9721 MİANOTTE","2799",120,"Nebim Kod: 24Y0469721","Diğer","",""
4099,"9722 MİANOTTE","3089",40,"Nebim Kod: 24Y0469722","Diğer","",""
4100,"9723 MİANOTTE","4229",80,"Nebim Kod: 24Y0469723","Diğer","",""
4101,"9724 MİANOTTE","4839",80,"Nebim Kod: 24Y0469724","Diğer","",""
4102,"9726 MİANOTTE","3799",80,"Nebim Kod: 24Y0469726","Diğer","",""
4103,"990 MİANOTTE","3649",20,"Nebim Kod: 24Y046990","Diğer","",""
4104,"991 MİANOTTE","3999",20,"Nebim Kod: 24Y046991","Diğer","",""
4105,"992 MİANOTTE","4749",40,"Nebim Kod: 24Y046992","Diğer","",""
4106,"993 MİANOTTE","4149",40,"Nebim Kod: 24Y046993","Diğer","",""
4107,"994 MİANOTTE","4749",40,"Nebim Kod: 24Y046994","Diğer","",""
4108,"995 MİANOTTE","2899",20,"Nebim Kod: 24Y046995","Diğer","",""
4109,"996 MİANOTTE","4749",20,"Nebim Kod: 24Y046996","Diğer","",""
4110,"998 MİANOTTE","4799",40,"Nebim Kod: 24Y046998","Diğer","",""
4111,"999 MİANOTTE","2599",40,"Nebim Kod: 24Y046999","Diğer","",""
4112,"2833 SESTO SENSO","11999",90,"Nebim Kod: 24Y0542833","Diğer","",""
4113,"2834 SESTO SENSO","10499",100,"Nebim Kod: 24Y0542834","Diğer","",""
4114,"2835 SESTO SENSO","5599",150,"Nebim Kod: 24Y0542835","Diğer","",""
4115,"2852 SESTO SENSO","8699",120,"Nebim Kod: 24Y0542852","Diğer","",""
4116,"2853 SESTO SENSO","8699",120,"Nebim Kod: 24Y0542853","Diğer","",""
4117,"2854 SESTO SENSO","13199",60,"Nebim Kod: 24Y0542854","Diğer","",""
4118,"2855 SESTO SENSO","9199",30,"Nebim Kod: 24Y0542855","Diğer","",""
4119,"2856 SESTO SENSO","9999",90,"Nebim Kod: 24Y0542856","Diğer","",""
4120,"2870 SESTO SENSO","7899",120,"Nebim Kod: 24Y0542870","Diğer","",""
4121,"2871 SESTO SENSO","10499",600,"Nebim Kod: 24Y0542871","Diğer","",""
4122,"2875 SESTO SENSO","8499",60,"Nebim Kod: 24Y0542875","Diğer","",""
4123,"2876 SESTO SENSO","10499",510,"Nebim Kod: 24Y0542876","Diğer","",""
4124,"2877 SESTO SENSO","9999",60,"Nebim Kod: 24Y0542877","Diğer","",""
4125,"2880 SESTO SENSO","12599",150,"Nebim Kod: 24Y0542880","Diğer","",""
4126,"2881 SESTO SENSO","10499",150,"Nebim Kod: 24Y0542881","Diğer","",""
4127,"2882 SESTO SENSO","10499",120,"Nebim Kod: 24Y0542882","Diğer","",""
4128,"2888 SESTO SENSO","11199",120,"Nebim Kod: 24Y0542888","Diğer","",""
4129,"2889 SESTO SENSO","12249",90,"Nebim Kod: 24Y0542889","Diğer","",""
4130,"2890 SESTO SENSO","11199",150,"Nebim Kod: 24Y0542890","Diğer","",""
4131,"2892 SESTO SENSO","11799",210,"Nebim Kod: 24Y0542892","Diğer","",""
4132,"2895 SESTO SENSO","9899",120,"Nebim Kod: 24Y0542895","Diğer","",""
4133,"2897 SESTO SENSO","3000",30,"Nebim Kod: 24Y0542897","Diğer","",""
4134,"2900 SESTO SENSO","10499",90,"Nebim Kod: 24Y0542900","Diğer","",""
4135,"2904 SESTO SENSO","9799",60,"Nebim Kod: 24Y0542904","Diğer","",""
4136,"2908 SESTO SENSO","10499",30,"Nebim Kod: 24Y0542908","Diğer","",""
4137,"2912 SESTO SENSO","11499",360,"Nebim Kod: 24Y0542912","Diğer","",""
4138,"2913 SESTO SENSO","10499",90,"Nebim Kod: 24Y0542913","Diğer","",""
4139,"2938 SESTO SENSO","12999",200,"Nebim Kod: 24Y0542938","Diğer","",""
4140,"2939 SESTO SENSO","12999",150,"Nebim Kod: 24Y0542939","Diğer","",""
4141,"2940 SESTO SENSO","9999",60,"Nebim Kod: 24Y0542940","Diğer","",""
4142,"2944 SESTO SENSO","15299",180,"Nebim Kod: 24Y0542944","Diğer","",""
4143,"2947 SESTO SENSO","9999",150,"Nebim Kod: 24Y0542947","Diğer","",""
4144,"2948 SESTO SENSO","9999",90,"Nebim Kod: 24Y0542948","Diğer","",""
4145,"2949 SESTO SENSO","9999",120,"Nebim Kod: 24Y0542949","Diğer","",""
4146,"2950 SESTO SENSO","9999",120,"Nebim Kod: 24Y0542950","Diğer","",""
4147,"2951 SESTO SENSO","9999",120,"Nebim Kod: 24Y0542951","Diğer","",""
4148,"2953 SESTO SENSO","9999",60,"Nebim Kod: 24Y0542953","Diğer","",""
4149,"2956 SESTO SENSO","9999",150,"Nebim Kod: 24Y0542956","Diğer","",""
4150,"2957 SESTO SENSO","11499",90,"Nebim Kod: 24Y0542957","Diğer","",""
4151,"2959 SESTO SENSO","10499",180,"Nebim Kod: 24Y0542959","Diğer","",""
4152,"2965 SESTO SENSO","11499",120,"Nebim Kod: 24Y0542965","Diğer","",""
4153,"2967 SESTO SENSO","12299",210,"Nebim Kod: 24Y0542967","Diğer","",""
4154,"2969 SESTO SENSO","19199",120,"Nebim Kod: 24Y0542969","Diğer","",""
4155,"2972 SESTO SENSO","8999",90,"Nebim Kod: 24Y0542972","Diğer","",""
4156,"2973 SESTO SENSO","11499",120,"Nebim Kod: 24Y0542973","Diğer","",""
4157,"2974 SESTO SENSO","10499",60,"Nebim Kod: 24Y0542974","Diğer","",""
4158,"2975 SESTO SENSO","12249",130,"Nebim Kod: 24Y0542975","Diğer","",""
4159,"2978 SESTO SENSO","10499",90,"Nebim Kod: 24Y0542978","Diğer","",""
4160,"2980 SESTO SENSO","10699",120,"Nebim Kod: 24Y0542980","Diğer","",""
4161,"2982 SESTO SENSO","10699",90,"Nebim Kod: 24Y0542982","Diğer","",""
4162,"2987 SESTO SENSO","10499",90,"Nebim Kod: 24Y0542987","Diğer","",""
4163,"2989 SESTO SENSO","3000",60,"Nebim Kod: 24Y0542989","Diğer","",""
4164,"2990 SESTO SENSO","12299",120,"Nebim Kod: 24Y0542990","Diğer","",""
4165,"453 SESTO SENSO","5199",120,"Nebim Kod: 24Y054453","Diğer","",""
4166,"467 SESTO SENSO","5199",120,"Nebim Kod: 24Y054467","Diğer","",""
4167,"468 SESTO SENSO","6499",80,"Nebim Kod: 24Y054468","Diğer","",""
4168,"469 SESTO SENSO","8499",30,"Nebim Kod: 24Y054469","Diğer","",""
4169,"16010 SAY TEKSTİL","7900",30,"Nebim Kod: 24Y06216010","Diğer","",""
4170,"18056 SAY TEKSTİL","9900",30,"Nebim Kod: 24Y06218056","Diğer","",""
4171,"18062 SAY TEKSTİL","9999",90,"Nebim Kod: 24Y06218062","Diğer","",""
4172,"18073 SAY TEKSTİL","12500",80,"Nebim Kod: 24Y06218073","Diğer","",""
4173,"18077 SAY TEKSTİL","7900",30,"Nebim Kod: 24Y06218077","Diğer","",""
4174,"21019 SAY TEKSTİL","4500",40,"Nebim Kod: 24Y06221019","Diğer","",""
4175,"21031 SAY TEKSTİL","3950",40,"Nebim Kod: 24Y06221031","Diğer","",""
4176,"22007 SAY TEKSTİL","5900",30,"Nebim Kod: 24Y06222007","Diğer","",""
4177,"22018 SAY TEKSTİL","5900",30,"Nebim Kod: 24Y06222018","Diğer","",""
4178,"23012 SAY TEKSTİL","3900",40,"Nebim Kod: 24Y06223012","Diğer","",""
4179,"23035 SAY TEKSTİL","3300",40,"Nebim Kod: 24Y06223035","Diğer","",""
4180,"24014 SAY TEKSTİL","3790",40,"Nebim Kod: 24Y06224014","Diğer","",""
4181,"25019 SAY TEKSTİL","7900",30,"Nebim Kod: 24Y06225019","Diğer","",""
4182,"25028 SAY TEKSTİL","6900",40,"Nebim Kod: 24Y06225028","Diğer","",""
4183,"25035 SAY TEKSTİL","6900",80,"Nebim Kod: 24Y06225035","Diğer","",""
4184,"28010 SAY TEKSTİL","8900",30,"Nebim Kod: 24Y06228010","Diğer","",""
4185,"102 LAMARKINE","2899",30,"Nebim Kod: 24Y065102","Diğer","",""
4186,"118 LAMARKINE","2699",30,"Nebim Kod: 24Y065118","Diğer","",""
4187,"121 LAMARKİNE","2999",60,"Nebim Kod: 24Y065121","Diğer","",""
4188,"123 LAMARKİNE","2099",90,"Nebim Kod: 24Y065123","Diğer","",""
4189,"126 LAMARKINE","2499",30,"Nebim Kod: 24Y065126","Diğer","",""
4190,"130 LAMARKİNE","2799",30,"Nebim Kod: 24Y065130","Diğer","",""
4191,"133 LAMARKİNE","2499",90,"Nebim Kod: 24Y065133","Diğer","",""
4192,"140 LAMARKINE","3249",30,"Nebim Kod: 24Y065140","Diğer","",""
4193,"141 LAMARKINE","3399",30,"Nebim Kod: 24Y065141","Diğer","",""
4194,"158 LAMARKİNE","2999",90,"Nebim Kod: 24Y065158","Diğer","",""
4195,"168 LAMARKİNE","3599",30,"Nebim Kod: 24Y065168","Diğer","",""
4196,"189 LAMARKİNE","2999",60,"Nebim Kod: 24Y065189","Diğer","",""
4197,"191 LAMARKİNE","3599",60,"Nebim Kod: 24Y065191","Diğer","",""
4198,"198 LAMARKİNE","3599",30,"Nebim Kod: 24Y065198","Diğer","",""
4199,"212 LAMARKİNE","3299",30,"Nebim Kod: 24Y065212","Diğer","",""
4200,"221 LAMARKİNE","2399",60,"Nebim Kod: 24Y065221","Diğer","",""
4201,"222 LAMARKİNE","2249",90,"Nebim Kod: 24Y065222","Diğer","",""
4202,"225 LAMARKİNE","2399",30,"Nebim Kod: 24Y065225","Diğer","",""
4203,"226 LAMARKINE","2249",30,"Nebim Kod: 24Y065226","Diğer","",""
4204,"2324 LAMARKİNE","2799",60,"Nebim Kod: 24Y0652324","Diğer","",""
4205,"236 LAMARKINE","2249",30,"Nebim Kod: 24Y065236","Diğer","",""
4206,"239 LAMARKİNE","2999",90,"Nebim Kod: 24Y065239","Diğer","",""
4207,"240 LAMARKINE","3399",60,"Nebim Kod: 24Y065240","Diğer","",""
4208,"243 LAMARKINE","2249",60,"Nebim Kod: 24Y065243","Diğer","",""
4209,"244 LAMARKINE","2199",30,"Nebim Kod: 24Y065244","Diğer","",""
4210,"247 LAMARKİNE","3049",90,"Nebim Kod: 24Y065247","Diğer","",""
4211,"2477 LAMARKINE","2699",60,"Nebim Kod: 24Y0652477","Diğer","",""
4212,"3260 LAMARKINE","2999",30,"Nebim Kod: 24Y0653260","Diğer","",""
4213,"3360 LAMARKINE","2899",60,"Nebim Kod: 24Y0653360","Diğer","",""
4214,"3561 LAMARKİNE","3399",60,"Nebim Kod: 24Y0653561","Diğer","",""
4215,"5840 LAMARKINE","2199",30,"Nebim Kod: 24Y0655840","Diğer","",""
4216,"9013 LAMARKINE","2099",30,"Nebim Kod: 24Y0659013","Diğer","",""
4217,"9509 LAMARKİNE","2799",60,"Nebim Kod: 24Y0659509","Diğer","",""
4218,"6009 RENGİN","10799",60,"Nebim Kod: 24Y0716009","Diğer","",""
4219,"6176 RENGİN","6999",160,"Nebim Kod: 24Y0716176","Diğer","",""
4220,"6179 RENGİN","7999",120,"Nebim Kod: 24Y0716179","Diğer","",""
4221,"6181 RENGİN","8999",60,"Nebim Kod: 24Y0716181","Diğer","",""
4222,"6191 RENGİN","5999",200,"Nebim Kod: 24Y0716191","Diğer","",""
4223,"6192 RENGİN","5999",80,"Nebim Kod: 24Y0716192","Diğer","",""
4224,"6193 RENGİN","5999",80,"Nebim Kod: 24Y0716193","Diğer","",""
4225,"6195 RENGİN","5999",40,"Nebim Kod: 24Y0716195","Diğer","",""
4226,"6198 RENGİN","4999",40,"Nebim Kod: 24Y0716198","Diğer","",""
4227,"6200 RENGİN","6999",80,"Nebim Kod: 24Y0716200","Diğer","",""
4228,"6204 RENGİN","5999",240,"Nebim Kod: 24Y0716204","Diğer","",""
4229,"6207 RENGİN","6999",40,"Nebim Kod: 24Y0716207","Diğer","",""
4230,"6227 RENGİN","4999",180,"Nebim Kod: 24Y0716227","Diğer","",""
4231,"6232 RENGİN","4999",180,"Nebim Kod: 24Y0716232","Diğer","",""
4232,"6240 RENGİN","5999",80,"Nebim Kod: 24Y0716240","Diğer","",""
4233,"6241 RENGİN","5999",40,"Nebim Kod: 24Y0716241","Diğer","",""
4234,"6243 RENGİN","7999",80,"Nebim Kod: 24Y0716243","Diğer","",""
4235,"6247 RENGİN","5999",80,"Nebim Kod: 24Y0716247","Diğer","",""
4236,"6248 RENGİN","6999",80,"Nebim Kod: 24Y0716248","Diğer","",""
4237,"6253 RENGİN","6999",80,"Nebim Kod: 24Y0716253","Diğer","",""
4238,"6255 RENGİN","6999",40,"Nebim Kod: 24Y0716255","Diğer","",""
4239,"6257 RENGİN","6999",40,"Nebim Kod: 24Y0716257","Diğer","",""
4240,"6263 RENGİN","12499",60,"Nebim Kod: 24Y0716263","Diğer","",""
4241,"6266 RENGİN","7999",30,"Nebim Kod: 24Y0716266","Diğer","",""
4242,"6272 RENGİN","7999",40,"Nebim Kod: 24Y0716272","Diğer","",""
4243,"6275X RENGİN","4999",30,"Nebim Kod: 24Y0716275X","Diğer","",""
4244,"6282 RENGİN","7999",40,"Nebim Kod: 24Y0716282","Diğer","",""
4245,"7012 RENGİN","6799",120,"Nebim Kod: 24Y0717012","Diğer","",""
4246,"7235 RENGİN","3999",120,"Nebim Kod: 24Y0717235","Diğer","",""
4247,"7246 RENGİN","3999",200,"Nebim Kod: 24Y0717246","Diğer","",""
4248,"7250 RENGİN","3999",160,"Nebim Kod: 24Y0717250","Diğer","",""
4249,"7253 RENGİN","3999",200,"Nebim Kod: 24Y0717253","Diğer","",""
4250,"7256 RENGİN","3999",80,"Nebim Kod: 24Y0717256","Diğer","",""
4251,"7259 RENGİN","4999",90,"Nebim Kod: 24Y0717259","Diğer","",""
4252,"7260 RENGİN","6999",80,"Nebim Kod: 24Y0717260","Diğer","",""
4253,"7262 RENGİN","3999",80,"Nebim Kod: 24Y0717262","Diğer","",""
4254,"7266 RENGİN","3999",80,"Nebim Kod: 24Y0717266","Diğer","",""
4255,"7267 RENGİN","3999",80,"Nebim Kod: 24Y0717267","Diğer","",""
4256,"7269 RENGİN","4999",40,"Nebim Kod: 24Y0717269","Diğer","",""
4257,"7278 RENGİN","3999",80,"Nebim Kod: 24Y0717278","Diğer","",""
4258,"7280 RENGİN","5999",80,"Nebim Kod: 24Y0717280","Diğer","",""
4259,"7284 RENGİN","5699",120,"Nebim Kod: 24Y0717284","Diğer","",""
4260,"7289 RENGİN","5999",80,"Nebim Kod: 24Y0717289","Diğer","",""
4261,"7291 RENGİN","3999",80,"Nebim Kod: 24Y0717291","Diğer","",""
4262,"7296 RENGİN","5999",150,"Nebim Kod: 24Y0717296","Diğer","",""
4263,"7299 RENGİN","5999",80,"Nebim Kod: 24Y0717299","Diğer","",""
4264,"7300 RENGİN","5999",40,"Nebim Kod: 24Y0717300","Diğer","",""
4265,"7302 RENGİN","5999",40,"Nebim Kod: 24Y0717302","Diğer","",""
4266,"7304 RENGİN","5999",120,"Nebim Kod: 24Y0717304","Diğer","",""
4267,"7307 RENGİN","5999",80,"Nebim Kod: 24Y0717307","Diğer","",""
4268,"7308 RENGİN","3999",100,"Nebim Kod: 24Y0717308","Diğer","",""
4269,"7310 RENGİN","3999",40,"Nebim Kod: 24Y0717310","Diğer","",""
4270,"7311 RENGİN","3999",40,"Nebim Kod: 24Y0717311","Diğer","",""
4271,"7316 RENGİN","5999",80,"Nebim Kod: 24Y0717316","Diğer","",""
4272,"7318 RENGİN","7999",40,"Nebim Kod: 24Y0717318","Diğer","",""
4273,"7321 RENGİN","5999",80,"Nebim Kod: 24Y0717321","Diğer","",""
4274,"18069 EXPLOSİON","1699",40,"Nebim Kod: 24Y07618069","Diğer","",""
4275,"18091 EXPLOSİON","1899",120,"Nebim Kod: 24Y07618091","Diğer","",""
4276,"18110 EXPLOSİON","2299",80,"Nebim Kod: 24Y07618110","Diğer","",""
4277,"18110B EXPLOSİON","2299",10,"Nebim Kod: 24Y07618110BORA42","Diğer","",""
4278,"18110B EXPLOSİON","2299",10,"Nebim Kod: 24Y07618110BORA44","Diğer","",""
4279,"18110B EXPLOSİON","2299",10,"Nebim Kod: 24Y07618110BORA46","Diğer","",""
4280,"18110B EXPLOSİON","2299",10,"Nebim Kod: 24Y07618110BORA48","Diğer","",""
4281,"18110B EXPLOSİON","2299",10,"Nebim Kod: 24Y07618110BYEŞ42","Diğer","",""
4282,"18110B EXPLOSİON","2299",10,"Nebim Kod: 24Y07618110BYEŞ44","Diğer","",""
4283,"18110B EXPLOSİON","2299",10,"Nebim Kod: 24Y07618110BYEŞ46","Diğer","",""
4284,"18110B EXPLOSİON","2299",10,"Nebim Kod: 24Y07618110BYEŞ48","Diğer","",""
4285,"18111 EXPLOSİON","1899",40,"Nebim Kod: 24Y07618111","Diğer","",""
4286,"18113 EXPLOSİON","1999",120,"Nebim Kod: 24Y07618113","Diğer","",""
4287,"18114 EXPLOSİON","1999",80,"Nebim Kod: 24Y07618114","Diğer","",""
4288,"18115 EXPLOSİON","2299",80,"Nebim Kod: 24Y07618115","Diğer","",""
4289,"18126 EXPLOSİON","1899",40,"Nebim Kod: 24Y07618126","Diğer","",""
4290,"18159 EXPLOSİON","1899",40,"Nebim Kod: 24Y07618159","Diğer","",""
4291,"18161 EXPLOSİON","1899",120,"Nebim Kod: 24Y07618161","Diğer","",""
4292,"18162 EXPLOSİON","1699",160,"Nebim Kod: 24Y07618162","Diğer","",""
4293,"18162B EXPLOSİON","1699",10,"Nebim Kod: 24Y07618162BBLC42","Diğer","",""
4294,"18162B EXPLOSİON","1699",10,"Nebim Kod: 24Y07618162BBLC44","Diğer","",""
4295,"18162B EXPLOSİON","1699",10,"Nebim Kod: 24Y07618162BBLC46","Diğer","",""
4296,"18162B EXPLOSİON","1699",10,"Nebim Kod: 24Y07618162BBLC48","Diğer","",""
4297,"18169 EXPLOSİON","1699",40,"Nebim Kod: 24Y07618169","Diğer","",""
4298,"18182B EXPLOSİON","1999",10,"Nebim Kod: 24Y07618182BPNK42","Diğer","",""
4299,"18182B EXPLOSİON","1999",10,"Nebim Kod: 24Y07618182BPNK44","Diğer","",""
4300,"18182B EXPLOSİON","1999",10,"Nebim Kod: 24Y07618182BPNK46","Diğer","",""
4301,"18182B EXPLOSİON","1999",10,"Nebim Kod: 24Y07618182BPNK48","Diğer","",""
4302,"18195 EXPLOSİON","2299",40,"Nebim Kod: 24Y07618195","Diğer","",""
4303,"22313 EXPLOSİON","2299",40,"Nebim Kod: 24Y07622313","Diğer","",""
4304,"22323 EXPLOSİON","1699",40,"Nebim Kod: 24Y07622323","Diğer","",""
4305,"42434 EXPLOSİON","2299",40,"Nebim Kod: 24Y07642434","Diğer","",""
4306,"42442 EXPLOSİON","2299",40,"Nebim Kod: 24Y07642442","Diğer","",""
4307,"42444 EXPLOSİON","2299",40,"Nebim Kod: 24Y07642444","Diğer","",""
4308,"42451 EXPLOSİON","2299",80,"Nebim Kod: 24Y07642451","Diğer","",""
4309,"42453 EXPLOSİON","2299",40,"Nebim Kod: 24Y07642453","Diğer","",""
4310,"42455 EXPLOSİON","1699",40,"Nebim Kod: 24Y07642455","Diğer","",""
4311,"42456 EXPLOSİON","2299",80,"Nebim Kod: 24Y07642456","Diğer","",""
4312,"42456 EXPLOSİON","1999",10,"Nebim Kod: 24Y07642456BORA42","Diğer","",""
4313,"42456 EXPLOSİON","1999",10,"Nebim Kod: 24Y07642456BORA44","Diğer","",""
4314,"42456 EXPLOSİON","1999",10,"Nebim Kod: 24Y07642456BORA46","Diğer","",""
4315,"42456 EXPLOSİON","1999",10,"Nebim Kod: 24Y07642456BORA48","Diğer","",""
4316,"42456 EXPLOSİON","1999",10,"Nebim Kod: 24Y07642456BYEŞ42","Diğer","",""
4317,"42456 EXPLOSİON","1999",10,"Nebim Kod: 24Y07642456BYEŞ44","Diğer","",""
4318,"42456 EXPLOSİON","1999",10,"Nebim Kod: 24Y07642456BYEŞ46","Diğer","",""
4319,"42456 EXPLOSİON","1999",10,"Nebim Kod: 24Y07642456BYEŞ48","Diğer","",""
4320,"42461B EXPLOSİON","1999",10,"Nebim Kod: 24Y07642461BKAH42","Diğer","",""
4321,"42461B EXPLOSİON","1999",10,"Nebim Kod: 24Y07642461BKAH44","Diğer","",""
4322,"42461B EXPLOSİON","1999",10,"Nebim Kod: 24Y07642461BKAH46","Diğer","",""
4323,"42461B EXPLOSİON","1999",10,"Nebim Kod: 24Y07642461BKAH48","Diğer","",""
4324,"42470 EXPLOSİON","2299",40,"Nebim Kod: 24Y07642470","Diğer","",""
4325,"42482 EXPLOSİON","1999",80,"Nebim Kod: 24Y07642482","Diğer","",""
4326,"42483 EXPLOSİON","1999",120,"Nebim Kod: 24Y07642483","Diğer","",""
4327,"42487 EXPLOSİON","1699",40,"Nebim Kod: 24Y07642487","Diğer","",""
4328,"42489 EXPLOSİON","2299",80,"Nebim Kod: 24Y07642489","Diğer","",""
4329,"42492 EXPLOSİON","2299",40,"Nebim Kod: 24Y07642492","Diğer","",""
4330,"42496 EXPLOSİON","2299",40,"Nebim Kod: 24Y07642496","Diğer","",""
4331,"42499 EXPLOSİON","2299",40,"Nebim Kod: 24Y07642499","Diğer","",""
4332,"57512 EXPLOSİON","4499",40,"Nebim Kod: 24Y07657512","Diğer","",""
4333,"57522 EXPLOSİON","2999",40,"Nebim Kod: 24Y07657522","Diğer","",""
4334,"57525 EXPLOSİON","2799",80,"Nebim Kod: 24Y07657525","Diğer","",""
4335,"57590 EXPLOSİON","4499",40,"Nebim Kod: 24Y07657590","Diğer","",""
4336,"57619 EXPLOSİON","3199",40,"Nebim Kod: 24Y07657619","Diğer","",""
4337,"57643 EXPLOSİON","2299",40,"Nebim Kod: 24Y07657643","Diğer","",""
4338,"57658 EXPLOSİON","3199",40,"Nebim Kod: 24Y07657658","Diğer","",""
4339,"57663 EXPLOSİON","4499",40,"Nebim Kod: 24Y07657663","Diğer","",""
4340,"62270 EXPLOSİON","3599",40,"Nebim Kod: 24Y07662270","Diğer","",""
4341,"62271 EXPLOSİON","3599",40,"Nebim Kod: 24Y07662271","Diğer","",""
4342,"72265 EXPLOSİON","3699",40,"Nebim Kod: 24Y07672265","Diğer","",""
4343,"80012 EXPLOSİON","3999",40,"Nebim Kod: 24Y07680012","Diğer","",""
4344,"8060 EXPLOSİON","1299",10,"Nebim Kod: 24Y0768060","Diğer","",""
4345,"8061 EXPLOSION","999",10,"Nebim Kod: 24Y0768061","Diğer","",""
4346,"8062 EXPLOSİON","1299",10,"Nebim Kod: 24Y0768062","Diğer","",""
4347,"8137 EXPLOSİON","1299",10,"Nebim Kod: 24Y0768137","Diğer","",""
4348,"8138 EXPLOSİON","1299",30,"Nebim Kod: 24Y0768138","Diğer","",""
4349,"8140 EXPLOSİON","1299",30,"Nebim Kod: 24Y0768140","Diğer","",""
4350,"8143 EXPLOSİON","1999",10,"Nebim Kod: 24Y0768143","Diğer","",""
4351,"8146 EXPLOSİON","1999",10,"Nebim Kod: 24Y0768146","Diğer","",""
4352,"8160 EXPLOSİON","1799",10,"Nebim Kod: 24Y0768160","Diğer","",""
4353,"8180 EXPLOSİON","1799",40,"Nebim Kod: 24Y0768180","Diğer","",""
4354,"8181 EXPLOSİON","1799",40,"Nebim Kod: 24Y0768181","Diğer","",""
4355,"8182 EXPLOSİON","1799",20,"Nebim Kod: 24Y0768182","Diğer","",""
4356,"8183 EXPLOSION","1799",10,"Nebim Kod: 24Y0768183","Diğer","",""
4357,"8184 EXPLOSİON","1799",10,"Nebim Kod: 24Y0768184","Diğer","",""
4358,"8185 EXPLOSİON","1299",40,"Nebim Kod: 24Y0768185","Diğer","",""
4359,"8187 EXPLOSION","1799",20,"Nebim Kod: 24Y0768187","Diğer","",""
4360,"8188 EXPLOSİON","1799",40,"Nebim Kod: 24Y0768188","Diğer","",""
4361,"8189 EXPLOSİON","1799",50,"Nebim Kod: 24Y0768189","Diğer","",""
4362,"8190 EXPLOSİON","1799",10,"Nebim Kod: 24Y0768190","Diğer","",""
4363,"8191 EXPLOSİON","1799",70,"Nebim Kod: 24Y0768191","Diğer","",""
4364,"8192 EXPLOSİON","1299",110,"Nebim Kod: 24Y0768192","Diğer","",""
4365,"8194 EXPLOSİON","1999",10,"Nebim Kod: 24Y0768194","Diğer","",""
4366,"8195 EXPLOSİON","2999",10,"Nebim Kod: 24Y0768195","Diğer","",""
4367,"8196 EXPLOSİON","2999",10,"Nebim Kod: 24Y0768196","Diğer","",""
4368,"8197 EXPLOSİON","2999",20,"Nebim Kod: 24Y0768197","Diğer","",""
4369,"8198 EXPLOSİON","2999",10,"Nebim Kod: 24Y0768198","Diğer","",""
4370,"8204 EXPLOSİON","2999",10,"Nebim Kod: 24Y0768204","Diğer","",""
4371,"8225 EXPLOSİON","2099",30,"Nebim Kod: 24Y0768225","Diğer","",""
4372,"8226 EXPLOSİON","2099",30,"Nebim Kod: 24Y0768226","Diğer","",""
4373,"8227 EXPLOSİON","2099",40,"Nebim Kod: 24Y0768227","Diğer","",""
4374,"8228 EXPLOSİON","1899",30,"Nebim Kod: 24Y0768228","Diğer","",""
4375,"8229 EXPLOSİON","2099",30,"Nebim Kod: 24Y0768229","Diğer","",""
4376,"4158 JUPE","1199",40,"Nebim Kod: 24Y0784158","Diğer","",""
4377,"4159 JUPE","1999",120,"Nebim Kod: 24Y0784159","Diğer","",""
4378,"4160 JUPE","2499",120,"Nebim Kod: 24Y0784160","Diğer","",""
4379,"7200 JUPE","1199",80,"Nebim Kod: 24Y0787200","Diğer","",""
4380,"7202 JUPE","1199",80,"Nebim Kod: 24Y0787202","Diğer","",""
4381,"8392 JUPE","2399",80,"Nebim Kod: 24Y0788392","Diğer","",""
4382,"8409 JUPE","2999",120,"Nebim Kod: 24Y0788409","Diğer","",""
4383,"8418 JUPE","2999",80,"Nebim Kod: 24Y0788418","Diğer","",""
4384,"8422 JUPE","3599",80,"Nebim Kod: 24Y0788422","Diğer","",""
4385,"9009 JUPE","2999",40,"Nebim Kod: 24Y0789009","Diğer","",""
4386,"9202 JUPE","1999",80,"Nebim Kod: 24Y0789202","Diğer","",""
4387,"9206 JUPE","1999",80,"Nebim Kod: 24Y0789206","Diğer","",""
4388,"BŞ500 BRIDEN","799",10,"Nebim Kod: 24Y079BŞ500","Diğer","",""
4389,"EL500 BRIDEN","799",10,"Nebim Kod: 24Y079EL500","Diğer","",""
4390,"KŞ500 BRIDEN","799",10,"Nebim Kod: 24Y079KŞ500","Diğer","",""
4391,"ÖS500 BRIDEN","2399",10,"Nebim Kod: 24Y079ÖS500","Diğer","",""
4392,"ÖSŞ500 BRIDEN","799",10,"Nebim Kod: 24Y079ÖSŞ500","Diğer","",""
4393,"T500 BRIDEN","799",10,"Nebim Kod: 24Y079T500","Diğer","",""
4394,"1015 SO LADY","3999",80,"Nebim Kod: 24Y0811015","Diğer","",""
4395,"1048 SO LADY","9699",130,"Nebim Kod: 24Y0811048","Diğer","",""
4396,"1049 SO LADY","6899",120,"Nebim Kod: 24Y0811049","Diğer","",""
4397,"1079 SO LADY","9499",80,"Nebim Kod: 24Y0811079","Diğer","",""
4398,"1085 SO LADY","9699",80,"Nebim Kod: 24Y0811085","Diğer","",""
4399,"2000 SO LADY","9499",120,"Nebim Kod: 24Y0812000","Diğer","",""
4400,"2001 SO LADY","9499",100,"Nebim Kod: 24Y0812001","Diğer","",""
4401,"2007 SO LADY","9499",180,"Nebim Kod: 24Y0812007","Diğer","",""
4402,"2009 SO LADY","9499",120,"Nebim Kod: 24Y0812009","Diğer","",""
4403,"2010 SO LADY","6999",200,"Nebim Kod: 24Y0812010","Diğer","",""
4404,"2011 SO LADY","9499",60,"Nebim Kod: 24Y0812011","Diğer","",""
4405,"2014 SO LADY","9699",120,"Nebim Kod: 24Y0812014","Diğer","",""
4406,"2018 SO LADY","8699",100,"Nebim Kod: 24Y0812018","Diğer","",""
4407,"2026 SO LADY","9499",80,"Nebim Kod: 24Y0812026","Diğer","",""
4408,"2034 SO LADY","11899",40,"Nebim Kod: 24Y0812034","Diğer","",""
4409,"2042 SO LADY","9499",160,"Nebim Kod: 24Y0812042","Diğer","",""
4410,"2044 SO LADY","9499",170,"Nebim Kod: 24Y0812044","Diğer","",""
4411,"2045 SO LADY","10999",80,"Nebim Kod: 24Y0812045","Diğer","",""
4412,"2046 SO LADY","9499",80,"Nebim Kod: 24Y0812046","Diğer","",""
4413,"2051 SO LADY","12999",180,"Nebim Kod: 24Y0812051","Diğer","",""
4414,"2057 SO LADY","8699",120,"Nebim Kod: 24Y0812057","Diğer","",""
4415,"2059 SO LADY","13299",40,"Nebim Kod: 24Y0812059","Diğer","",""
4416,"2062 SO LADY","9099",100,"Nebim Kod: 24Y0812062","Diğer","",""
4417,"2066 SO LADY","14999",60,"Nebim Kod: 24Y0812066","Diğer","",""
4418,"2068 SO LADY","9499",150,"Nebim Kod: 24Y0812068","Diğer","",""
4419,"2075 SO LADY","9499",150,"Nebim Kod: 24Y0812075","Diğer","",""
4420,"2076 SO LADY","11899",60,"Nebim Kod: 24Y0812076","Diğer","",""
4421,"2078 SO LADY","11899",90,"Nebim Kod: 24Y0812078","Diğer","",""
4422,"2086 SO LADY","9299",40,"Nebim Kod: 24Y0812086","Diğer","",""
4423,"2091 SO LADY","7999",110,"Nebim Kod: 24Y0812091","Diğer","",""
4424,"2099 SO LADY","9699",30,"Nebim Kod: 24Y0812099","Diğer","",""
4425,"7017 SO LADY","6199",110,"Nebim Kod: 24Y0817017","Diğer","",""
4426,"9037 SO LADY","9499",30,"Nebim Kod: 24Y0819037","Diğer","",""
4427,"9098 SO LADY","7999",110,"Nebim Kod: 24Y0819098","Diğer","",""
4428,"1016 ORHAN TEKSTİL","2999",40,"Nebim Kod: 24Y0821016","Diğer","",""
4429,"1076 ORHAN TEKSTİL","999",100,"Nebim Kod: 24Y0821076","Diğer","",""
4430,"1077 ORHAN TEKSTİ","1999",80,"Nebim Kod: 24Y0821077","Diğer","",""
4431,"1091 ORHAN TEKSTİ","1499",160,"Nebim Kod: 24Y0821091","Diğer","",""
4432,"1105 ORHAN TEKSTİ","3599",30,"Nebim Kod: 24Y0821105","Diğer","",""
4433,"1151 ORHAN TEKSTİ","2999",30,"Nebim Kod: 24Y0821151","Diğer","",""
4434,"1192 ORHAN TEKSTİ","2999",30,"Nebim Kod: 24Y0821192","Diğer","",""
4435,"1200 ORHAN TEKSTİL","1999",30,"Nebim Kod: 24Y0821200","Diğer","",""
4436,"1404 ORHAN TEKSTİL","4999",120,"Nebim Kod: 24Y0821404","Diğer","",""
4437,"1444 ORHAN TEKSTİL","4999",80,"Nebim Kod: 24Y0821444","Diğer","",""
4438,"1966 ORHAN TEKSTİL","4999",40,"Nebim Kod: 24Y0821966","Diğer","",""
4439,"1986 ORHAN TEKSTİL","4999",40,"Nebim Kod: 24Y0821986","Diğer","",""
4440,"1992 ORHAN TEKSTİL","6999",80,"Nebim Kod: 24Y0821992","Diğer","",""
4441,"1995 ORHAN TEKSTİL","4999",40,"Nebim Kod: 24Y0821995","Diğer","",""
4442,"2012 ORHAN TEKSTİL","4999",40,"Nebim Kod: 24Y0822012","Diğer","",""
4443,"2013 ORHAN TEKSTİ","4999",30,"Nebim Kod: 24Y0822013","Diğer","",""
4444,"2017 ORHAN TEKSTİL","4999",30,"Nebim Kod: 24Y0822017","Diğer","",""
4445,"2018 ORHAN TEKSTİL","2999",40,"Nebim Kod: 24Y0822018","Diğer","",""
4446,"2024 ORHAN TEKSTİL","4999",40,"Nebim Kod: 24Y0822024","Diğer","",""
4447,"2055 ORHAN TEKSTİL","4999",120,"Nebim Kod: 24Y0822055","Diğer","",""
4448,"2080 ORHAN TEKSTİL","4999",80,"Nebim Kod: 24Y0822080","Diğer","",""
4449,"11009 FEVER","3499",20,"Nebim Kod: 24Y08711009","Diğer","",""
4450,"11011 FEVER","3999",40,"Nebim Kod: 24Y08711011","Diğer","",""
4451,"11012 FEVER","4399",20,"Nebim Kod: 24Y08711012","Diğer","",""
4452,"12002 FEVER","1499",40,"Nebim Kod: 24Y08712002","Diğer","",""
4453,"12004 FEVER","1649",40,"Nebim Kod: 24Y08712004","Diğer","",""
4454,"12006 FEVER","1949",80,"Nebim Kod: 24Y08712006","Diğer","",""
4455,"12007 FEVER","2149",40,"Nebim Kod: 24Y08712007","Diğer","",""
4456,"12010 FEVER","2899",40,"Nebim Kod: 24Y08712010","Diğer","",""
4457,"12016 FEVER","2199",40,"Nebim Kod: 24Y08712016","Diğer","",""
4458,"12017 FEVER","2299",80,"Nebim Kod: 24Y08712017","Diğer","",""
4459,"12018 FEVER","2149",40,"Nebim Kod: 24Y08712018","Diğer","",""
4460,"12020 FEVER","2299",40,"Nebim Kod: 24Y08712020","Diğer","",""
4461,"12022 FEVER","1999",80,"Nebim Kod: 24Y08712022","Diğer","",""
4462,"12035 FEVER","1699",40,"Nebim Kod: 24Y08712035","Diğer","",""
4463,"12037 FEVER","2899",40,"Nebim Kod: 24Y08712037","Diğer","",""
4464,"12043 FEVER","2999",40,"Nebim Kod: 24Y08712043","Diğer","",""
4465,"12044 FEVER","2399",40,"Nebim Kod: 24Y08712044","Diğer","",""
4466,"12045 FEVER","1999",40,"Nebim Kod: 24Y08712045","Diğer","",""
4467,"12051 FEVER","2399",120,"Nebim Kod: 24Y08712051","Diğer","",""
4468,"12054 FEVER","1599",80,"Nebim Kod: 24Y08712054","Diğer","",""
4469,"12067 FEVER","1949",40,"Nebim Kod: 24Y08712067","Diğer","",""
4470,"12069 FEVER","2199",40,"Nebim Kod: 24Y08712069","Diğer","",""
4471,"12070 FEVER","2549",40,"Nebim Kod: 24Y08712070","Diğer","",""
4472,"12071 FEVER","1699",40,"Nebim Kod: 24Y08712071","Diğer","",""
4473,"14003 FEVER","1399",40,"Nebim Kod: 24Y08714003","Diğer","",""
4474,"14008 FEVER","1399",40,"Nebim Kod: 24Y08714008","Diğer","",""
4475,"14017 FEVER","2299",80,"Nebim Kod: 24Y08714017","Diğer","",""
4476,"14022 FEVER","1499",240,"Nebim Kod: 24Y08714022","Diğer","",""
4477,"14025 FEVER","2499",120,"Nebim Kod: 24Y08714025","Diğer","",""
4478,"14047 FEVER","1899",40,"Nebim Kod: 24Y08714047","Diğer","",""
4479,"14050 FEVER","1449",40,"Nebim Kod: 24Y08714050","Diğer","",""
4480,"14051 FEVER","1599",40,"Nebim Kod: 24Y08714051","Diğer","",""
4481,"14052 FEVER","1899",40,"Nebim Kod: 24Y08714052","Diğer","",""
4482,"14054 FEVER","1599",80,"Nebim Kod: 24Y08714054","Diğer","",""
4483,"14060 FEVER","2199",40,"Nebim Kod: 24Y08714060","Diğer","",""
4484,"14061 FEVER","1599",40,"Nebim Kod: 24Y08714061","Diğer","",""
4485,"14063 FEVER","1799",60,"Nebim Kod: 24Y08714063","Diğer","",""
4486,"14064 FEVER","2249",40,"Nebim Kod: 24Y08714064","Diğer","",""
4487,"14086 FEVER","1399",80,"Nebim Kod: 24Y08714086","Diğer","",""
4488,"14090 FEVER","949",40,"Nebim Kod: 24Y08714090","Diğer","",""
4489,"14095 FEVER","1199",40,"Nebim Kod: 24Y08714095","Diğer","",""
4490,"14108 FEVER","1499",40,"Nebim Kod: 24Y08714108","Diğer","",""
4491,"14141 FEVER","849",40,"Nebim Kod: 24Y08714141","Diğer","",""
4492,"15002 FEVER","1899",20,"Nebim Kod: 24Y08715002","Diğer","",""
4493,"15003 FEVER","1899",80,"Nebim Kod: 24Y08715003","Diğer","",""
4494,"15004 FEVER","2499",40,"Nebim Kod: 24Y08715004","Diğer","",""
4495,"15006 FEVER","2799",40,"Nebim Kod: 24Y08715006","Diğer","",""
4496,"16011 FEVER","2899",40,"Nebim Kod: 24Y08716011","Diğer","",""
4497,"16013 FEVER","2699",80,"Nebim Kod: 24Y08716013","Diğer","",""
4498,"16014 FEVER","3499",80,"Nebim Kod: 24Y08716014","Diğer","",""
4499,"16016 FEVER","2999",80,"Nebim Kod: 24Y08716016","Diğer","",""
4500,"16029 FEVER","3349",40,"Nebim Kod: 24Y08716029","Diğer","",""
4501,"16039 FEVER","3299",40,"Nebim Kod: 24Y08716039","Diğer","",""
4502,"16040 FEVER","2999",40,"Nebim Kod: 24Y08716040","Diğer","",""
4503,"16043 FEVER","3999",40,"Nebim Kod: 24Y08716043","Diğer","",""
4504,"16045 FEVER","3849",40,"Nebim Kod: 24Y08716045","Diğer","",""
4505,"16050 FEVER","3599",40,"Nebim Kod: 24Y08716050","Diğer","",""
4506,"16053 FEVER","3599",40,"Nebim Kod: 24Y08716053","Diğer","",""
4507,"16055 FEVER","4199",40,"Nebim Kod: 24Y08716055","Diğer","",""
4508,"16059 FEVER","2699",40,"Nebim Kod: 24Y08716059","Diğer","",""
4509,"16062 FEVER","3949",40,"Nebim Kod: 24Y08716062","Diğer","",""
4510,"16065 FEVER","2599",40,"Nebim Kod: 24Y08716065","Diğer","",""
4511,"16066 FEVER","2999",40,"Nebim Kod: 24Y08716066","Diğer","",""
4512,"16076 FEVER","3699",40,"Nebim Kod: 24Y08716076","Diğer","",""
4513,"16081 FEVER","2899",80,"Nebim Kod: 24Y08716081","Diğer","",""
4514,"16082 FEVER","3799",40,"Nebim Kod: 24Y08716082","Diğer","",""
4515,"16083 FEVER","3699",80,"Nebim Kod: 24Y08716083","Diğer","",""
4516,"16089 FEVER","3599",40,"Nebim Kod: 24Y08716089","Diğer","",""
4517,"16097 FEVER","2999",40,"Nebim Kod: 24Y08716097","Diğer","",""
4518,"16143 FEVER","3499",40,"Nebim Kod: 24Y08716143","Diğer","",""
4519,"17003 FEVER","1599",40,"Nebim Kod: 24Y08717003","Diğer","",""
4520,"17007 FEVER","1799",40,"Nebim Kod: 24Y08717007","Diğer","",""
4521,"17008 FEVER","2299",40,"Nebim Kod: 24Y08717008","Diğer","",""
4522,"17011 FEVER","1999",40,"Nebim Kod: 24Y08717011","Diğer","",""
4523,"17017 FEVER","1899",40,"Nebim Kod: 24Y08717017","Diğer","",""
4524,"17029 FEVER","1899",80,"Nebim Kod: 24Y08717029","Diğer","",""
4525,"17031 FEVER","1499",40,"Nebim Kod: 24Y08717031","Diğer","",""
4526,"17051 FEVER","1899",20,"Nebim Kod: 24Y08717051","Diğer","",""
4527,"17054 FEVER","2399",40,"Nebim Kod: 24Y08717054","Diğer","",""
4528,"17061 FEVER","1799",40,"Nebim Kod: 24Y08717061","Diğer","",""
4529,"17062 FEVER","1699",40,"Nebim Kod: 24Y08717062","Diğer","",""
4530,"17070 FEVER","2099",40,"Nebim Kod: 24Y08717070","Diğer","",""
4531,"17072 FEVER","2199",40,"Nebim Kod: 24Y08717072","Diğer","",""
4532,"4116 DORİDORCA","3999",90,"Nebim Kod: 24Y0894116","Diğer","",""
4533,"4133 DORİ DORCA","5199",90,"Nebim Kod: 24Y0894133","Diğer","",""
4534,"5062 DORİDORCA","5399",180,"Nebim Kod: 24Y0895062","Diğer","",""
4535,"5083 DORİ DORCA","6999",60,"Nebim Kod: 24Y0895083","Diğer","",""
4536,"5111 DORİDORCA","2999",60,"Nebim Kod: 24Y0895111","Diğer","",""
4537,"5112 DORİDORCA","4699",40,"Nebim Kod: 24Y0895112","Diğer","",""
4538,"5112BB DORİDORCA","4699",10,"Nebim Kod: 24Y0895112BBKRM38","Diğer","",""
4539,"5112BB DORİDORCA","4699",10,"Nebim Kod: 24Y0895112BBKRM40","Diğer","",""
4540,"5112BB DORİDORCA","4699",10,"Nebim Kod: 24Y0895112BBKRM42","Diğer","",""
4541,"5112BB DORİDORCA","4699",10,"Nebim Kod: 24Y0895112BBSYH38","Diğer","",""
4542,"5112BB DORİDORCA","4699",10,"Nebim Kod: 24Y0895112BBSYH40","Diğer","",""
4543,"5112BB DORİDORCA","4699",10,"Nebim Kod: 24Y0895112BBSYH42","Diğer","",""
4544,"5112BB DORİDORCA","4699",10,"Nebim Kod: 24Y0895112BBYEŞ38","Diğer","",""
4545,"5112BB DORİDORCA","4699",10,"Nebim Kod: 24Y0895112BBYEŞ40","Diğer","",""
4546,"5112BB DORİDORCA","4699",10,"Nebim Kod: 24Y0895112BBYEŞ42","Diğer","",""
4547,"5114 DORİDORCA","3999",50,"Nebim Kod: 24Y0895114","Diğer","",""
4548,"5114BB DORİDORCA","3999",10,"Nebim Kod: 24Y0895114BBSYH42","Diğer","",""
4549,"5114BB DORİDORCA","3999",10,"Nebim Kod: 24Y0895114BBSYH44","Diğer","",""
4550,"5117 DORİDORCA","3999",100,"Nebim Kod: 24Y0895117","Diğer","",""
4551,"5117BB DORİDORCA","3999",10,"Nebim Kod: 24Y0895117BBBYZ42","Diğer","",""
4552,"5117BB DORİDORCA","3999",10,"Nebim Kod: 24Y0895117BBBYZ44","Diğer","",""
4553,"5117BB DORİDORCA","3999",10,"Nebim Kod: 24Y0895117BBSYH42","Diğer","",""
4554,"5117BB DORİDORCA","3999",10,"Nebim Kod: 24Y0895117BBSYH44","Diğer","",""
4555,"5118 DORİDORCA","4699",120,"Nebim Kod: 24Y0895118","Diğer","",""
4556,"5121 DORİ DORCA","5199",60,"Nebim Kod: 24Y0895121","Diğer","",""
4557,"5121BB DORİ DORCA","5199",10,"Nebim Kod: 24Y0895121BBKRM44","Diğer","",""
4558,"5121BB DORİ DORCA","5199",10,"Nebim Kod: 24Y0895121BBKRM46","Diğer","",""
4559,"5121BB DORİ DORCA","5199",10,"Nebim Kod: 24Y0895121BBSYH44","Diğer","",""
4560,"5121BB DORİ DORCA","5199",10,"Nebim Kod: 24Y0895121BBSYH46","Diğer","",""
4561,"5126 DORİDORCA","4699",30,"Nebim Kod: 24Y0895126","Diğer","",""
4562,"5128 DORİDORCA","3999",30,"Nebim Kod: 24Y0895128","Diğer","",""
4563,"5130 DORİDORCA","3999",60,"Nebim Kod: 24Y0895130","Diğer","",""
4564,"5130BB DORİDORCA","3999",10,"Nebim Kod: 24Y0895130BBBYZ42","Diğer","",""
4565,"5130BB DORİDORCA","3999",10,"Nebim Kod: 24Y0895130BBBYZ44","Diğer","",""
4566,"5130BB DORİDORCA","3999",10,"Nebim Kod: 24Y0895130BBBYZ46","Diğer","",""
4567,"5130BB DORİDORCA","3999",10,"Nebim Kod: 24Y0895130BBSYH42","Diğer","",""
4568,"5130BB DORİDORCA","3999",10,"Nebim Kod: 24Y0895130BBSYH44","Diğer","",""
4569,"5130BB DORİDORCA","3999",10,"Nebim Kod: 24Y0895130BBSYH46","Diğer","",""
4570,"5131 DORİDORCA","2999",30,"Nebim Kod: 24Y0895131","Diğer","",""
4571,"5133 DORİDORCA","2999",30,"Nebim Kod: 24Y0895133","Diğer","",""
4572,"5136 DORİ DORCA","6999",150,"Nebim Kod: 24Y0895136","Diğer","",""
4573,"5162 DORİDORCA","5399",60,"Nebim Kod: 24Y0895162","Diğer","",""
4574,"6010 DORİDORCA","3999",60,"Nebim Kod: 24Y0896010","Diğer","",""
4575,"6011 DORİDORCA","4199",90,"Nebim Kod: 24Y0896011","Diğer","",""
4576,"6012 DORİDORCA","3999",60,"Nebim Kod: 24Y0896012","Diğer","",""
4577,"6014 DORİDORCA","3999",60,"Nebim Kod: 24Y0896014","Diğer","",""
4578,"6015 DORİDORCA","2999",60,"Nebim Kod: 24Y0896015","Diğer","",""
4579,"6016 DORİ DORCA","5399",90,"Nebim Kod: 24Y0896016","Diğer","",""
4580,"6020 DORİDORCA","3999",60,"Nebim Kod: 24Y0896020","Diğer","",""
4581,"6022 DORİDORCA","3999",60,"Nebim Kod: 24Y0896022","Diğer","",""
4582,"6025 DORİ DORCA","3599",90,"Nebim Kod: 24Y0896025","Diğer","",""
4583,"6036 DORİ DORCA","5399",60,"Nebim Kod: 24Y0896036","Diğer","",""
4584,"6040 DORİ DORCA","6999",60,"Nebim Kod: 24Y0896040","Diğer","",""
4585,"6064 DORİ DORCA","6999",60,"Nebim Kod: 24Y0896064","Diğer","",""
4586,"6068 DORİ DORCA","7699",120,"Nebim Kod: 24Y0896068","Diğer","",""
4587,"6087 DORİ DORCA","6299",90,"Nebim Kod: 24Y0896087","Diğer","",""
4588,"6092 DORİ DORCA","8399",30,"Nebim Kod: 24Y0896092","Diğer","",""
4589,"6094 DORİ DORCA","5299",90,"Nebim Kod: 24Y0896094","Diğer","",""
4590,"6098 DORİ DORCA","7699",60,"Nebim Kod: 24Y0896098","Diğer","",""
4591,"6103 DORİ DORCA","8999",60,"Nebim Kod: 24Y0896103","Diğer","",""
4592,"6108 DORİ DORCA","6999",90,"Nebim Kod: 24Y0896108","Diğer","",""
4593,"6123 DORİ DORCA","8999",30,"Nebim Kod: 24Y0896123","Diğer","",""
4594,"6124 DORİ DORCA","8399",60,"Nebim Kod: 24Y0896124","Diğer","",""
4595,"6130 DORİ DORCA","3899",90,"Nebim Kod: 24Y0896130","Diğer","",""
4596,"6131 DORİ DORCA","5399",90,"Nebim Kod: 24Y0896131","Diğer","",""
4597,"50305 VANİTA","2999",80,"Nebim Kod: 24Y09950305","Diğer","",""
4598,"50317 VANİTA","4999",80,"Nebim Kod: 24Y09950317","Diğer","",""
4599,"50325 VANİTA","2999",80,"Nebim Kod: 24Y09950325","Diğer","",""
4600,"50329 VANİTA","2999",40,"Nebim Kod: 24Y09950329","Diğer","",""
4601,"50342 VANİTA","2999",80,"Nebim Kod: 24Y09950342","Diğer","",""
4602,"7632 VANİTA","2999",80,"Nebim Kod: 24Y0997632","Diğer","",""
4603,"7636 VANİTA","4999",40,"Nebim Kod: 24Y0997636","Diğer","",""
4604,"7642 VANİTA","4999",40,"Nebim Kod: 24Y0997642","Diğer","",""
4605,"7646 VANİTA","4999",40,"Nebim Kod: 24Y0997646","Diğer","",""
4606,"7651 VANİTA","4999",80,"Nebim Kod: 24Y0997651","Diğer","",""
4607,"7652 VANİTA","4999",80,"Nebim Kod: 24Y0997652","Diğer","",""
4608,"7659 VANİTA","2999",80,"Nebim Kod: 24Y0997659","Diğer","",""
4609,"7664 VANİTA","4999",80,"Nebim Kod: 24Y0997664","Diğer","",""
4610,"7665 VANİTA","4999",40,"Nebim Kod: 24Y0997665","Diğer","",""
4611,"7667 VANİTA","4999",40,"Nebim Kod: 24Y0997667","Diğer","",""
4612,"7668 VANİTA","4999",40,"Nebim Kod: 24Y0997668","Diğer","",""
4613,"7669 VANİTA","4999",40,"Nebim Kod: 24Y0997669","Diğer","",""
4614,"7671 VANİTA","4999",40,"Nebim Kod: 24Y0997671","Diğer","",""
4615,"7673 VANİTA","4999",120,"Nebim Kod: 24Y0997673","Diğer","",""
4616,"7676 VANİTA","4999",40,"Nebim Kod: 24Y0997676","Diğer","",""
4617,"3026 Yeni Trend","4999",80,"Nebim Kod: 24Y1053026","Diğer","",""
4618,"3046 YENİ TREND","4999",80,"Nebim Kod: 24Y1053046","Diğer","",""
4619,"3047 YENİ TREND","2999",80,"Nebim Kod: 24Y1053047","Diğer","",""
4620,"3061 YENİ TREND","5399",160,"Nebim Kod: 24Y1053061","Diğer","",""
4621,"3064 YENİ TREND","4999",200,"Nebim Kod: 24Y1053064","Diğer","",""
4622,"3073 YENİ TREND","4999",60,"Nebim Kod: 24Y1053073","Diğer","",""
4623,"3074 YENİ TREND","4999",60,"Nebim Kod: 24Y1053074","Diğer","",""
4624,"3075 YENİ TREND","4999",40,"Nebim Kod: 24Y1053075","Diğer","",""
4625,"3078 YENİ TREND","4999",60,"Nebim Kod: 24Y1053078","Diğer","",""
4626,"3079 YENİ TREND","3499",40,"Nebim Kod: 24Y1053079","Diğer","",""
4627,"3080 YENİ TREND","4999",40,"Nebim Kod: 24Y1053080","Diğer","",""
4628,"3089 YENİ TREND","4999",40,"Nebim Kod: 24Y1053089","Diğer","",""
4629,"3093 YENİ TREND","3499",80,"Nebim Kod: 24Y1053093","Diğer","",""
4630,"3098 YENİ TREND","6499",40,"Nebim Kod: 24Y1053098","Diğer","",""
4631,"3099 YENİ TREND","4999",40,"Nebim Kod: 24Y1053099","Diğer","",""
4632,"3100 YENİ TREND","4999",80,"Nebim Kod: 24Y1053100","Diğer","",""
4633,"3106 YENİ TREND","4999",40,"Nebim Kod: 24Y1053106","Diğer","",""
4634,"3108 YENİ TREND","4999",40,"Nebim Kod: 24Y1053108","Diğer","",""
4635,"3113 YENİ TREND","4999",60,"Nebim Kod: 24Y1053113","Diğer","",""
4636,"3114 YENİ TREND","4999",70,"Nebim Kod: 24Y1053114","Diğer","",""
4637,"3115 Yeni Trend","4399",120,"Nebim Kod: 24Y1053115","Diğer","",""
4638,"3116 YENİ TREND","3499",80,"Nebim Kod: 24Y1053116","Diğer","",""
4639,"3119 Yeni Trend","4399",120,"Nebim Kod: 24Y1053119","Diğer","",""
4640,"3120 YENİ TREND","3799",120,"Nebim Kod: 24Y1053120","Diğer","",""
4641,"3126 YENİ TREND","4999",60,"Nebim Kod: 24Y1053126","Diğer","",""
4642,"3127 YENİ TREND","4999",40,"Nebim Kod: 24Y1053127","Diğer","",""
4643,"3129 YENİ TREND","4999",80,"Nebim Kod: 24Y1053129","Diğer","",""
4644,"3130 YENİ TREND","4999",40,"Nebim Kod: 24Y1053130","Diğer","",""
4645,"3131 YENİ TREND","4999",120,"Nebim Kod: 24Y1053131","Diğer","",""
4646,"3132 YENİ TREND","4999",40,"Nebim Kod: 24Y1053132","Diğer","",""
4647,"3133 YENİ TREND","4999",40,"Nebim Kod: 24Y1053133","Diğer","",""
4648,"3135 Yeni Trend","4999",40,"Nebim Kod: 24Y1053135","Diğer","",""
4649,"3136 Yeni Trend","4999",50,"Nebim Kod: 24Y1053136","Diğer","",""
4650,"3137 Yeni Trend","4999",50,"Nebim Kod: 24Y1053137","Diğer","",""
4651,"3139 YENİ TREND","4999",40,"Nebim Kod: 24Y1053139","Diğer","",""
4652,"3140 YENİ TREND","4999",60,"Nebim Kod: 24Y1053140","Diğer","",""
4653,"3141 YENİ TREND","4999",40,"Nebim Kod: 24Y1053141","Diğer","",""
4654,"3144 YENİ TREND","4999",40,"Nebim Kod: 24Y1053144","Diğer","",""
4655,"3150 YENİ TREND","5399",80,"Nebim Kod: 24Y1053150","Diğer","",""
4656,"3151 YENİ TREND","4899",40,"Nebim Kod: 24Y1053151","Diğer","",""
4657,"3155 YENİ TREND","3999",80,"Nebim Kod: 24Y1053155","Diğer","",""
4658,"3163 YENİ TREND","3999",80,"Nebim Kod: 24Y1053163","Diğer","",""
4659,"3164 YENİ TREND","4999",40,"Nebim Kod: 24Y1053164","Diğer","",""
4660,"3167 YENİ TREND","6499",120,"Nebim Kod: 24Y1053167","Diğer","",""
4661,"3170 YENİ TREND","6999",60,"Nebim Kod: 24Y1053170","Diğer","",""
4662,"3176 YENİ TREND","6999",60,"Nebim Kod: 24Y1053176","Diğer","",""
4663,"3177 YENİ TREND","4999",60,"Nebim Kod: 24Y1053177","Diğer","",""
4664,"3178 YENİ TREND","4999",60,"Nebim Kod: 24Y1053178","Diğer","",""
4665,"3180 YENİ TREND","4999",80,"Nebim Kod: 24Y1053180","Diğer","",""
4666,"4506 YENİ TREND","4399",180,"Nebim Kod: 24Y1054506","Diğer","",""
4667,"4558 YENİ TREND","4999",40,"Nebim Kod: 24Y1054558","Diğer","",""
4668,"4571 YENİ TREND","4999",40,"Nebim Kod: 24Y1054571","Diğer","",""
4669,"3000 HS SPOSA","19449",20,"Nebim Kod: 24Y1073000","Diğer","",""
4670,"3105 HS SPOSA","19449",50,"Nebim Kod: 24Y1073105","Diğer","",""
4671,"5102 HS SPOSA","19449",20,"Nebim Kod: 24Y1075102","Diğer","",""
4672,"5429 HS SPOSA","19499",10,"Nebim Kod: 24Y1075429","Diğer","",""
4673,"5433 HS SPOSA","19449",20,"Nebim Kod: 24Y1075433","Diğer","",""
4674,"5449 HS SPOSA","19449",20,"Nebim Kod: 24Y1075449","Diğer","",""
4675,"5461 HS SPOSA","19449",50,"Nebim Kod: 24Y1075461","Diğer","",""
4676,"1406 NOVELLA","8999",80,"Nebim Kod: 24Y1081406","Diğer","",""
4677,"1442 NOVELLA","8999",120,"Nebim Kod: 24Y1081442","Diğer","",""
4678,"1448 NOVELLA","5999",80,"Nebim Kod: 24Y1081448","Diğer","",""
4679,"1465 NOVELLA","4999",60,"Nebim Kod: 24Y1081465","Diğer","",""
4680,"1503 NOVELLA","8999",80,"Nebim Kod: 24Y1081503","Diğer","",""
4681,"1523 NOVELLA","7999",120,"Nebim Kod: 24Y1081523","Diğer","",""
4682,"1536 NOVELLA","7999",80,"Nebim Kod: 24Y1081536","Diğer","",""
4683,"1544 NOVELLA","5999",120,"Nebim Kod: 24Y1081544","Diğer","",""
4684,"1556 NOVELLA","7999",120,"Nebim Kod: 24Y1081556","Diğer","",""
4685,"1579 NOVELLA","8999",40,"Nebim Kod: 24Y1081579","Diğer","",""
4686,"1580 NOVELLA","8999",80,"Nebim Kod: 24Y1081580","Diğer","",""
4687,"1585 NOVELLA","7999",80,"Nebim Kod: 24Y1081585","Diğer","",""
4688,"1588 NOVELLA","7999",80,"Nebim Kod: 24Y1081588","Diğer","",""
4689,"3472 MİARUJ","2399",80,"Nebim Kod: 24Y1123472","Diğer","",""
4690,"3473 MİARUJ","2499",40,"Nebim Kod: 24Y1123473","Diğer","",""
4691,"3475 MİARUJ","2399",80,"Nebim Kod: 24Y1123475","Diğer","",""
4692,"3480 MİARUJ","2499",40,"Nebim Kod: 24Y1123480","Diğer","",""
4693,"3484 MİARUJ","2499",40,"Nebim Kod: 24Y1123484","Diğer","",""
4694,"3490 MİARUJ","3999",40,"Nebim Kod: 24Y1123490","Diğer","",""
4695,"4590 MİARUJ","3499",80,"Nebim Kod: 24Y1124590","Diğer","",""
4696,"4597 MİARUJ","4999",40,"Nebim Kod: 24Y1124597","Diğer","",""
4697,"4601 MİARUJ","6699",40,"Nebim Kod: 24Y1124601","Diğer","",""
4698,"4603 MİARUJ","2999",40,"Nebim Kod: 24Y1124603","Diğer","",""
4699,"4604 MİARUJ","4999",80,"Nebim Kod: 24Y1124604","Diğer","",""
4700,"4610 MİARUJ","6699",40,"Nebim Kod: 24Y1124610","Diğer","",""
4701,"4627 MİARUJ","3999",40,"Nebim Kod: 24Y1124627","Diğer","",""
4702,"5279 MİARUJ","6299",30,"Nebim Kod: 24Y1125279","Diğer","",""
4703,"5280 MİARUJ","4999",30,"Nebim Kod: 24Y1125280","Diğer","",""
4704,"5287 MİARUJ","5499",30,"Nebim Kod: 24Y1125287","Diğer","",""
4705,"1058 ODRICA","17999",50,"Nebim Kod: 24Y1151058","Diğer","",""
4706,"1234 ODRICA","17999",40,"Nebim Kod: 24Y1151234","Diğer","",""
4707,"7472 ODRICA","17999",80,"Nebim Kod: 24Y1157472","Diğer","",""
4708,"7521 ODRICA","13999",40,"Nebim Kod: 24Y1157521","Diğer","",""
4709,"7549 ODRICA","17999",40,"Nebim Kod: 24Y1157549","Diğer","",""
4710,"7561 ODRICA","13999",80,"Nebim Kod: 24Y1157561","Diğer","",""
4711,"14426 ALLURE","11999",80,"Nebim Kod: 24Y11614426","Diğer","",""
4712,"14460 ALLURE","12999",120,"Nebim Kod: 24Y11614460","Diğer","",""
4713,"14497 ALLURE","17949",50,"Nebim Kod: 24Y11614497","Diğer","",""
4714,"4431 ALLURE","10999",90,"Nebim Kod: 24Y1164431","Diğer","",""
4715,"4441 ALLURE","14799",120,"Nebim Kod: 24Y1164441","Diğer","",""
4716,"4444 ALLURE","15199",150,"Nebim Kod: 24Y1164444","Diğer","",""
4717,"4445 ALLURE","12999",50,"Nebim Kod: 24Y1164445","Diğer","",""
4718,"4464 ALLURE","13999",50,"Nebim Kod: 24Y1164464","Diğer","",""
4719,"4465 ALLURE","20299",70,"Nebim Kod: 24Y1164465","Diğer","",""
4720,"4471 ALLURE","11999",120,"Nebim Kod: 24Y1164471","Diğer","",""
4721,"4472 ALLURE","12999",60,"Nebim Kod: 24Y1164472","Diğer","",""
4722,"4481 ALLURE","16999",120,"Nebim Kod: 24Y1164481","Diğer","",""
4723,"4490 ALLURE","19499",60,"Nebim Kod: 24Y1164490","Diğer","",""
4724,"4491 ALLURE","19499",60,"Nebim Kod: 24Y1164491","Diğer","",""
4725,"4497 ALLURE","18699",60,"Nebim Kod: 24Y1164497","Diğer","",""
4726,"4590 ALLURE","11999",40,"Nebim Kod: 24Y1164590","Diğer","",""
4727,"8008 ALLURE","6249",60,"Nebim Kod: 24Y1168008","Diğer","",""
4728,"8014 ALLURE","7799",80,"Nebim Kod: 24Y1168014","Diğer","",""
4729,"9026 ALLURE","14799",90,"Nebim Kod: 24Y1169026","Diğer","",""
4730,"9028 ALLURE","17149",40,"Nebim Kod: 24Y1169028","Diğer","",""
4731,"2252 LAGEZ","3139",30,"Nebim Kod: 24Y1172252","Diğer","",""
4732,"3084 LAGEZ","2259",30,"Nebim Kod: 24Y1173084","Diğer","",""
4733,"5008 LAGEZ","3869",30,"Nebim Kod: 24Y1175008","Diğer","",""
4734,"7069 LAGEZ","2179",140,"Nebim Kod: 24Y1177069","Diğer","",""
4735,"7122 LAGEZ","3399",30,"Nebim Kod: 24Y1177122","Diğer","",""
4736,"7244 LAGEZ","3629",30,"Nebim Kod: 24Y1177244","Diğer","",""
4737,"7252 LAGEZ","3229",30,"Nebim Kod: 24Y1177252","Diğer","",""
4738,"7261 LAGEZ","3869",30,"Nebim Kod: 24Y1177261","Diğer","",""
4739,"31003 TDE","3399",40,"Nebim Kod: 24Y11831003","Diğer","",""
4740,"31015 TDEE","3399",30,"Nebim Kod: 24Y11831015","Diğer","",""
4741,"32008 TDEE","3399",30,"Nebim Kod: 24Y11832008","Diğer","",""
4742,"33001 TDEE","3399",80,"Nebim Kod: 24Y11833001","Diğer","",""
4743,"33007 TDEE","2399",80,"Nebim Kod: 24Y11833007","Diğer","",""
4744,"33021 TDEE","2999",40,"Nebim Kod: 24Y11833021","Diğer","",""
4745,"34011 TDEE","2699",40,"Nebim Kod: 24Y11834011","Diğer","",""
4746,"34013 TDEE","6199",30,"Nebim Kod: 24Y11834013","Diğer","",""
4747,"34017 TDEE","5499",80,"Nebim Kod: 24Y11834017","Diğer","",""
4748,"34025 TDEE","2999",40,"Nebim Kod: 24Y11834025","Diğer","",""
4749,"34030 TDEE","6399",30,"Nebim Kod: 24Y11834030","Diğer","",""
4750,"34031 TDEE","3199",60,"Nebim Kod: 24Y11834031","Diğer","",""
4751,"35001 TDEE","3399",20,"Nebim Kod: 24Y11835001","Diğer","",""
4752,"36014 TDEE","6199",30,"Nebim Kod: 24Y11836014","Diğer","",""
4753,"36015 TDEE","5299",60,"Nebim Kod: 24Y11836015","Diğer","",""
4754,"37001 TDEE","4599",60,"Nebim Kod: 24Y11837001","Diğer","",""
4755,"37004 TDEE","5299",30,"Nebim Kod: 24Y11837004","Diğer","",""
4756,"1146 GEMKO","6049",60,"Nebim Kod: 24Y1191146","Diğer","",""
4757,"11596 GEMKO","2099",80,"Nebim Kod: 24Y11911596","Diğer","",""
4758,"1181 GEMKO","4749",30,"Nebim Kod: 24Y1191181","Diğer","",""
4759,"1219 GEMKO","3799",60,"Nebim Kod: 24Y1191219","Diğer","",""
4760,"1224 GEMKO","4749",60,"Nebim Kod: 24Y1191224","Diğer","",""
4761,"1233 GEMKO","2899",30,"Nebim Kod: 24Y1191233","Diğer","",""
4762,"1235 GEMKO","4749",30,"Nebim Kod: 24Y1191235","Diğer","",""
4763,"14186 GEMKO","2099",40,"Nebim Kod: 24Y11914186","Diğer","",""
4764,"17587 GEMKO","4449",30,"Nebim Kod: 24Y11917587","Diğer","",""
4765,"17685 GEMKO","4599",60,"Nebim Kod: 24Y11917685","Diğer","",""
4766,"17690 GEMKO","4449",30,"Nebim Kod: 24Y11917690","Diğer","",""
4767,"19308 GEMKO","3149",40,"Nebim Kod: 24Y11919308","Diğer","",""
4768,"19342 GEMKO","3549",30,"Nebim Kod: 24Y11919342","Diğer","",""
4769,"19391 GEMKO","3949",30,"Nebim Kod: 24Y11919391","Diğer","",""
4770,"19402 GEMKO","3399",40,"Nebim Kod: 24Y11919402","Diğer","",""
4771,"19404 GEMKO","3649",30,"Nebim Kod: 24Y11919404","Diğer","",""
4772,"19405 GEMKO","3799",60,"Nebim Kod: 24Y11919405","Diğer","",""
4773,"1102 BERRİN","4729",40,"Nebim Kod: 24Y1201102","Diğer","",""
4774,"1103 BERRİN","5059",40,"Nebim Kod: 24Y1201103","Diğer","",""
4775,"1107 BERRİN","5099",40,"Nebim Kod: 24Y1201107","Diğer","",""
4776,"1108 BERRİN","4839",40,"Nebim Kod: 24Y1201108","Diğer","",""
4777,"1118 BERRİN","4619",40,"Nebim Kod: 24Y1201118","Diğer","",""
4778,"1119 BERRİN","5489",40,"Nebim Kod: 24Y1201119","Diğer","",""
4779,"2102 BERRİN","2749",40,"Nebim Kod: 24Y1202102","Diğer","",""
4780,"2103 BERRİN","3519",40,"Nebim Kod: 24Y1202103","Diğer","",""
4781,"2104 BERRİN","3519",40,"Nebim Kod: 24Y1202104","Diğer","",""
4782,"2106 BERRİN","4069",30,"Nebim Kod: 24Y1202106","Diğer","",""
4783,"2107 BERRİN","3029",40,"Nebim Kod: 24Y1202107","Diğer","",""
4784,"2110 BERRİN","3299",80,"Nebim Kod: 24Y1202110","Diğer","",""
4785,"2116 BERRİN","2589",40,"Nebim Kod: 24Y1202116","Diğer","",""
4786,"2117 BERRİN","4179",40,"Nebim Kod: 24Y1202117","Diğer","",""
4787,"2118 BERRİN","4399",40,"Nebim Kod: 24Y1202118","Diğer","",""
4788,"2120 BERRİN","2999",40,"Nebim Kod: 24Y1202120","Diğer","",""
4789,"2123 BERRİN","3299",80,"Nebim Kod: 24Y1202123","Diğer","",""
4790,"2127 BERRİN","2999",40,"Nebim Kod: 24Y1202127","Diğer","",""
4791,"2133 BERRİN","2859",80,"Nebim Kod: 24Y1202133","Diğer","",""
4792,"3107 BERRİN","5059",80,"Nebim Kod: 24Y1203107","Diğer","",""
4793,"3111 BERRİN","3519",40,"Nebim Kod: 24Y1203111","Diğer","",""
4794,"3116 BERRİN","5499",30,"Nebim Kod: 24Y1203116","Diğer","",""
4795,"3117 BERRİN","3519",80,"Nebim Kod: 24Y1203117","Diğer","",""
4796,"4101 BERRİN","2399",80,"Nebim Kod: 24Y1204101","Diğer","",""
4797,"4104 BERRİN","2419",80,"Nebim Kod: 24Y1204104","Diğer","",""
4798,"4105 BERRİN","3739",30,"Nebim Kod: 24Y1204105","Diğer","",""
4799,"4110 BERRİN","2749",80,"Nebim Kod: 24Y1204110","Diğer","",""
4800,"4112 BERRİN","2419",40,"Nebim Kod: 24Y1204112","Diğer","",""
4801,"4113 BERRİN","2419",80,"Nebim Kod: 24Y1204113","Diğer","",""
4802,"4117 BERRİN","3299",80,"Nebim Kod: 24Y1204117","Diğer","",""
4803,"4121 BERRİN","2419",60,"Nebim Kod: 24Y1204121","Diğer","",""
4804,"4125 BERRİN","2859",80,"Nebim Kod: 24Y1204125","Diğer","",""
4805,"4130 BERRİN","2339",40,"Nebim Kod: 24Y1204130","Diğer","",""
4806,"4138 BERRİN","2749",30,"Nebim Kod: 24Y1204138","Diğer","",""
4807,"4141 BERRİN","2419",120,"Nebim Kod: 24Y1204141","Diğer","",""
4808,"4142 BERRİN","2419",40,"Nebim Kod: 24Y1204142","Diğer","",""
4809,"5101 BERRİN","3849",30,"Nebim Kod: 24Y1205101","Diğer","",""
4810,"5103 BERRİN","4839",60,"Nebim Kod: 24Y1205103","Diğer","",""
4811,"5104 BERRİN","2799",80,"Nebim Kod: 24Y1205104","Diğer","",""
4812,"5106 BERRİN","4729",40,"Nebim Kod: 24Y1205106","Diğer","",""
4813,"5108 BERRİN","5489",60,"Nebim Kod: 24Y1205108","Diğer","",""
4814,"5120 BERRİN","5489",80,"Nebim Kod: 24Y1205120","Diğer","",""
4815,"5129 BERRİN","6379",30,"Nebim Kod: 24Y1205129","Diğer","",""
4816,"5131 BERRİN","4289",30,"Nebim Kod: 24Y1205131","Diğer","",""
4817,"5133 BERRİN","5169",40,"Nebim Kod: 24Y1205133","Diğer","",""
4818,"5135 BERRİN","5279",60,"Nebim Kod: 24Y1205135","Diğer","",""
4819,"5136 BERRİN","4289",30,"Nebim Kod: 24Y1205136","Diğer","",""
4820,"5145 BERRİN","5279",60,"Nebim Kod: 24Y1205145","Diğer","",""
4821,"5146 BERRİN","3849",80,"Nebim Kod: 24Y1205146","Diğer","",""
4822,"5153 BERRİN","5279",40,"Nebim Kod: 24Y1205153","Diğer","",""
4823,"7103 BERRİN","3519",30,"Nebim Kod: 24Y1207103","Diğer","",""
4824,"7115 BERRİN","2419",80,"Nebim Kod: 24Y1207115","Diğer","",""
4825,"7116 BERRİN","2199",60,"Nebim Kod: 24Y1207116","Diğer","",""
4826,"7117 BERRİN","2199",60,"Nebim Kod: 24Y1207117","Diğer","",""
4827,"8107 BERRİN","4679",40,"Nebim Kod: 24Y1208107","Diğer","",""
4828,"1036 RETRO","5999",20,"Nebim Kod: 24Y1211036","Diğer","",""
4829,"1110 RETRO","3499",20,"Nebim Kod: 24Y1211110","Diğer","",""
4830,"1117 RETRO","6249",40,"Nebim Kod: 24Y1211117","Diğer","",""
4831,"1122 RETRO","6499",60,"Nebim Kod: 24Y1211122","Diğer","",""
4832,"2100 RETRO","2349",40,"Nebim Kod: 24Y1212100","Diğer","",""
4833,"2101 RETRO","2249",50,"Nebim Kod: 24Y1212101","Diğer","",""
4834,"2200 RETRO","2499",80,"Nebim Kod: 24Y1212200","Diğer","",""
4835,"4200 RETRO","3999",50,"Nebim Kod: 24Y1214200","Diğer","",""
4836,"4212 RETRO","5499",20,"Nebim Kod: 24Y1214212","Diğer","",""
4837,"4220 RETRO","5499",60,"Nebim Kod: 24Y1214220","Diğer","",""
4838,"4224 RETRO","4999",20,"Nebim Kod: 24Y1214224","Diğer","",""
4839,"4225 RETRO","4999",40,"Nebim Kod: 24Y1214225","Diğer","",""
4840,"4226 RETRO","4749",40,"Nebim Kod: 24Y1214226","Diğer","",""
4841,"4229 RETRO","4949",60,"Nebim Kod: 24Y1214229","Diğer","",""
4842,"7200 RETRO","4249",20,"Nebim Kod: 24Y1217200","Diğer","",""
4843,"8198 RETRO","2999",90,"Nebim Kod: 24Y1218198","Diğer","",""
4844,"8200 RETRO","3499",20,"Nebim Kod: 24Y1218200","Diğer","",""
4845,"8204 RETRO","3249",40,"Nebim Kod: 24Y1218204","Diğer","",""
4846,"8214 RETRO","3499",40,"Nebim Kod: 24Y1218214","Diğer","",""
4847,"8217 RETRO","2999",40,"Nebim Kod: 24Y1218217","Diğer","",""
4848,"8228 RETRO","5499",40,"Nebim Kod: 24Y1218228","Diğer","",""
4849,"8228-1 RETRO","4249",10,"Nebim Kod: 24Y1218228-1EKR38","Diğer","",""
4850,"8228-1 RETRO","4249",10,"Nebim Kod: 24Y1218228-1EKR40","Diğer","",""
4851,"8228-1 RETRO","4249",10,"Nebim Kod: 24Y1218228-1SYH38","Diğer","",""
4852,"8228-1 RETRO","4249",10,"Nebim Kod: 24Y1218228-1SYH40","Diğer","",""
4853,"8231 RETRO","3399",60,"Nebim Kod: 24Y1218231","Diğer","",""
4854,"8245 RETRO","3499",90,"Nebim Kod: 24Y1218245","Diğer","",""
4855,"8247 RETRO","4049",90,"Nebim Kod: 24Y1218247","Diğer","",""
4856,"8248 RETRO","3249",90,"Nebim Kod: 24Y1218248","Diğer","",""
4857,"9100 RETRO","3749",20,"Nebim Kod: 24Y1219100","Diğer","",""
4858,"9101 RETRO","5249",20,"Nebim Kod: 24Y1219101","Diğer","",""
4859,"24111 LEGENDA","8999",60,"Nebim Kod: 24Y12224111","Diğer","",""
4860,"24120 LEGENDE","8999",30,"Nebim Kod: 24Y12224120","Diğer","",""
4861,"24120B LEGENDE","8999",10,"Nebim Kod: 24Y12224120BSYH52","Diğer","",""
4862,"24120B LEGENDE","8999",10,"Nebim Kod: 24Y12224120BSYH54","Diğer","",""
4863,"24120B LEGENDE","8999",10,"Nebim Kod: 24Y12224120BSYH56","Diğer","",""
4864,"24182 LEGENDA","8999",60,"Nebim Kod: 24Y12224182","Diğer","",""
4865,"24200 LEGENDA","5999",30,"Nebim Kod: 24Y12224200","Diğer","",""
4866,"1116 MİARTE","2359",40,"Nebim Kod: 25K0021116","Diğer","",""
4867,"1117 MİARTE","2439",40,"Nebim Kod: 25K0021117","Diğer","",""
4868,"1119 MİARTE","3109",40,"Nebim Kod: 25K0021119","Diğer","",""
4869,"1122 MİARTE","2189",40,"Nebim Kod: 25K0021122","Diğer","",""
4870,"1134 MİARTE","3379",40,"Nebim Kod: 25K0021134","Diğer","",""
4871,"1136 MİARTE","2579",40,"Nebim Kod: 25K0021136","Diğer","",""
4872,"1142 MİARTE","2309",40,"Nebim Kod: 25K0021142","Diğer","",""
4873,"1146 MİARTE","2359",40,"Nebim Kod: 25K0021146","Diğer","",""
4874,"1150 MİARTE","2579",40,"Nebim Kod: 25K0021150","Diğer","",""
4875,"1152 MİARTE","2489",40,"Nebim Kod: 25K0021152","Diğer","",""
4876,"1155 MİARTE","2579",40,"Nebim Kod: 25K0021155","Diğer","",""
4877,"1156 MİARTE","3019",40,"Nebim Kod: 25K0021156","Diğer","",""
4878,"1163 MİARTE","3729",40,"Nebim Kod: 25K0021163","Diğer","",""
4879,"1166 MİARTE","2139",80,"Nebim Kod: 25K0021166","Diğer","",""
4880,"1167 MİARTE","2399",40,"Nebim Kod: 25K0021167","Diğer","",""
4881,"1174 MİARTE","2489",40,"Nebim Kod: 25K0021174","Diğer","",""
4882,"1175 MİARTE","2049",40,"Nebim Kod: 25K0021175","Diğer","",""
4883,"1186 MİARTE","2489",40,"Nebim Kod: 25K0021186","Diğer","",""
4884,"1191 MİARTE","2669",40,"Nebim Kod: 25K0021191","Diğer","",""
4885,"2120 MİARTE","2019",40,"Nebim Kod: 25K0022120","Diğer","",""
4886,"2125 MİARTE","2019",40,"Nebim Kod: 25K0022125","Diğer","",""
4887,"3063 MİARTE","2859",80,"Nebim Kod: 25K0023063","Diğer","",""
4888,"3065 MİARTE","5239",40,"Nebim Kod: 25K0023065","Diğer","",""
4889,"31041 MİARTE","2519",20,"Nebim Kod: 25K00231041","Diğer","",""
4890,"31042 MİARTE","2019",30,"Nebim Kod: 25K00231042","Diğer","",""
4891,"31044 MİARTE","2189",90,"Nebim Kod: 25K00231044","Diğer","",""
4892,"31045 MİARTE","2359",20,"Nebim Kod: 25K00231045","Diğer","",""
4893,"31050 MİARTE","2019",30,"Nebim Kod: 25K00231050","Diğer","",""
4894,"31051 MİARTE","3729",20,"Nebim Kod: 25K00231051","Diğer","",""
4895,"31052 MİARTE","3359",20,"Nebim Kod: 25K00231052","Diğer","",""
4896,"31054 MİARTE","2689",20,"Nebim Kod: 25K00231054","Diğer","",""
4897,"31055 MİARTE","2439",30,"Nebim Kod: 25K00231055","Diğer","",""
4898,"31057 MİARTE","2759",20,"Nebim Kod: 25K00231057","Diğer","",""
4899,"31066 MİARTE","1399",30,"Nebim Kod: 25K00231066","Diğer","",""
4900,"31067 MİARTE","1399",30,"Nebim Kod: 25K00231067","Diğer","",""
4901,"1167 MİARTE","2399",40,"Nebim Kod: 25K00231167","Diğer","",""
4902,"33018 MİARTE","3029",30,"Nebim Kod: 25K00233018","Diğer","",""
4903,"34043 MİARTE","2189",20,"Nebim Kod: 25K00234043","Diğer","",""
4904,"34044 MİARTE","1769",30,"Nebim Kod: 25K00234044","Diğer","",""
4905,"34046 MİARTE","2019",90,"Nebim Kod: 25K00234046","Diğer","",""
4906,"34047 MİARTE","1849",20,"Nebim Kod: 25K00234047","Diğer","",""
4907,"34049 MİARTE","2489",20,"Nebim Kod: 25K00234049","Diğer","",""
4908,"34051 MİARTE","2579",20,"Nebim Kod: 25K00234051","Diğer","",""
4909,"34052 MİARTE","1849",30,"Nebim Kod: 25K00234052","Diğer","",""
4910,"34054 MİARTE","2269",20,"Nebim Kod: 25K00234054","Diğer","",""
4911,"34055 MİARTE","1849",30,"Nebim Kod: 25K00234055","Diğer","",""
4912,"34057 MİARTE","1869",20,"Nebim Kod: 25K00234057","Diğer","",""
4913,"36016 MİARTE","2099",20,"Nebim Kod: 25K00236016","Diğer","",""
4914,"37027 MİARTE","3699",20,"Nebim Kod: 25K00237027","Diğer","",""
4915,"37028 MİARTE","5399",20,"Nebim Kod: 25K00237028","Diğer","",""
4916,"37030 MİARTE","3909",20,"Nebim Kod: 25K00237030","Diğer","",""
4917,"5101 MİARTE","2019",40,"Nebim Kod: 25K0025101","Diğer","",""
4918,"5110 MİARTE","2849",40,"Nebim Kod: 25K0025110","Diğer","",""
4919,"5111 MİARTE","2139",40,"Nebim Kod: 25K0025111","Diğer","",""
4920,"5112 MİARTE","2019",40,"Nebim Kod: 25K0025112","Diğer","",""
4921,"5114 MİARTE","2399",40,"Nebim Kod: 25K0025114","Diğer","",""
4922,"5115 MİARTE","2019",40,"Nebim Kod: 25K0025115","Diğer","",""
4923,"5117 MİARTE","2359",40,"Nebim Kod: 25K0025117","Diğer","",""
4924,"5120 MİARTE","2019",40,"Nebim Kod: 25K0025120","Diğer","",""
4925,"5121 MİARTE","2219",40,"Nebim Kod: 25K0025121","Diğer","",""
4926,"5122 MİARTE","2439",40,"Nebim Kod: 25K0025122","Diğer","",""
4927,"5125 MİARTE","2019",40,"Nebim Kod: 25K0025125","Diğer","",""
4928,"5128 MİARTE","2579",40,"Nebim Kod: 25K0025128","Diğer","",""
4929,"5129 MİARTE","2579",40,"Nebim Kod: 25K0025129","Diğer","",""
4930,"5133 MİARTE","2579",40,"Nebim Kod: 25K0025133","Diğer","",""
4931,"5137 MİARTE","2669",40,"Nebim Kod: 25K0025137","Diğer","",""
4932,"5142 MİARTE","1779",40,"Nebim Kod: 25K0025142","Diğer","",""
4933,"5145 MİARTE","1599",40,"Nebim Kod: 25K0025145","Diğer","",""
4934,"5147 MİARTE","1869",40,"Nebim Kod: 25K0025147","Diğer","",""
4935,"5155 MİARTE","2019",40,"Nebim Kod: 25K0025155","Diğer","",""
4936,"5162 MİARTE","2019",40,"Nebim Kod: 25K0025162","Diğer","",""
4937,"7014 MİARTE","1849",40,"Nebim Kod: 25K0027014","Diğer","",""
4938,"7015 MİARTE","2859",40,"Nebim Kod: 25K0027015","Diğer","",""
4939,"7016 MİARTE","2849",40,"Nebim Kod: 25K0027016","Diğer","",""
4940,"7017 MİARTE","2859",40,"Nebim Kod: 25K0027017","Diğer","",""
4941,"7018 MİARTE","2189",40,"Nebim Kod: 25K0027018","Diğer","",""
4942,"7022 MİARTE","2929",40,"Nebim Kod: 25K0027022","Diğer","",""
4943,"7023 MİARTE","3199",40,"Nebim Kod: 25K0027023","Diğer","",""
4944,"7024 MİARTE","2309",40,"Nebim Kod: 25K0027024","Diğer","",""
4945,"7025 MİARTE","1959",40,"Nebim Kod: 25K0027025","Diğer","",""
4946,"8053 MİARTE","3909",40,"Nebim Kod: 25K0028053","Diğer","",""
4947,"8056 MİARTE","3469",40,"Nebim Kod: 25K0028056","Diğer","",""
4948,"8061 MİARTE","3279",40,"Nebim Kod: 25K0028061","Diğer","",""
4949,"8062 MİARTE","3279",40,"Nebim Kod: 25K0028062","Diğer","",""
4950,"8064 MİARTE","4119",120,"Nebim Kod: 25K0028064","Diğer","",""
4951,"8066 MİARTE","3529",80,"Nebim Kod: 25K0028066","Diğer","",""
4952,"8067 MİARTE","3019",40,"Nebim Kod: 25K0028067","Diğer","",""
4953,"8069 MİARTE","3279",40,"Nebim Kod: 25K0028069","Diğer","",""
4954,"8072 MİARTE","3529",40,"Nebim Kod: 25K0028072","Diğer","",""
4955,"8073 MİARTE","4999",40,"Nebim Kod: 25K0028073","Diğer","",""
4956,"8074 MİARTE","3279",40,"Nebim Kod: 25K0028074","Diğer","",""
4957,"8077 MİARTE","3469",40,"Nebim Kod: 25K0028077","Diğer","",""
4958,"8079 MİARTE","3469",40,"Nebim Kod: 25K0028079","Diğer","",""
4959,"8085 MİARTE","3019",40,"Nebim Kod: 25K0028085","Diğer","",""
4960,"8086 MİARTE","3469",40,"Nebim Kod: 25K0028086","Diğer","",""
4961,"8087 MİARTE","3379",40,"Nebim Kod: 25K0028087","Diğer","",""
4962,"8089 MİARTE","3199",40,"Nebim Kod: 25K0028089","Diğer","",""
4963,"8090 MİARTE","3469",40,"Nebim Kod: 25K0028090","Diğer","",""
4964,"1101 ALİNÇE","6999",360,"Nebim Kod: 25K0181101","Diğer","",""
4965,"2302 ALİNCE","3499",120,"Nebim Kod: 25K0182302","Diğer","",""
4966,"2303 ALİNCE","3399",80,"Nebim Kod: 25K0182303","Diğer","",""
4967,"2304 ALİNÇE","4099",120,"Nebim Kod: 25K0182304","Diğer","",""
4968,"2305 ALİNCE","3399",120,"Nebim Kod: 25K0182305","Diğer","",""
4969,"2306 ALİNCE","2999",120,"Nebim Kod: 25K0182306","Diğer","",""
4970,"2308 ALİNCE","3599",80,"Nebim Kod: 25K0182308","Diğer","",""
4971,"2318 ALİNÇE","3499",80,"Nebim Kod: 25K0182318","Diğer","",""
4972,"2319 ALİNCE","3499",120,"Nebim Kod: 25K0182319","Diğer","",""
4973,"2325 ALİNCE","3399",80,"Nebim Kod: 25K0182325","Diğer","",""
4974,"2326 ALİNÇE","2299",120,"Nebim Kod: 25K0182326","Diğer","",""
4975,"2327 ALİNCE","4099",120,"Nebim Kod: 25K0182327","Diğer","",""
4976,"2329 ALİNCE","3599",40,"Nebim Kod: 25K0182329","Diğer","",""
4977,"2330 ALİNCE","3849",40,"Nebim Kod: 25K0182330","Diğer","",""
4978,"2331 ALİNCE","3099",40,"Nebim Kod: 25K0182331","Diğer","",""
4979,"2334 ALİNÇE","3499",40,"Nebim Kod: 25K0182334","Diğer","",""
4980,"2335 ALİNÇE","3499",80,"Nebim Kod: 25K0182335","Diğer","",""
4981,"2336 ALİNÇE","4099",40,"Nebim Kod: 25K0182336","Diğer","",""
4982,"2424 ALİNÇE","6899",80,"Nebim Kod: 25K0182424","Diğer","",""
4983,"2436 ALİNÇE","8399",80,"Nebim Kod: 25K0182436","Diğer","",""
4984,"3052 ALİNCE","4099",40,"Nebim Kod: 25K0183052","Diğer","",""
4985,"3054 ALİNCE","4099",80,"Nebim Kod: 25K0183054","Diğer","",""
4986,"3055 ALİNÇE","3499",40,"Nebim Kod: 25K0183055","Diğer","",""
4987,"8203 ALİNÇE","3499",120,"Nebim Kod: 25K0188203","Diğer","",""
4988,"8205 ALİNÇE","4099",100,"Nebim Kod: 25K0188205","Diğer","",""
4989,"8206 ALİNÇE","3499",70,"Nebim Kod: 25K0188206","Diğer","",""
4990,"8208 ALİNÇE","3499",50,"Nebim Kod: 25K0188208","Diğer","",""
4991,"8210 ALİNÇE","2499",60,"Nebim Kod: 25K0188210","Diğer","",""
4992,"8211 ALİNÇE","2499",60,"Nebim Kod: 25K0188211","Diğer","",""
4993,"8213 ALİNÇE","3499",40,"Nebim Kod: 25K0188213","Diğer","",""
4994,"8217 ALİNÇE","4099",80,"Nebim Kod: 25K0188217","Diğer","",""
4995,"1300 MİANOTTE","5799",40,"Nebim Kod: 25K0461300","Diğer","",""
4996,"1301 MİANOTTE","4999",120,"Nebim Kod: 25K0461301","Diğer","",""
4997,"1302 MİANOTTE","6129",40,"Nebim Kod: 25K0461302","Diğer","",""
4998,"1304 MİANOTTE","7909",40,"Nebim Kod: 25K0461304","Diğer","",""
4999,"1305 MİANOTTE","6129",80,"Nebim Kod: 25K0461305","Diğer","",""
5000,"1306 MİANOTTE","6129",40,"Nebim Kod: 25K0461306","Diğer","",""
5001,"1307 MİANOTTE","5239",40,"Nebim Kod: 25K0461307","Diğer","",""
5002,"165 MİANOTTE","5399",60,"Nebim Kod: 25K046165","Diğer","",""
5003,"166 MİANOTTE","6129",20,"Nebim Kod: 25K046166","Diğer","",""
5004,"3301 MİANOTTE","3869",40,"Nebim Kod: 25K0463301","Diğer","",""
5005,"3302 MİANOTTE","3529",40,"Nebim Kod: 25K0463302","Diğer","",""
5006,"3303 MİANOTTE","3299",120,"Nebim Kod: 25K0463303","Diğer","",""
5007,"3304 MİANOTTE","1429",40,"Nebim Kod: 25K0463304","Diğer","",""
5008,"3305 MİANOTTE","2999",40,"Nebim Kod: 25K0463305","Diğer","",""
5009,"3306 MİANOTTE","3199",80,"Nebim Kod: 25K0463306","Diğer","",""
5010,"3308 MİANOTTE","3299",40,"Nebim Kod: 25K0463308","Diğer","",""
5011,"3309 MİANOTTE","4359",80,"Nebim Kod: 25K0463309","Diğer","",""
5012,"3310 MİANOTTE","3909",40,"Nebim Kod: 25K0463310","Diğer","",""
5013,"3311 MİANOTTE","4359",40,"Nebim Kod: 25K0463311","Diğer","",""
5014,"3312 MİANOTTE","3469",40,"Nebim Kod: 25K0463312","Diğer","",""
5015,"3313 MİANOTTE","6129",80,"Nebim Kod: 25K0463313","Diğer","",""
5016,"3314 MİANOTTE","3469",40,"Nebim Kod: 25K0463314","Diğer","",""
5017,"3315 MİANOTTE","3469",80,"Nebim Kod: 25K0463315","Diğer","",""
5018,"3316 MİANOTTE","4090",40,"Nebim Kod: 25K0463316","Diğer","",""
5019,"3317 MİANOTTE","3465",40,"Nebim Kod: 25K0463317","Diğer","",""
5020,"3318 MİANOTTE","3909",40,"Nebim Kod: 25K0463318","Diğer","",""
5021,"3319 MİANOTTE","3139",40,"Nebim Kod: 25K0463319","Diğer","",""
5022,"3320 MİANOTTE","3909",40,"Nebim Kod: 25K0463320","Diğer","",""
5023,"3321 MİANOTTE","3909",80,"Nebim Kod: 25K0463321","Diğer","",""
5024,"3322 MİANOTTE","4359",40,"Nebim Kod: 25K0463322","Diğer","",""
5025,"3323 MİANOTTE","3379",40,"Nebim Kod: 25K0463323","Diğer","",""
5026,"3325 MİANOTTE","4359",40,"Nebim Kod: 25K0463325","Diğer","",""
5027,"3326 MİANOTTE","3999",40,"Nebim Kod: 25K0463326","Diğer","",""
5028,"3327 MİANOTTE","3199",40,"Nebim Kod: 25K0463327","Diğer","",""
5029,"380 MİANOTTE","3499",60,"Nebim Kod: 25K046380","Diğer","",""
5030,"382 MİANOTTE","3499",40,"Nebim Kod: 25K046382","Diğer","",""
5031,"383 MİANOTTE","3299",20,"Nebim Kod: 25K046383","Diğer","",""
5032,"384 MİANOTTE","1689",20,"Nebim Kod: 25K046384","Diğer","",""
5033,"385 MİANOTTE","4089",20,"Nebim Kod: 25K046385","Diğer","",""
5034,"387 MİANOTTE","6669",40,"Nebim Kod: 25K046387","Diğer","",""
5035,"389 MİANOTTE","3299",20,"Nebim Kod: 25K046389","Diğer","",""
5036,"600 MİANOTTE","3499",60,"Nebim Kod: 25K046600","Diğer","",""
5037,"6001 MİANOTTE","3299",120,"Nebim Kod: 25K0466001","Diğer","",""
5038,"6002 MİANOTTE","2999",40,"Nebim Kod: 25K0466002","Diğer","",""
5039,"6005 MİANOTTE","3499",40,"Nebim Kod: 25K0466005","Diğer","",""
5040,"6006 MİANOTTE","2399",40,"Nebim Kod: 25K0466006","Diğer","",""
5041,"6007 MİANOTTE","2699",40,"Nebim Kod: 25K0466007","Diğer","",""
5042,"6008 MİANOTTE","3199",40,"Nebim Kod: 25K0466008","Diğer","",""
5043,"6009 MİANOTTE","2999",40,"Nebim Kod: 25K0466009","Diğer","",""
5044,"601 MİANOTTE","3869",20,"Nebim Kod: 25K046601","Diğer","",""
5045,"6010 MİANOTTE","1799",40,"Nebim Kod: 25K0466010","Diğer","",""
5046,"6011 MİANOTTE","2999",80,"Nebim Kod: 25K0466011","Diğer","",""
5047,"6013 MİANOTTE","1599",40,"Nebim Kod: 25K0466013","Diğer","",""
5048,"6014 MİANOTTE","3029",40,"Nebim Kod: 25K0466014","Diğer","",""
5049,"6015 MİANOTTE","3729",80,"Nebim Kod: 25K0466015","Diğer","",""
5050,"6016 MİANOTTE","3469",80,"Nebim Kod: 25K0466016","Diğer","",""
5051,"6017 MİANOTTE","3289",40,"Nebim Kod: 25K0466017","Diğer","",""
5052,"6018 MİANOTTE","3199",40,"Nebim Kod: 25K0466018","Diğer","",""
5053,"6019 MİANOTTE","4359",40,"Nebim Kod: 25K0466019","Diğer","",""
5054,"602 MİANOTTE","3299",40,"Nebim Kod: 25K046602","Diğer","",""
5055,"6020 MİANOTTE","2579",40,"Nebim Kod: 25K0466020","Diğer","",""
5056,"6021 MİANOTTE","2309",40,"Nebim Kod: 25K0466021","Diğer","",""
5057,"6022 MİANOTTE","3729",40,"Nebim Kod: 25K0466022","Diğer","",""
5058,"6023 MİANOTTE","3465",80,"Nebim Kod: 25K0466023","Diğer","",""
5059,"6024 MİANOTTE","3729",40,"Nebim Kod: 25K0466024","Diğer","",""
5060,"6025 MİANOTTE","3379",40,"Nebim Kod: 25K0466025","Diğer","",""
5061,"6026 MİANOTTE","2139",40,"Nebim Kod: 25K0466026","Diğer","",""
5062,"6027 MİANOTTE","2579",80,"Nebim Kod: 25K0466027","Diğer","",""
5063,"603 MİANOTTE","2899",20,"Nebim Kod: 25K046603","Diğer","",""
5064,"6030 MİANOTTE","2929",40,"Nebim Kod: 25K0466030","Diğer","",""
5065,"6032 MİANOTTE","3999",40,"Nebim Kod: 25K0466032","Diğer","",""
5066,"604 MİANOTTE","2599",40,"Nebim Kod: 25K046604","Diğer","",""
5067,"605 MİANOTTE","3299",20,"Nebim Kod: 25K046605","Diğer","",""
5068,"606 MİANOTTE","1799",20,"Nebim Kod: 25K046606","Diğer","",""
5069,"607 MİANOTTE","4089",40,"Nebim Kod: 25K046607","Diğer","",""
5070,"608 MİANOTTE","3559",20,"Nebim Kod: 25K046608","Diğer","",""
5071,"611 MİANOTTE","2219",20,"Nebim Kod: 25K046611","Diğer","",""
5072,"612 MİANOTTE","3639",20,"Nebim Kod: 25K046612","Diğer","",""
5073,"613 MİANOTTE","2579",20,"Nebim Kod: 25K046613","Diğer","",""
5074,"7720 MİANOTTE","7019",40,"Nebim Kod: 25K0467720","Diğer","",""
5075,"8350 MİANOTTE","3999",40,"Nebim Kod: 25K0468350","Diğer","",""
5076,"8351 MİANOTTE","3299",40,"Nebim Kod: 25K0468351","Diğer","",""
5077,"8352 MİANOTTE","4699",80,"Nebim Kod: 25K0468352","Diğer","",""
5078,"8353 MİANOTTE","3899",80,"Nebim Kod: 25K0468353","Diğer","",""
5079,"8355 MİONETTE","2299",40,"Nebim Kod: 25K0468355","Diğer","",""
5080,"8356 MİANOTTE","4119",40,"Nebim Kod: 25K0468356","Diğer","",""
5081,"8359 MİANOTTE","3909",40,"Nebim Kod: 25K0468359","Diğer","",""
5082,"8360 MİANOTTE","4619",40,"Nebim Kod: 25K0468360","Diğer","",""
5083,"8361 MİANOTTE","3909",40,"Nebim Kod: 25K0468361","Diğer","",""
5084,"8362 MİANOTTE","6129",80,"Nebim Kod: 25K0468362","Diğer","",""
5085,"8363 MİANOTTE","4359",40,"Nebim Kod: 25K0468363","Diğer","",""
5086,"900 MİANOTTE","4799",20,"Nebim Kod: 25K046900","Diğer","",""
5087,"901 MİANOTTE","5399",20,"Nebim Kod: 25K046901","Diğer","",""
5088,"902 MİANOTTE","8529",20,"Nebim Kod: 25K046902","Diğer","",""
5089,"903 MİANOTTE","4099",20,"Nebim Kod: 25K046903","Diğer","",""
5090,"904 MİANOTTE","4449",20,"Nebim Kod: 25K046904","Diğer","",""
5091,"905 MİANOTTE","5239",20,"Nebim Kod: 25K046905","Diğer","",""
5092,"906 MİANOTTE","5779",20,"Nebim Kod: 25K046906","Diğer","",""
5093,"9800 MİANOTTE","4999",40,"Nebim Kod: 25K0469800","Diğer","",""
5094,"9801 MİANOTTE","3899",40,"Nebim Kod: 25K0469801","Diğer","",""
5095,"9802 MİANOTTE","4399",40,"Nebim Kod: 25K0469802","Diğer","",""
5096,"9803 MİANOTTE","4999",40,"Nebim Kod: 25K0469803","Diğer","",""
5097,"9804 MİANOTTE","2999",40,"Nebim Kod: 25K0469804","Diğer","",""
5098,"9805 MİANOTTE","4699",80,"Nebim Kod: 25K0469805","Diğer","",""
5099,"9806 MİANOTTE","4999",40,"Nebim Kod: 25K0469806","Diğer","",""
5100,"9807 MİANOTTE","4359",40,"Nebim Kod: 25K0469807","Diğer","",""
5101,"9809 MİANOTTE","3899",40,"Nebim Kod: 25K0469809","Diğer","",""
5102,"9810 MİANOTTE","7479",40,"Nebim Kod: 25K0469810","Diğer","",""
5103,"9814 MİANOTTE","3699",80,"Nebim Kod: 25K0469814","Diğer","",""
5104,"9815 MİANOTTE","4959",40,"Nebim Kod: 25K0469815","Diğer","",""
5105,"9816 MİANOTTE","6129",40,"Nebim Kod: 25K0469816","Diğer","",""
5106,"9817 MİANOTTE","4799",40,"Nebim Kod: 25K0469817","Diğer","",""
5107,"9818 MİANOTTE","4269",80,"Nebim Kod: 25K0469818","Diğer","",""
5108,"9819 MİANOTTE","4359",80,"Nebim Kod: 25K0469819","Diğer","",""
5109,"9820 MİANOTTE","5689",20,"Nebim Kod: 25K0469820","Diğer","",""
5110,"9821 MİANOTTE","5689",40,"Nebim Kod: 25K0469821","Diğer","",""
5111,"9822 MİANOTTE","5239",40,"Nebim Kod: 25K0469822","Diğer","",""
5112,"9823 MİANOTTE","5239",40,"Nebim Kod: 25K0469823","Diğer","",""
5113,"9824 MİANOTTE","4799",40,"Nebim Kod: 25K0469824","Diğer","",""
5114,"9825 MİANOTTE","5239",80,"Nebim Kod: 25K0469825","Diğer","",""
5115,"9826 MİANOTTE","5239",40,"Nebim Kod: 25K0469826","Diğer","",""
5116,"9827 MİANOTTE","4359",80,"Nebim Kod: 25K0469827","Diğer","",""
5117,"9830 MİANOTTE","5239",40,"Nebim Kod: 25K0469830","Diğer","",""
5118,"105 CHIPSA","3999",40,"Nebim Kod: 25K047105","Diğer","",""
5119,"113 CHIPSA","3999",40,"Nebim Kod: 25K047113","Diğer","",""
5120,"124 CHIPSA","3999",40,"Nebim Kod: 25K047124","Diğer","",""
5121,"125 CHIPSA","3999",40,"Nebim Kod: 25K047125","Diğer","",""
5122,"126 CHIPSA","3999",40,"Nebim Kod: 25K047126","Diğer","",""
5123,"127 CHIPSA","3999",40,"Nebim Kod: 25K047127","Diğer","",""
5124,"128 CHIPSA","3999",80,"Nebim Kod: 25K047128","Diğer","",""
5125,"129 CHIPSA","3999",40,"Nebim Kod: 25K047129","Diğer","",""
5126,"132 CHIPSA","3999",80,"Nebim Kod: 25K047132","Diğer","",""
5127,"133 CHIPSA","3999",40,"Nebim Kod: 25K047133","Diğer","",""
5128,"1976 CHIPSA","3999",40,"Nebim Kod: 25K0471976","Diğer","",""
5129,"800 CHIPSA","3999",50,"Nebim Kod: 25K047800","Diğer","",""
5130,"801 CHIPSA","3999",50,"Nebim Kod: 25K047801","Diğer","",""
5131,"906 CHISPA","3999",40,"Nebim Kod: 25K047906","Diğer","",""
5132,"969 CHIPSA","3999",40,"Nebim Kod: 25K047969","Diğer","",""
5133,"18148 EXPLOSION","1599",40,"Nebim Kod: 25K07618148","Diğer","",""
5134,"18153B EXPLOSION","1949",10,"Nebim Kod: 25K07618153BBEJ42","Diğer","",""
5135,"18153B EXPLOSION","1949",10,"Nebim Kod: 25K07618153BBEJ44","Diğer","",""
5136,"18153B EXPLOSION","1949",10,"Nebim Kod: 25K07618153BBEJ46","Diğer","",""
5137,"18153B EXPLOSION","1949",10,"Nebim Kod: 25K07618153BBEJ48","Diğer","",""
5138,"18153B EXPLOSION","1949",10,"Nebim Kod: 25K07618153BSYH42","Diğer","",""
5139,"18153B EXPLOSION","1949",10,"Nebim Kod: 25K07618153BSYH44","Diğer","",""
5140,"18153B EXPLOSION","1949",10,"Nebim Kod: 25K07618153BSYH46","Diğer","",""
5141,"18153B EXPLOSION","1949",10,"Nebim Kod: 25K07618153BSYH48","Diğer","",""
5142,"18410 EXPLOSİON","2149",40,"Nebim Kod: 25K07618410","Diğer","",""
5143,"18410B EXPLOSİON","2349",10,"Nebim Kod: 25K07618410BHAK42","Diğer","",""
5144,"18410B EXPLOSİON","2349",10,"Nebim Kod: 25K07618410BHAK44","Diğer","",""
5145,"18410B EXPLOSİON","2349",10,"Nebim Kod: 25K07618410BHAK46","Diğer","",""
5146,"18410B EXPLOSİON","2349",10,"Nebim Kod: 25K07618410BHAK48","Diğer","",""
5147,"18410B EXPLOSİON","2349",10,"Nebim Kod: 25K07618410BKAH42","Diğer","",""
5148,"18410B EXPLOSİON","2349",10,"Nebim Kod: 25K07618410BKAH44","Diğer","",""
5149,"18410B EXPLOSİON","2349",10,"Nebim Kod: 25K07618410BKAH46","Diğer","",""
5150,"18410B EXPLOSİON","2349",10,"Nebim Kod: 25K07618410BKAH48","Diğer","",""
5151,"18411B EXPLOSION","2499",10,"Nebim Kod: 25K07618411BEKR42","Diğer","",""
5152,"18411B EXPLOSION","2499",10,"Nebim Kod: 25K07618411BEKR44","Diğer","",""
5153,"18411B EXPLOSION","2499",10,"Nebim Kod: 25K07618411BEKR46","Diğer","",""
5154,"18411B EXPLOSION","2499",10,"Nebim Kod: 25K07618411BEKR48","Diğer","",""
5155,"18411B EXPLOSION","2499",10,"Nebim Kod: 25K07618411BSYH42","Diğer","",""
5156,"18411B EXPLOSION","2499",10,"Nebim Kod: 25K07618411BSYH44","Diğer","",""
5157,"18411B EXPLOSION","2499",10,"Nebim Kod: 25K07618411BSYH46","Diğer","",""
5158,"18411B EXPLOSION","2499",10,"Nebim Kod: 25K07618411BSYH48","Diğer","",""
5159,"18421 EXPLOSİON","2499",80,"Nebim Kod: 25K07618421","Diğer","",""
5160,"18429 EXPLOSION","2049",40,"Nebim Kod: 25K07618429","Diğer","",""
5161,"18429B EXPLOSION","2249",10,"Nebim Kod: 25K07618429BBEJ42","Diğer","",""
5162,"18429B EXPLOSION","2249",10,"Nebim Kod: 25K07618429BBEJ44","Diğer","",""
5163,"18429B EXPLOSION","2249",10,"Nebim Kod: 25K07618429BBEJ46","Diğer","",""
5164,"18429B EXPLOSION","2249",10,"Nebim Kod: 25K07618429BBEJ48","Diğer","",""
5165,"18429B EXPLOSION","2249",10,"Nebim Kod: 25K07618429BGRİ42","Diğer","",""
5166,"18429B EXPLOSION","2249",10,"Nebim Kod: 25K07618429BGRİ44","Diğer","",""
5167,"18429B EXPLOSION","2249",10,"Nebim Kod: 25K07618429BGRİ46","Diğer","",""
5168,"18429B EXPLOSION","2249",10,"Nebim Kod: 25K07618429BGRİ48","Diğer","",""
5169,"18439B EXPLOSION","2399",10,"Nebim Kod: 25K07618439BKAH42","Diğer","",""
5170,"18439B EXPLOSION","2399",10,"Nebim Kod: 25K07618439BKAH44","Diğer","",""
5171,"18439B EXPLOSION","2399",10,"Nebim Kod: 25K07618439BKAH46","Diğer","",""
5172,"18439B EXPLOSION","2399",10,"Nebim Kod: 25K07618439BKAH48","Diğer","",""
5173,"18440 EXPLOSİON","2349",80,"Nebim Kod: 25K07618440","Diğer","",""
5174,"18443 EXPLOSİON","2149",80,"Nebim Kod: 25K07618443","Diğer","",""
5175,"18443B EXPLOSION","2349",10,"Nebim Kod: 25K07618443BEKR42","Diğer","",""
5176,"18443B EXPLOSION","2349",10,"Nebim Kod: 25K07618443BEKR44","Diğer","",""
5177,"18443B EXPLOSION","2349",10,"Nebim Kod: 25K07618443BEKR46","Diğer","",""
5178,"18443B EXPLOSION","2349",10,"Nebim Kod: 25K07618443BEKR48","Diğer","",""
5179,"18443B EXPLOSION","2349",10,"Nebim Kod: 25K07618443BSYH42","Diğer","",""
5180,"18443B EXPLOSION","2349",10,"Nebim Kod: 25K07618443BSYH44","Diğer","",""
5181,"18443B EXPLOSION","2349",10,"Nebim Kod: 25K07618443BSYH46","Diğer","",""
5182,"18443B EXPLOSION","2349",10,"Nebim Kod: 25K07618443BSYH48","Diğer","",""
5183,"18445 EXPLOSİON","2349",40,"Nebim Kod: 25K07618445","Diğer","",""
5184,"18445B EXPLOSİON","2499",10,"Nebim Kod: 25K07618445BHAK42","Diğer","",""
5185,"18445B EXPLOSİON","2499",10,"Nebim Kod: 25K07618445BHAK44","Diğer","",""
5186,"18445B EXPLOSİON","2499",10,"Nebim Kod: 25K07618445BHAK46","Diğer","",""
5187,"18445B EXPLOSİON","2499",10,"Nebim Kod: 25K07618445BHAK48","Diğer","",""
5188,"18446 EXPLOSION","1949",80,"Nebim Kod: 25K07618446","Diğer","",""
5189,"18453 EXPLOSION","2549",80,"Nebim Kod: 25K07618453","Diğer","",""
5190,"18460 EXPLOSION","2349",80,"Nebim Kod: 25K07618460","Diğer","",""
5191,"18462B EXPLOSION","2399",10,"Nebim Kod: 25K07618462BHAK42","Diğer","",""
5192,"18462B EXPLOSION","2399",10,"Nebim Kod: 25K07618462BHAK44","Diğer","",""
5193,"18462B EXPLOSION","2399",10,"Nebim Kod: 25K07618462BHAK46","Diğer","",""
5194,"18462B EXPLOSION","2399",10,"Nebim Kod: 25K07618462BHAK48","Diğer","",""
5195,"18462B EXPLOSION","2399",10,"Nebim Kod: 25K07618462BKAH42","Diğer","",""
5196,"18462B EXPLOSION","2399",10,"Nebim Kod: 25K07618462BKAH44","Diğer","",""
5197,"18462B EXPLOSION","2399",10,"Nebim Kod: 25K07618462BKAH46","Diğer","",""
5198,"18462B EXPLOSION","2399",10,"Nebim Kod: 25K07618462BKAH48","Diğer","",""
5199,"18463 EXPLOSION","2699",80,"Nebim Kod: 25K07618463","Diğer","",""
5200,"18463B EXPLOSİON","2899",10,"Nebim Kod: 25K07618463BHAK42","Diğer","",""
5201,"18463B EXPLOSİON","2899",10,"Nebim Kod: 25K07618463BHAK44","Diğer","",""
5202,"18463B EXPLOSİON","2899",10,"Nebim Kod: 25K07618463BHAK46","Diğer","",""
5203,"18463B EXPLOSİON","2899",10,"Nebim Kod: 25K07618463BHAK48","Diğer","",""
5204,"18465B EXPLOSION","2699",10,"Nebim Kod: 25K07618465BLAV42","Diğer","",""
5205,"18465B EXPLOSION","2699",10,"Nebim Kod: 25K07618465BLAV44","Diğer","",""
5206,"18465B EXPLOSION","2699",10,"Nebim Kod: 25K07618465BLAV46","Diğer","",""
5207,"18465B EXPLOSION","2699",10,"Nebim Kod: 25K07618465BLAV48","Diğer","",""
5208,"18465B EXPLOSION","2699",10,"Nebim Kod: 25K07618465BSYH42","Diğer","",""
5209,"18465B EXPLOSION","2699",10,"Nebim Kod: 25K07618465BSYH44","Diğer","",""
5210,"18465B EXPLOSION","2699",10,"Nebim Kod: 25K07618465BSYH46","Diğer","",""
5211,"18465B EXPLOSION","2699",10,"Nebim Kod: 25K07618465BSYH48","Diğer","",""
5212,"18470 EXPLOSION","2349",80,"Nebim Kod: 25K07618470","Diğer","",""
5213,"18470B EXPLOSİON","2499",10,"Nebim Kod: 25K07618470BHAK42","Diğer","",""
5214,"18470B EXPLOSİON","2499",10,"Nebim Kod: 25K07618470BHAK44","Diğer","",""
5215,"18470B EXPLOSİON","2499",10,"Nebim Kod: 25K07618470BHAK46","Diğer","",""
5216,"18470B EXPLOSİON","2499",10,"Nebim Kod: 25K07618470BHAK48","Diğer","",""
5217,"18470B EXPLOSİON","2499",10,"Nebim Kod: 25K07618470BKAH42","Diğer","",""
5218,"18470B EXPLOSİON","2499",10,"Nebim Kod: 25K07618470BKAH44","Diğer","",""
5219,"18470B EXPLOSİON","2499",10,"Nebim Kod: 25K07618470BKAH46","Diğer","",""
5220,"18470B EXPLOSİON","2499",10,"Nebim Kod: 25K07618470BKAH48","Diğer","",""
5221,"18472 EXPLOSION","2549",80,"Nebim Kod: 25K07618472","Diğer","",""
5222,"18493 EXPLOSİON","2349",80,"Nebim Kod: 25K07618493","Diğer","",""
5223,"18506 EXPLOSION","3099",40,"Nebim Kod: 25K07618506","Diğer","",""
5224,"22401 EXPLOSION","2349",80,"Nebim Kod: 25K07622401","Diğer","",""
5225,"22402 EXPLOSİON","2499",40,"Nebim Kod: 25K07622402","Diğer","",""
5226,"22402B EXPLOSİON","2699",10,"Nebim Kod: 25K07622402BKAH42","Diğer","",""
5227,"22402B EXPLOSİON","2699",10,"Nebim Kod: 25K07622402BKAH44","Diğer","",""
5228,"22402B EXPLOSİON","2699",10,"Nebim Kod: 25K07622402BKAH46","Diğer","",""
5229,"22402B EXPLOSİON","2699",10,"Nebim Kod: 25K07622402BKAH48","Diğer","",""
5230,"22412 EXPLOSION","2799",80,"Nebim Kod: 25K07622412","Diğer","",""
5231,"42603 EXPLOSİON","2399",40,"Nebim Kod: 25K07642603","Diğer","",""
5232,"42603B EXPLOSION","2599",10,"Nebim Kod: 25K07642603BSYH42","Diğer","",""
5233,"42603B EXPLOSION","2599",10,"Nebim Kod: 25K07642603BSYH44","Diğer","",""
5234,"42603B EXPLOSION","2599",10,"Nebim Kod: 25K07642603BSYH46","Diğer","",""
5235,"42603B EXPLOSION","2599",10,"Nebim Kod: 25K07642603BSYH48","Diğer","",""
5236,"42604B EXPLOSİON","2799",10,"Nebim Kod: 25K07642604BHAK42","Diğer","",""
5237,"42604B EXPLOSİON","2799",10,"Nebim Kod: 25K07642604BHAK44","Diğer","",""
5238,"42604B EXPLOSİON","2799",10,"Nebim Kod: 25K07642604BHAK46","Diğer","",""
5239,"42604B EXPLOSİON","2799",10,"Nebim Kod: 25K07642604BHAK48","Diğer","",""
5240,"42605 EXPLOSION","2599",40,"Nebim Kod: 25K07642605","Diğer","",""
5241,"42605B EXPLOSION","2799",10,"Nebim Kod: 25K07642605BBEJ42","Diğer","",""
5242,"42605B EXPLOSION","2799",10,"Nebim Kod: 25K07642605BBEJ44","Diğer","",""
5243,"42605B EXPLOSION","2799",10,"Nebim Kod: 25K07642605BBEJ46","Diğer","",""
5244,"42605B EXPLOSION","2799",10,"Nebim Kod: 25K07642605BBEJ48","Diğer","",""
5245,"42606 EXPLOSION","3099",40,"Nebim Kod: 25K07642606","Diğer","",""
5246,"42622B EXPLOSION","2149",10,"Nebim Kod: 25K07642622BHAK42","Diğer","",""
5247,"42622B EXPLOSION","2149",10,"Nebim Kod: 25K07642622BHAK44","Diğer","",""
5248,"42622B EXPLOSION","2149",10,"Nebim Kod: 25K07642622BHAK46","Diğer","",""
5249,"42622B EXPLOSION","2149",10,"Nebim Kod: 25K07642622BHAK48","Diğer","",""
5250,"42622B EXPLOSION","2149",10,"Nebim Kod: 25K07642622BSYH42","Diğer","",""
5251,"42622B EXPLOSION","2149",10,"Nebim Kod: 25K07642622BSYH44","Diğer","",""
5252,"42622B EXPLOSION","2149",10,"Nebim Kod: 25K07642622BSYH46","Diğer","",""
5253,"42622B EXPLOSION","2149",10,"Nebim Kod: 25K07642622BSYH48","Diğer","",""
5254,"42630 EXPLOSION","2799",40,"Nebim Kod: 25K07642630","Diğer","",""
5255,"42633 EXPLOSION","2399",80,"Nebim Kod: 25K07642633","Diğer","",""
5256,"42643 EXPLOSION","2499",80,"Nebim Kod: 25K07642643","Diğer","",""
5257,"42643B EXPLOSİON","2699",10,"Nebim Kod: 25K07642643BHAK42","Diğer","",""
5258,"42643B EXPLOSİON","2699",10,"Nebim Kod: 25K07642643BHAK44","Diğer","",""
5259,"42643B EXPLOSİON","2699",10,"Nebim Kod: 25K07642643BHAK46","Diğer","",""
5260,"42643B EXPLOSİON","2699",10,"Nebim Kod: 25K07642643BHAK48","Diğer","",""
5261,"42643B EXPLOSİON","2699",10,"Nebim Kod: 25K07642643BKAH42","Diğer","",""
5262,"42643B EXPLOSİON","2699",10,"Nebim Kod: 25K07642643BKAH44","Diğer","",""
5263,"42643B EXPLOSİON","2699",10,"Nebim Kod: 25K07642643BKAH46","Diğer","",""
5264,"42643B EXPLOSİON","2699",10,"Nebim Kod: 25K07642643BKAH48","Diğer","",""
5265,"42644 EXPLOSION","2549",80,"Nebim Kod: 25K07642644","Diğer","",""
5266,"42649 EXPLOSION","2799",80,"Nebim Kod: 25K07642649","Diğer","",""
5267,"42664 EXPLOSION","2499",80,"Nebim Kod: 25K07642664","Diğer","",""
5268,"42664B EXPLOSION","2699",10,"Nebim Kod: 25K07642664BSYH42","Diğer","",""
5269,"42664B EXPLOSION","2699",10,"Nebim Kod: 25K07642664BSYH44","Diğer","",""
5270,"42664B EXPLOSION","2699",10,"Nebim Kod: 25K07642664BSYH46","Diğer","",""
5271,"42664B EXPLOSION","2699",10,"Nebim Kod: 25K07642664BSYH48","Diğer","",""
5272,"57863 EXPLOSION","4649",80,"Nebim Kod: 25K07657863","Diğer","",""
5273,"57874 EXPLOSİON","2899",40,"Nebim Kod: 25K07657874","Diğer","",""
5274,"57874B EXPLOSİON","3099",10,"Nebim Kod: 25K07657874BHAK42","Diğer","",""
5275,"57874B EXPLOSİON","3099",10,"Nebim Kod: 25K07657874BHAK44","Diğer","",""
5276,"57874B EXPLOSİON","3099",10,"Nebim Kod: 25K07657874BHAK46","Diğer","",""
5277,"57874B EXPLOSİON","3099",10,"Nebim Kod: 25K07657874BHAK48","Diğer","",""
5278,"57882 EXPLOSION","3299",40,"Nebim Kod: 25K07657882","Diğer","",""
5279,"57883 EXPLOSION","3099",40,"Nebim Kod: 25K07657883","Diğer","",""
5280,"57888 EXPLOSION","3499",80,"Nebim Kod: 25K07657888","Diğer","",""
5281,"57890 EXPLOSİON","3799",40,"Nebim Kod: 25K07657890","Diğer","",""
5282,"57893B EXPLOSION","3899",10,"Nebim Kod: 25K07657893BKAH42","Diğer","",""
5283,"57893B EXPLOSION","3899",10,"Nebim Kod: 25K07657893BKAH44","Diğer","",""
5284,"57893B EXPLOSION","3899",10,"Nebim Kod: 25K07657893BKAH46","Diğer","",""
5285,"57893B EXPLOSION","3899",10,"Nebim Kod: 25K07657893BKAH48","Diğer","",""
5286,"57895 EXPLOSION","4749",80,"Nebim Kod: 25K07657895","Diğer","",""
5287,"57899B EXPLOSİON","5049",10,"Nebim Kod: 25K07657899BHAK42","Diğer","",""
5288,"57899B EXPLOSİON","5049",10,"Nebim Kod: 25K07657899BHAK44","Diğer","",""
5289,"57899B EXPLOSİON","5049",10,"Nebim Kod: 25K07657899BHAK46","Diğer","",""
5290,"57899B EXPLOSİON","5049",10,"Nebim Kod: 25K07657899BHAK48","Diğer","",""
5291,"57899B EXPLOSİON","5049",10,"Nebim Kod: 25K07657899BKAH42","Diğer","",""
5292,"57899B EXPLOSİON","5049",10,"Nebim Kod: 25K07657899BKAH44","Diğer","",""
5293,"57899B EXPLOSİON","5049",10,"Nebim Kod: 25K07657899BKAH46","Diğer","",""
5294,"57899B EXPLOSİON","5049",10,"Nebim Kod: 25K07657899BKAH48","Diğer","",""
5295,"57906 EXPLOSION","3899",40,"Nebim Kod: 25K07657906","Diğer","",""
5296,"57927 EXPLOSION","3599",40,"Nebim Kod: 25K07657927","Diğer","",""
5297,"57929 EXPLOSION","3099",40,"Nebim Kod: 25K07657929","Diğer","",""
5298,"57929B EXPLOSION","3299",10,"Nebim Kod: 25K07657929BHAK42","Diğer","",""
5299,"57929B EXPLOSION","3299",10,"Nebim Kod: 25K07657929BHAK44","Diğer","",""
5300,"57929B EXPLOSION","3299",10,"Nebim Kod: 25K07657929BHAK46","Diğer","",""
5301,"57929B EXPLOSION","3299",10,"Nebim Kod: 25K07657929BHAK48","Diğer","",""
5302,"57937 EXPLOSION","3799",40,"Nebim Kod: 25K07657937","Diğer","",""
5303,"57949 EXPLOSION","4449",80,"Nebim Kod: 25K07657949","Diğer","",""
5304,"80058B EXPLOSION","6199",10,"Nebim Kod: 25K076580058SYH42","Diğer","",""
5305,"80058B EXPLOSION","6199",10,"Nebim Kod: 25K076580058SYH44","Diğer","",""
5306,"80058B EXPLOSION","6199",10,"Nebim Kod: 25K076580058SYH46","Diğer","",""
5307,"80058B EXPLOSION","6199",10,"Nebim Kod: 25K076580058SYH48","Diğer","",""
5308,"62410 EXPLOSİON","4249",40,"Nebim Kod: 25K07662410","Diğer","",""
5309,"62410B EXPLOSION","4449",10,"Nebim Kod: 25K07662410BHAK42","Diğer","",""
5310,"62410B EXPLOSION","4449",10,"Nebim Kod: 25K07662410BHAK44","Diğer","",""
5311,"62410B EXPLOSION","4449",10,"Nebim Kod: 25K07662410BHAK46","Diğer","",""
5312,"62410B EXPLOSION","4449",10,"Nebim Kod: 25K07662410BHAK48","Diğer","",""
5313,"62410B EXPLOSION","4449",10,"Nebim Kod: 25K07662410BSYH42","Diğer","",""
5314,"62410B EXPLOSION","4449",10,"Nebim Kod: 25K07662410BSYH44","Diğer","",""
5315,"62410B EXPLOSION","4449",10,"Nebim Kod: 25K07662410BSYH46","Diğer","",""
5316,"62410B EXPLOSION","4449",10,"Nebim Kod: 25K07662410BSYH48","Diğer","",""
5317,"62414 EXPLOSION","5199",40,"Nebim Kod: 25K07662414","Diğer","",""
5318,"72409 EXPLOSION","4349",80,"Nebim Kod: 25K07672409","Diğer","",""
5319,"72413 EXPLOSION","5049",40,"Nebim Kod: 25K07672413","Diğer","",""
5320,"72421 EXPLOSION","4249",40,"Nebim Kod: 25K07672421","Diğer","",""
5321,"80040 EXPLOSION","5249",40,"Nebim Kod: 25K07680040","Diğer","",""
5322,"80040B EXPLOSION","5399",10,"Nebim Kod: 25K07680040BMOR42","Diğer","",""
5323,"80040B EXPLOSION","5399",10,"Nebim Kod: 25K07680040BMOR44","Diğer","",""
5324,"80040B EXPLOSION","5399",10,"Nebim Kod: 25K07680040BMOR46","Diğer","",""
5325,"80040B EXPLOSION","5399",10,"Nebim Kod: 25K07680040BMOR48","Diğer","",""
5326,"80048 EXPLOSION","5699",40,"Nebim Kod: 25K07680048","Diğer","",""
5327,"80049 EXPLOSION","5049",40,"Nebim Kod: 25K07680049","Diğer","",""
5328,"80049B EXPLOSION","5199",10,"Nebim Kod: 25K07680049BSYH42","Diğer","",""
5329,"80049B EXPLOSION","5199",10,"Nebim Kod: 25K07680049BSYH44","Diğer","",""
5330,"80049B EXPLOSION","5199",10,"Nebim Kod: 25K07680049BSYH46","Diğer","",""
5331,"80049B EXPLOSION","5199",10,"Nebim Kod: 25K07680049BSYH48","Diğer","",""
5332,"80050 EXPLOSION","5399",80,"Nebim Kod: 25K07680050","Diğer","",""
5333,"80051 EXPLOSION","5049",80,"Nebim Kod: 25K07680051","Diğer","",""
5334,"80051B EXPLOSION","5249",10,"Nebim Kod: 25K07680051BHAK42","Diğer","",""
5335,"80051B EXPLOSION","5249",10,"Nebim Kod: 25K07680051BHAK44","Diğer","",""
5336,"80051B EXPLOSION","5249",10,"Nebim Kod: 25K07680051BHAK46","Diğer","",""
5337,"80051B EXPLOSION","5249",10,"Nebim Kod: 25K07680051BHAK48","Diğer","",""
5338,"80051B EXPLOSION","5249",10,"Nebim Kod: 25K07680051BKRM42","Diğer","",""
5339,"80051B EXPLOSION","5249",10,"Nebim Kod: 25K07680051BKRM44","Diğer","",""
5340,"80051B EXPLOSION","5249",10,"Nebim Kod: 25K07680051BKRM46","Diğer","",""
5341,"80051B EXPLOSION","5249",10,"Nebim Kod: 25K07680051BKRM48","Diğer","",""
5342,"80058 EXPLOSION","5999",40,"Nebim Kod: 25K07680058","Diğer","",""
5343,"80059 EXPLOSION","7649",40,"Nebim Kod: 25K07680059","Diğer","",""
5344,"80061 EXPLOSION","6949",40,"Nebim Kod: 25K07680061","Diğer","",""
5345,"80064 EXPLOSION","5049",80,"Nebim Kod: 25K07680064","Diğer","",""
5346,"80065 EXPLOSION","6299",40,"Nebim Kod: 25K07680065","Diğer","",""
5347,"80071 EXPLOSION","5049",40,"Nebim Kod: 25K07680071","Diğer","",""
5348,"11001 FEVER","3699",80,"Nebim Kod: 25K08711001","Diğer","",""
5349,"11007 FEVER","3449",40,"Nebim Kod: 25K08711007","Diğer","",""
5350,"11008 FEVER","4399",40,"Nebim Kod: 25K08711008","Diğer","",""
5351,"11010 FEVER","4699",40,"Nebim Kod: 25K08711010","Diğer","",""
5352,"12003 FEVER","2699",80,"Nebim Kod: 25K08712003","Diğer","",""
5353,"12005 FEVER","2399",30,"Nebim Kod: 25K08712005","Diğer","",""
5354,"12007 FEVER","2149",40,"Nebim Kod: 25K08712007","Diğer","",""
5355,"12010 FEVER","2899",40,"Nebim Kod: 25K08712010","Diğer","",""
5356,"12016 FEVER","2199",40,"Nebim Kod: 25K08712016","Diğer","",""
5357,"12017 FEVER","2299",40,"Nebim Kod: 25K08712017","Diğer","",""
5358,"12018 FEVER","2149",80,"Nebim Kod: 25K08712018","Diğer","",""
5359,"12019 FEVER","2399",40,"Nebim Kod: 25K08712019","Diğer","",""
5360,"12024 FEVER","2699",40,"Nebim Kod: 25K08712024","Diğer","",""
5361,"12027 FEVER","2499",40,"Nebim Kod: 25K08712027","Diğer","",""
5362,"12030 FEVER","2599",40,"Nebim Kod: 25K08712030","Diğer","",""
5363,"12032 FEVER","2599",40,"Nebim Kod: 25K08712032","Diğer","",""
5364,"12043 FEVER","2599",40,"Nebim Kod: 25K08712043","Diğer","",""
5365,"12045 FEVER","2299",40,"Nebim Kod: 25K08712045","Diğer","",""
5366,"12053 FEVER","2249",30,"Nebim Kod: 25K08712053","Diğer","",""
5367,"12056 FEVER","2699",40,"Nebim Kod: 25K08712056","Diğer","",""
5368,"12059 FEVER","2699",40,"Nebim Kod: 25K08712059","Diğer","",""
5369,"13002 FEVER","2149",40,"Nebim Kod: 25K08713002","Diğer","",""
5370,"13017 FEVER","2499",40,"Nebim Kod: 25K08713017","Diğer","",""
5371,"14006 FEVER","2599",30,"Nebim Kod: 25K08714006","Diğer","",""
5372,"14007 FEVER","2249",40,"Nebim Kod: 25K08714007","Diğer","",""
5373,"14016 FEVER","2849",30,"Nebim Kod: 25K08714016","Diğer","",""
5374,"14018 FEVER","1949",40,"Nebim Kod: 25K08714018","Diğer","",""
5375,"14022 FEVER","2599",80,"Nebim Kod: 25K08714022","Diğer","",""
5376,"14026 FEVER","1499",20,"Nebim Kod: 25K08714026","Diğer","",""
5377,"14027 FEVER","1599",30,"Nebim Kod: 25K08714027","Diğer","",""
5378,"14028 FEVER","1949",40,"Nebim Kod: 25K08714028","Diğer","",""
5379,"14032 FEVER","1999",40,"Nebim Kod: 25K08714032","Diğer","",""
5380,"14035 FEVER","2449",40,"Nebim Kod: 25K08714035","Diğer","",""
5381,"14036 FEVER","2799",40,"Nebim Kod: 25K08714036","Diğer","",""
5382,"14038 FEVER","2299",40,"Nebim Kod: 25K08714038","Diğer","",""
5383,"14047 FEVER","2499",40,"Nebim Kod: 25K08714047","Diğer","",""
5384,"14052 FEVER","2149",40,"Nebim Kod: 25K08714052","Diğer","",""
5385,"14053 FEVER","1899",40,"Nebim Kod: 25K08714053","Diğer","",""
5386,"14057 FEVER","1999",120,"Nebim Kod: 25K08714057","Diğer","",""
5387,"14058 FEVER","2399",40,"Nebim Kod: 25K08714058","Diğer","",""
5388,"14060 FEVER","1799",40,"Nebim Kod: 25K08714060","Diğer","",""
5389,"14072 FEVER","2199",40,"Nebim Kod: 25K08714072","Diğer","",""
5390,"14073 FEVER","1999",40,"Nebim Kod: 25K08714073","Diğer","",""
5391,"15003 FEVER","2999",40,"Nebim Kod: 25K08715003","Diğer","",""
5392,"15011 FEVER","3999",40,"Nebim Kod: 25K08715011","Diğer","",""
5393,"15016 FEVER","2399",40,"Nebim Kod: 25K08715016","Diğer","",""
5394,"16009 FEVER","2449",40,"Nebim Kod: 25K08716009","Diğer","",""
5395,"16011 FEVER","3699",40,"Nebim Kod: 25K08716011","Diğer","",""
5396,"16016 FEVER","4299",40,"Nebim Kod: 25K08716016","Diğer","",""
5397,"16017 FEVER","3999",40,"Nebim Kod: 25K08716017","Diğer","",""
5398,"16020 FEVER","3699",40,"Nebim Kod: 25K08716020","Diğer","",""
5399,"16021 FEVER","2599",40,"Nebim Kod: 25K08716021","Diğer","",""
5400,"16027 FEVER","3699",50,"Nebim Kod: 25K08716027","Diğer","",""
5401,"16030 FEVER","3699",40,"Nebim Kod: 25K08716030","Diğer","",""
5402,"16031 FEVER","3399",40,"Nebim Kod: 25K08716031","Diğer","",""
5403,"16039 FEVER","3299",80,"Nebim Kod: 25K08716039","Diğer","",""
5404,"16055 FEVER","4199",40,"Nebim Kod: 25K08716055","Diğer","",""
5405,"16057 FEVER","3599",40,"Nebim Kod: 25K08716057","Diğer","",""
5406,"16064 FEVER","6799",80,"Nebim Kod: 25K08716064","Diğer","",""
5407,"16066 FEVER","3349",40,"Nebim Kod: 25K08716066","Diğer","",""
5408,"17005 FEVER","2899",40,"Nebim Kod: 25K08717005","Diğer","",""
5409,"17010 FEVER","2699",40,"Nebim Kod: 25K08717010","Diğer","",""
5410,"17013 FEVER","2499",40,"Nebim Kod: 25K08717013","Diğer","",""
5411,"17015 FEVER","2499",40,"Nebim Kod: 25K08717015","Diğer","",""
5412,"17021 FEVER","2649",80,"Nebim Kod: 25K08717021","Diğer","",""
5413,"17022 FEVER","2399",40,"Nebim Kod: 25K08717022","Diğer","",""
5414,"17023 FEVER","2749",40,"Nebim Kod: 25K08717023","Diğer","",""
5415,"17032 FEVER","2599",40,"Nebim Kod: 25K08717032","Diğer","",""
5416,"17034 FEVER","3349",80,"Nebim Kod: 25K08717034","Diğer","",""
5417,"17036 FEVER","2999",40,"Nebim Kod: 25K08717036","Diğer","",""
5418,"7301 RETRO","6199",20,"Nebim Kod: 25K1217301","Diğer","",""
5419,"7303 RETRO","4949",20,"Nebim Kod: 25K1217303","Diğer","",""
5420,"7304 RETRO","7699",40,"Nebim Kod: 25K1217304","Diğer","",""
5421,"7403 RETRO","7599",20,"Nebim Kod: 25K1217403","Diğer","",""
5422,"7405 RETRO","5649",40,"Nebim Kod: 25K1217405","Diğer","",""
5423,"7410 RETRO","5099",20,"Nebim Kod: 25K1217410","Diğer","",""
5424,"7417 RETRO","5749",40,"Nebim Kod: 25K1217417","Diğer","",""
5425,"7421 RETRO","7399",20,"Nebim Kod: 25K1217421","Diğer","",""
5426,"7427 RETRO","7199",30,"Nebim Kod: 25K1217427","Diğer","",""
5427,"7433 RETRO","6199",20,"Nebim Kod: 25K1217433","Diğer","",""
5428,"7435 RETRO","5499",30,"Nebim Kod: 25K1217435","Diğer","",""
5429,"7436 RETRO","6699",20,"Nebim Kod: 25K1217436","Diğer","",""
5430,"8403 RETRO","3399",20,"Nebim Kod: 25K1218403","Diğer","",""
5431,"8404 RETRO","3699",20,"Nebim Kod: 25K1218404","Diğer","",""
5432,"9304 RETRO","5749",20,"Nebim Kod: 25K1219304","Diğer","",""
5433,"9305 RETRO","6499",20,"Nebim Kod: 25K1219305","Diğer","",""
5434,"2033 OMNIA","3999",90,"Nebim Kod: 25K1232033","Diğer","",""
5435,"2034 OMNIA","3999",120,"Nebim Kod: 25K1232034","Diğer","",""
5436,"2044 OMNIA","3999",240,"Nebim Kod: 25K1232044","Diğer","",""
5437,"2044K OMNIA","3999",90,"Nebim Kod: 25K1232044K","Diğer","",""
5438,"2850 OMNIA","4999",90,"Nebim Kod: 25K1232850","Diğer","",""
5439,"2880 OMNIA","4999",60,"Nebim Kod: 25K1232880","Diğer","",""
5440,"2900 OMNIA","4999",90,"Nebim Kod: 25K1232900","Diğer","",""
5441,"2920 OMNIA","4999",90,"Nebim Kod: 25K1232920","Diğer","",""
5442,"2950 OMNIA","4999",60,"Nebim Kod: 25K1232950","Diğer","",""
5443,"2960 OMNIA","4999",120,"Nebim Kod: 25K1232960","Diğer","",""
5444,"2970 OMNIA","4999",120,"Nebim Kod: 25K1232970","Diğer","",""
5445,"3140 OMNİA","8999",40,"Nebim Kod: 25K1233140","Diğer","",""
5446,"3150 OMNİA","8999",40,"Nebim Kod: 25K1233150","Diğer","",""
5447,"3160 OMNİA","8999",40,"Nebim Kod: 25K1233160","Diğer","",""
5448,"7033 OMNIA","3999",90,"Nebim Kod: 25K1237033","Diğer","",""
5449,"3320 PERZONI","2199",80,"Nebim Kod: 25K1253320","Diğer","",""
5450,"3324 PERZONI","2199",40,"Nebim Kod: 25K1253324","Diğer","",""
5451,"3350B PERZONI","1199",80,"Nebim Kod: 25K1253350B","Diğer","",""
5452,"4063B PERZONI","1099",80,"Nebim Kod: 25K1254063B","Diğer","",""
5453,"4103 PERZONI","1549",40,"Nebim Kod: 25K1254103","Diğer","",""
5454,"4199 PERZONI","3299",40,"Nebim Kod: 25K1254199","Diğer","",""
5455,"4249B PERZONI","1649",80,"Nebim Kod: 25K1254249B","Diğer","",""
5456,"4286B PERZONI","1099",80,"Nebim Kod: 25K1254286B","Diğer","",""
5457,"4451 PERZONI","1549",120,"Nebim Kod: 25K1254451","Diğer","",""
5458,"4451B PERZONI","1649",80,"Nebim Kod: 25K1254451B","Diğer","",""
5459,"4605 PERZONI","1549",80,"Nebim Kod: 25K1254605","Diğer","",""
5460,"4614 PERZONI","1749",40,"Nebim Kod: 25K1254614","Diğer","",""
5461,"4620B PERZONI","1099",80,"Nebim Kod: 25K1254620B","Diğer","",""
5462,"4646 PERZONI","1449",40,"Nebim Kod: 25K1254646","Diğer","",""
5463,"6390 PERZONI","2749",40,"Nebim Kod: 25K1256390","Diğer","",""
5464,"6434 PERZONI","3099",40,"Nebim Kod: 25K1256434","Diğer","",""
5465,"8476 PERZONI","3099",40,"Nebim Kod: 25K1258476","Diğer","",""
5466,"8516B PERZONI","2299",40,"Nebim Kod: 25K1258516B","Diğer","",""
5467,"8518 PERZONI","2399",40,"Nebim Kod: 25K1258518","Diğer","",""
5468,"8594 PERZONI","2199",40,"Nebim Kod: 25K1258594","Diğer","",""
5469,"8594B PERZONI","2199",80,"Nebim Kod: 25K1258594B","Diğer","",""
5470,"8594ST PERZONI","2299",10,"Nebim Kod: 25K1258594STLEO42","Diğer","",""
5471,"8594ST PERZONI","2299",10,"Nebim Kod: 25K1258594STLEO44","Diğer","",""
5472,"8594ST PERZONI","2299",10,"Nebim Kod: 25K1258594STLEO46","Diğer","",""
5473,"8594ST PERZONI","2299",10,"Nebim Kod: 25K1258594STLEO48","Diğer","",""
5474,"8594ST PERZONI","2299",10,"Nebim Kod: 25K1258594STSYH42","Diğer","",""
5475,"8594ST PERZONI","2299",10,"Nebim Kod: 25K1258594STSYH44","Diğer","",""
5476,"8594ST PERZONI","2299",10,"Nebim Kod: 25K1258594STSYH46","Diğer","",""
5477,"8594ST PERZONI","2299",10,"Nebim Kod: 25K1258594STSYH48","Diğer","",""
5478,"2000 TIA","3099",80,"Nebim Kod: 25K1262000","Diğer","",""
5479,"2003 TIA","3499",80,"Nebim Kod: 25K1262003","Diğer","",""
5480,"2004 TIA","2649",40,"Nebim Kod: 25K1262004","Diğer","",""
5481,"2010 TIA","2849",30,"Nebim Kod: 25K1262010","Diğer","",""
5482,"2026 TIA","2649",80,"Nebim Kod: 25K1262026","Diğer","",""
5483,"2306 TIA","3099",40,"Nebim Kod: 25K1262306","Diğer","",""
5484,"2311 TIA","2849",30,"Nebim Kod: 25K1262311","Diğer","",""
5485,"2321 TIA","2099",40,"Nebim Kod: 25K1262321","Diğer","",""
5486,"2811 TIA","3099",30,"Nebim Kod: 25K1262811","Diğer","",""
5487,"3027 TIA","1549",40,"Nebim Kod: 25K1263027","Diğer","",""
5488,"3313 TIA","1949",80,"Nebim Kod: 25K1263313","Diğer","",""
5489,"3706 TIA","2199",40,"Nebim Kod: 25K1263706","Diğer","",""
5490,"4503 TIA","1949",40,"Nebim Kod: 25K1264503","Diğer","",""
5491,"4555 TIA","1949",40,"Nebim Kod: 25K1264555","Diğer","",""
5492,"5300 TIA","4299",40,"Nebim Kod: 25K1265300","Diğer","",""
5493,"8006 TIA","3049",40,"Nebim Kod: 25K1268006","Diğer","",""
5494,"8015 TIA","2649",40,"Nebim Kod: 25K1268015","Diğer","",""
5495,"9007 TIA","3299",40,"Nebim Kod: 25K1269007","Diğer","",""
5496,"9600 TIA","3749",30,"Nebim Kod: 25K1269600","Diğer","",""
5497,"001 BDK","9999",20,"Nebim Kod: 25K128001","Diğer","",""
5498,"002 BDK","2599",10,"Nebim Kod: 25K128002","Diğer","",""
5499,"010 BDK","9999",10,"Nebim Kod: 25K128010","Diğer","",""
5500,"01553 BDK","15999",10,"Nebim Kod: 25K12801553","Diğer","",""
5501,"02 BDK","2599",10,"Nebim Kod: 25K12802","Diğer","",""
5502,"05215 BDK","5899",20,"Nebim Kod: 25K12805215","Diğer","",""
5503,"05374 BDK","9699",10,"Nebim Kod: 25K12805374","Diğer","",""
5504,"0600 BDK","10799",10,"Nebim Kod: 25K1280600","Diğer","",""
5505,"09086 BDK","9999",10,"Nebim Kod: 25K12809086","Diğer","",""
5506,"09206 BDK","8099",10,"Nebim Kod: 25K12809206","Diğer","",""
5507,"11051 BDK","5599",10,"Nebim Kod: 25K12811051","Diğer","",""
5508,"1149 BDK","6999",10,"Nebim Kod: 25K1281149","Diğer","",""
5509,"116 BDK","5399",20,"Nebim Kod: 25K128116","Diğer","",""
5510,"117 BDK","4999",40,"Nebim Kod: 25K128117","Diğer","",""
5511,"1303 BDK","2899",10,"Nebim Kod: 25K1281303","Diğer","",""
5512,"13396 BDK","3999",10,"Nebim Kod: 25K12813396","Diğer","",""
5513,"13753 BDK","4799",20,"Nebim Kod: 25K12813753","Diğer","",""
5514,"1798 BDK","3099",10,"Nebim Kod: 25K1281798","Diğer","",""
5515,"1892 BDK","4899",10,"Nebim Kod: 25K1281892","Diğer","",""
5516,"191 BDK","5599",20,"Nebim Kod: 25K128191","Diğer","",""
5517,"19333 BDK","2399",10,"Nebim Kod: 25K12819333","Diğer","",""
5518,"22236 BDK","4899",10,"Nebim Kod: 25K12822236","Diğer","",""
5519,"225 BDK","4999",30,"Nebim Kod: 25K128225","Diğer","",""
5520,"2281 BDK","6899",20,"Nebim Kod: 25K1282281","Diğer","",""
5521,"23080 BDK","2899",10,"Nebim Kod: 25K12823080","Diğer","",""
5522,"2406 BDK","4599",10,"Nebim Kod: 25K1282406","Diğer","",""
5523,"2570 BDK","8499",10,"Nebim Kod: 25K1282570","Diğer","",""
5524,"26112 BDK","11099",20,"Nebim Kod: 25K12826112","Diğer","",""
5525,"2636 BDK","9399",20,"Nebim Kod: 25K1282636","Diğer","",""
5526,"3015 BDK","3499",20,"Nebim Kod: 25K1283015","Diğer","",""
5527,"3065 BDK","7499",10,"Nebim Kod: 25K1283065","Diğer","",""
5528,"3165 BDK","8499",30,"Nebim Kod: 25K1283165","Diğer","",""
5529,"3247 BDK","4799",40,"Nebim Kod: 25K1283247","Diğer","",""
5530,"32553 BDK","9899",10,"Nebim Kod: 25K12832553","Diğer","",""
5531,"33740 BDK","3499",10,"Nebim Kod: 25K12833740","Diğer","",""
5532,"3803 BDK","5099",10,"Nebim Kod: 25K1283803","Diğer","",""
5533,"3900 BDK","14999",10,"Nebim Kod: 25K1283900","Diğer","",""
5534,"4030 BDK","9299",10,"Nebim Kod: 25K1284030","Diğer","",""
5535,"43900 BDK","8699",10,"Nebim Kod: 25K12843900","Diğer","",""
5536,"4645 BDK","5299",10,"Nebim Kod: 25K1284645","Diğer","",""
5537,"50320 BDK","3699",20,"Nebim Kod: 25K12850320","Diğer","",""
5538,"5057 BDK","6499",20,"Nebim Kod: 25K1285057","Diğer","",""
5539,"5223 BDK","5199",30,"Nebim Kod: 25K1285223","Diğer","",""
5540,"5226 BDK","4799",30,"Nebim Kod: 25K1285226","Diğer","",""
5541,"54510 BDK","3999",10,"Nebim Kod: 25K12854510","Diğer","",""
5542,"556 BDK","6099",20,"Nebim Kod: 25K128556","Diğer","",""
5543,"5757 BDK","8299",20,"Nebim Kod: 25K1285757","Diğer","",""
5544,"593 BDK","4499",10,"Nebim Kod: 25K128593","Diğer","",""
5545,"60271 BDK","5799",10,"Nebim Kod: 25K12860271","Diğer","",""
5546,"6057 BDK","8199",10,"Nebim Kod: 25K1286057","Diğer","",""
5547,"610439 BDK","8699",10,"Nebim Kod: 25K128610439LAC","Diğer","",""
5548,"6119 BDK","9999",10,"Nebim Kod: 25K1286119","Diğer","",""
5549,"6119JE BDK","9099",10,"Nebim Kod: 25K1286119JEJEA","Diğer","",""
5550,"615 BDK","8599",10,"Nebim Kod: 25K128615","Diğer","",""
5551,"6268 BDK","3999",10,"Nebim Kod: 25K1286268","Diğer","",""
5552,"632 BDK","9299",10,"Nebim Kod: 25K128632","Diğer","",""
5553,"6583 BDK","7199",20,"Nebim Kod: 25K1286583","Diğer","",""
5554,"6716 BDK","5299",10,"Nebim Kod: 25K1286716","Diğer","",""
5555,"6900 BDK","6299",10,"Nebim Kod: 25K1286900","Diğer","",""
5556,"7018 BDK","6099",10,"Nebim Kod: 25K1287018","Diğer","",""
5557,"782412 BDK","9399",10,"Nebim Kod: 25K128782412SYH","Diğer","",""
5558,"8043 BDK","4699",10,"Nebim Kod: 25K1288043","Diğer","",""
5559,"8126 BDK","14099",10,"Nebim Kod: 25K1288126","Diğer","",""
5560,"8209 BDK","6499",20,"Nebim Kod: 25K1288209","Diğer","",""
5561,"8322 BDK","4299",10,"Nebim Kod: 25K1288322","Diğer","",""
5562,"84030 BDK","9299",10,"Nebim Kod: 25K12884030","Diğer","",""
5563,"8538 BDK","4099",10,"Nebim Kod: 25K1288538","Diğer","",""
5564,"8540 BDK","8399",10,"Nebim Kod: 25K1288540","Diğer","",""
5565,"8561 BDK","2199",20,"Nebim Kod: 25K1288561","Diğer","",""
5566,"8595 BDK","4399",20,"Nebim Kod: 25K1288595","Diğer","",""
5567,"8608 BDK","9299",10,"Nebim Kod: 25K1288608","Diğer","",""
5568,"8629 BDK","3199",10,"Nebim Kod: 25K1288629","Diğer","",""
5569,"8659 BDK","4399",20,"Nebim Kod: 25K1288659","Diğer","",""
5570,"8732 BDK","4299",10,"Nebim Kod: 25K1288732","Diğer","",""
5571,"8786 BDK","4799",10,"Nebim Kod: 25K1288786","Diğer","",""
5572,"8805 BDK","11199",20,"Nebim Kod: 25K1288805","Diğer","",""
5573,"8828 BDK","11199",10,"Nebim Kod: 25K1288828","Diğer","",""
5574,"8847 BDK","4499",10,"Nebim Kod: 25K1288847","Diğer","",""
5575,"8860 BDK","6099",20,"Nebim Kod: 25K1288860","Diğer","",""
5576,"9018 BDK","8499",10,"Nebim Kod: 25K1289018","Diğer","",""
5577,"9020 BDK","7799",20,"Nebim Kod: 25K1289020","Diğer","",""
5578,"9036 BDK","3799",10,"Nebim Kod: 25K1289036","Diğer","",""
5579,"911 BDK","10099",20,"Nebim Kod: 25K128911","Diğer","",""
5580,"9128 BDK","7499",10,"Nebim Kod: 25K1289128","Diğer","",""
5581,"9216 BDK","5199",10,"Nebim Kod: 25K1289216","Diğer","",""
5582,"9225 BDK","9699",20,"Nebim Kod: 25K1289225","Diğer","",""
5583,"930 BDK","3099",70,"Nebim Kod: 25K128930","Diğer","",""
5584,"9378 BDK","4599",40,"Nebim Kod: 25K1289378","Diğer","",""
5585,"9420 BDK","4199",10,"Nebim Kod: 25K1289420","Diğer","",""
5586,"974 BDK","6899",10,"Nebim Kod: 25K128974","Diğer","",""
5587,"9752 BDK","7699",10,"Nebim Kod: 25K1289752","Diğer","",""
5588,"98883 BDK","5399",10,"Nebim Kod: 25K12898883","Diğer","",""
5589,"0005 TUNITALY","4099",10,"Nebim Kod: 25K12900005","Diğer","",""
5590,"0001 TUNITALY","3099",20,"Nebim Kod: 25K1290001","Diğer","",""
5591,"0002 TUNITALY","5399",10,"Nebim Kod: 25K1290002","Diğer","",""
5592,"0004 TUNITALY","4399",10,"Nebim Kod: 25K1290004","Diğer","",""
5593,"001 TUNITALY","6199",10,"Nebim Kod: 25K129001","Diğer","",""
5594,"0011 TUNITALY","4899",20,"Nebim Kod: 25K1290011","Diğer","",""
5595,"0012 TUNITALY","3299",10,"Nebim Kod: 25K1290012","Diğer","",""
5596,"0018 TUNITALY","4099",10,"Nebim Kod: 25K1290018","Diğer","",""
5597,"002 TUNITALY","4299",10,"Nebim Kod: 25K129002","Diğer","",""
5598,"003 TUNITALY","5899",10,"Nebim Kod: 25K129003","Diğer","",""
5599,"004 TUNITALY","4899",20,"Nebim Kod: 25K129004","Diğer","",""
5600,"0046 TUNITALY","3899",10,"Nebim Kod: 25K1290046","Diğer","",""
5601,"005 TUNITALY","3899",10,"Nebim Kod: 25K129005","Diğer","",""
5602,"0058 TUNITALY","6399",20,"Nebim Kod: 25K1290058","Diğer","",""
5603,"0059 TUNITALY","6199",10,"Nebim Kod: 25K1290059","Diğer","",""
5604,"006 TUNITALY","4899",20,"Nebim Kod: 25K129006","Diğer","",""
5605,"007 TUNITALY","5099",20,"Nebim Kod: 25K129007","Diğer","",""
5606,"010 TUNITALY","4399",10,"Nebim Kod: 25K129010","Diğer","",""
5607,"011 TUNITALY","3499",20,"Nebim Kod: 25K129011","Diğer","",""
5608,"012 TUNITALY","4399",10,"Nebim Kod: 25K129012","Diğer","",""
5609,"014 TUNITALY","6199",20,"Nebim Kod: 25K129014","Diğer","",""
5610,"015 TUNITALY","6199",10,"Nebim Kod: 25K129015","Diğer","",""
5611,"018 TUNITALY","3399",10,"Nebim Kod: 25K129018","Diğer","",""
5612,"0180 TUNITALY","7899",10,"Nebim Kod: 25K1290180","Diğer","",""
5613,"021 TUNITALY","6599",30,"Nebim Kod: 25K129021","Diğer","",""
5614,"023 TUNITALY","4399",10,"Nebim Kod: 25K129023","Diğer","",""
5615,"025 TUNITALY","4099",20,"Nebim Kod: 25K129025","Diğer","",""
5616,"031 TUNITALY","3699",20,"Nebim Kod: 25K129031","Diğer","",""
5617,"032 TUNITALY","3999",10,"Nebim Kod: 25K129032","Diğer","",""
5618,"034 TUNITALY","5399",20,"Nebim Kod: 25K129034","Diğer","",""
5619,"035 TUNITALY","3399",30,"Nebim Kod: 25K129035","Diğer","",""
5620,"039 TUNITALY","4699",20,"Nebim Kod: 25K129039","Diğer","",""
5621,"040 TUNITALY","5699",20,"Nebim Kod: 25K129040","Diğer","",""
5622,"042 TUNITALY","6199",10,"Nebim Kod: 25K129042","Diğer","",""
5623,"043 TUNITALY","5699",20,"Nebim Kod: 25K129043","Diğer","",""
5624,"044 TUNITALY","4399",10,"Nebim Kod: 25K129044","Diğer","",""
5625,"045 TUNITALY","6199",20,"Nebim Kod: 25K129045","Diğer","",""
5626,"046 TUNITALY","3699",10,"Nebim Kod: 25K129046","Diğer","",""
5627,"048 TUNITALY","5399",20,"Nebim Kod: 25K129048","Diğer","",""
5628,"049 TUNITALY","5099",20,"Nebim Kod: 25K129049","Diğer","",""
5629,"050 TUNITALY","4699",30,"Nebim Kod: 25K129050","Diğer","",""
5630,"056 TUNITALY","2899",10,"Nebim Kod: 25K129056","Diğer","",""
5631,"057 TUNITALY","3899",20,"Nebim Kod: 25K129057","Diğer","",""
5632,"058 TUNITALY","3799",30,"Nebim Kod: 25K129058","Diğer","",""
5633,"059 TUNITALY","3799",30,"Nebim Kod: 25K129059","Diğer","",""
5634,"060 TUNITALY","4399",10,"Nebim Kod: 25K129060","Diğer","",""
5635,"1210 MİARTE","1999",40,"Nebim Kod: 25Y0021210","Diğer","",""
5636,"1211 MİARTE","3349",40,"Nebim Kod: 25Y0021211","Diğer","",""
5637,"1213 MİARTE","3449",80,"Nebim Kod: 25Y0021213","Diğer","",""
5638,"1216 MİARTE","1799",40,"Nebim Kod: 25Y0021216","Diğer","",""
5639,"1217 MİARTE","3229",80,"Nebim Kod: 25Y0021217","Diğer","",""
5640,"1219 MİARTE","3249",40,"Nebim Kod: 25Y0021219","Diğer","",""
5641,"1220 MİARTE","1999",40,"Nebim Kod: 25Y0021220","Diğer","",""
5642,"1223 MİARTE","2749",40,"Nebim Kod: 25Y0021223","Diğer","",""
5643,"1227 MİARTE","2749",40,"Nebim Kod: 25Y0021227","Diğer","",""
5644,"1229 MİARTE","2299",40,"Nebim Kod: 25Y0021229","Diğer","",""
5645,"1230 MİARTE","1799",40,"Nebim Kod: 25Y0021230","Diğer","",""
5646,"1234 MİARTE","2499",40,"Nebim Kod: 25Y0021234","Diğer","",""
5647,"1235 MİARTE","3399",40,"Nebim Kod: 25Y0021235","Diğer","",""
5648,"1236 MİARTE","2199",40,"Nebim Kod: 25Y0021236","Diğer","",""
5649,"1238 MİARTE","4099",40,"Nebim Kod: 25Y0021238","Diğer","",""
5650,"1241 MİARTE","3039",40,"Nebim Kod: 25Y0021241","Diğer","",""
5651,"1243 MİARTE","3039",40,"Nebim Kod: 25Y0021243","Diğer","",""
5652,"1244 MİARTE","2999",40,"Nebim Kod: 25Y0021244","Diğer","",""
5653,"1246 MİARTE","3199",40,"Nebim Kod: 25Y0021246","Diğer","",""
5654,"1247 MİARTE","2899",40,"Nebim Kod: 25Y0021247","Diğer","",""
5655,"1248 MİARTE","2569",40,"Nebim Kod: 25Y0021248","Diğer","",""
5656,"1250 MİARTE","1329",40,"Nebim Kod: 25Y0021250","Diğer","",""
5657,"1252 MİARTE","2279",40,"Nebim Kod: 25Y0021252","Diğer","",""
5658,"1258 MİARTE","2399",40,"Nebim Kod: 25Y0021258","Diğer","",""
5659,"1259 MİARTE","1699",80,"Nebim Kod: 25Y0021259","Diğer","",""
5660,"1274 MİARTE","2699",40,"Nebim Kod: 25Y0021274","Diğer","",""
5661,"1278 MİARTE","3799",40,"Nebim Kod: 25Y0021278","Diğer","",""
5662,"3091 MİARTE","4399",40,"Nebim Kod: 25Y0023091","Diğer","",""
5663,"3094 MİARTE","5149",40,"Nebim Kod: 25Y0023094","Diğer","",""
5664,"3096 MİARTE","2999",40,"Nebim Kod: 25Y0023096","Diğer","",""
5665,"3097 MİARTE","3299",40,"Nebim Kod: 25Y0023097","Diğer","",""
5666,"3102 MİARTE","4369",40,"Nebim Kod: 25Y0023102","Diğer","",""
5667,"31080 MİARTE","2189",20,"Nebim Kod: 25Y00231080","Diğer","",""
5668,"31083 MİARTE","1899",40,"Nebim Kod: 25Y00231083","Diğer","",""
5669,"31084 MİARTE","2569",20,"Nebim Kod: 25Y00231084","Diğer","",""
5670,"31085 MİARTE","2279",90,"Nebim Kod: 25Y00231085","Diğer","",""
5671,"31087 MİARTE","3709",20,"Nebim Kod: 25Y00231087","Diğer","",""
5672,"31088 MİARTE","2469",40,"Nebim Kod: 25Y00231088","Diğer","",""
5673,"31095 MİARTE","2499",20,"Nebim Kod: 25Y00231095","Diğer","",""
5674,"31097 MİARTE","2299",20,"Nebim Kod: 25Y00231097","Diğer","",""
5675,"31098 MİARTE","2599",20,"Nebim Kod: 25Y00231098","Diğer","",""
5676,"3111 MİARTE","5399",40,"Nebim Kod: 25Y0023111","Diğer","",""
5677,"3113 MİARTE","4999",40,"Nebim Kod: 25Y0023113","Diğer","",""
5678,"3114 MİARTE","4369",40,"Nebim Kod: 25Y0023114","Diğer","",""
5679,"34075 MİARTE","2089",20,"Nebim Kod: 25Y00234075","Diğer","",""
5680,"34078 MİARTE","3039",20,"Nebim Kod: 25Y00234078","Diğer","",""
5681,"34081 MİARTE","2759",20,"Nebim Kod: 25Y00234081","Diğer","",""
5682,"34082 MİARTE","3499",20,"Nebim Kod: 25Y00234082","Diğer","",""
5683,"34084 MİARTE","3039",20,"Nebim Kod: 25Y00234084","Diğer","",""
5684,"34090 MİARTE","1999",40,"Nebim Kod: 25Y00234090","Diğer","",""
5685,"34091 MİARTE","2279",20,"Nebim Kod: 25Y00234091","Diğer","",""
5686,"34092 MİARTE","2749",20,"Nebim Kod: 25Y00234092","Diğer","",""
5687,"34095 MİARTE","2089",90,"Nebim Kod: 25Y00234095","Diğer","",""
5688,"34096 MİARTE","2759",20,"Nebim Kod: 25Y00234096","Diğer","",""
5689,"34097 MİARTE","2089",40,"Nebim Kod: 25Y00234097","Diğer","",""
5690,"34103 MİARTE","2499",20,"Nebim Kod: 25Y00234103","Diğer","",""
5691,"34107 MİARTE","2399",20,"Nebim Kod: 25Y00234107","Diğer","",""
5692,"3436 MİANOTTE","4899",120,"Nebim Kod: 25Y0023436","Diğer","",""
5693,"3439 MİANOTTE","4199",40,"Nebim Kod: 25Y0023439","Diğer","",""
5694,"3442 MİANOTTE","3899",40,"Nebim Kod: 25Y0023442","Diğer","",""
5695,"3443 MİANOTTE","3899",40,"Nebim Kod: 25Y0023443","Diğer","",""
5696,"37043 MİARTE","4939",20,"Nebim Kod: 25Y00237043","Diğer","",""
5697,"37044 MİARTE","5129",20,"Nebim Kod: 25Y00237044","Diğer","",""
5698,"37047 MİARTE","3699",20,"Nebim Kod: 25Y00237047","Diğer","",""
5699,"37048 MİARTE","4659",20,"Nebim Kod: 25Y00237048","Diğer","",""
5700,"37050 MİARTE","4099",20,"Nebim Kod: 25Y00237050","Diğer","",""
5701,"37056 MİARTE","3499",20,"Nebim Kod: 25Y00237056","Diğer","",""
5702,"5185 MİARTE","3599",40,"Nebim Kod: 25Y0025185","Diğer","",""
5703,"5187 MİARTE","2749",40,"Nebim Kod: 25Y0025187","Diğer","",""
5704,"5189 MİARTE","2749",40,"Nebim Kod: 25Y0025189","Diğer","",""
5705,"5190 MİARTE","2569",80,"Nebim Kod: 25Y0025190","Diğer","",""
5706,"5191 MİARTE","2499",80,"Nebim Kod: 25Y0025191","Diğer","",""
5707,"5192 MİARTE","2649",40,"Nebim Kod: 25Y0025192","Diğer","",""
5708,"5193 MİARTE","2649",40,"Nebim Kod: 25Y0025193","Diğer","",""
5709,"5194 MİARTE","3249",40,"Nebim Kod: 25Y0025194","Diğer","",""
5710,"5195 MİARTE","2649",40,"Nebim Kod: 25Y0025195","Diğer","",""
5711,"5196 MİARTE","1799",40,"Nebim Kod: 25Y0025196","Diğer","",""
5712,"5197 MİARTE","2469",40,"Nebim Kod: 25Y0025197","Diğer","",""
5713,"5202 MİARTE","2699",40,"Nebim Kod: 25Y0025202","Diğer","",""
5714,"5203 MİARTE","2749",40,"Nebim Kod: 25Y0025203","Diğer","",""
5715,"5205 MİARTE","2749",40,"Nebim Kod: 25Y0025205","Diğer","",""
5716,"5207 MİARTE","2599",40,"Nebim Kod: 25Y0025207","Diğer","",""
5717,"5208 MİARTE","2749",40,"Nebim Kod: 25Y0025208","Diğer","",""
5718,"5210 MİARTE","2099",80,"Nebim Kod: 25Y0025210","Diğer","",""
5719,"5211 MİARTE","2599",40,"Nebim Kod: 25Y0025211","Diğer","",""
5720,"5214 MİARTE","2659",40,"Nebim Kod: 25Y0025214","Diğer","",""
5721,"5217 MİARTE","3099",40,"Nebim Kod: 25Y0025217","Diğer","",""
5722,"5221 MİARTE","1809",40,"Nebim Kod: 25Y0025221","Diğer","",""
5723,"5222 MİARTE","3229",40,"Nebim Kod: 25Y0025222","Diğer","",""
5724,"5223 MİARTE","2099",40,"Nebim Kod: 25Y0025223","Diğer","",""
5725,"5224 MİARTE","1799",80,"Nebim Kod: 25Y0025224","Diğer","",""
5726,"5225 MİARTE","2499",40,"Nebim Kod: 25Y0025225","Diğer","",""
5727,"5226 MİARTE","2699",40,"Nebim Kod: 25Y0025226","Diğer","",""
5728,"5228 MİARTE","2299",40,"Nebim Kod: 25Y0025228","Diğer","",""
5729,"5229 MİARTE","2469",80,"Nebim Kod: 25Y0025229","Diğer","",""
5730,"5230 MİARTE","2399",40,"Nebim Kod: 25Y0025230","Diğer","",""
5731,"5232 MİARTE","2469",40,"Nebim Kod: 25Y0025232","Diğer","",""
5732,"5233 MİARTE","2899",40,"Nebim Kod: 25Y0025233","Diğer","",""
5733,"5240 MİARTE","2499",40,"Nebim Kod: 25Y0025240","Diğer","",""
5734,"5246 MİARTE","1999",40,"Nebim Kod: 25Y0025246","Diğer","",""
5735,"5250 MİARTE","2799",40,"Nebim Kod: 25Y0025250","Diğer","",""
5736,"6131 MİANOTTE","3899",120,"Nebim Kod: 25Y0026131","Diğer","",""
5737,"6136 MİANOTTE","4899",40,"Nebim Kod: 25Y0026136","Diğer","",""
5738,"6143 MİANOTTE","3599",40,"Nebim Kod: 25Y0026143","Diğer","",""
5739,"7035 MİARTE","2499",40,"Nebim Kod: 25Y0027035","Diğer","",""
5740,"7036 MİARTE","2299",40,"Nebim Kod: 25Y0027036","Diğer","",""
5741,"7039 MİARTE","2749",40,"Nebim Kod: 25Y0027039","Diğer","",""
5742,"7040 MİARTE","3249",40,"Nebim Kod: 25Y0027040","Diğer","",""
5743,"7041 MİARTE","3399",40,"Nebim Kod: 25Y0027041","Diğer","",""
5744,"7042 MİARTE","2699",80,"Nebim Kod: 25Y0027042","Diğer","",""
5745,"8112 MİARTE","4649",40,"Nebim Kod: 25Y0028112","Diğer","",""
5746,"8114 MİARTE","4199",40,"Nebim Kod: 25Y0028114","Diğer","",""
5747,"8116 MİARTE","4649",80,"Nebim Kod: 25Y0028116","Diğer","",""
5748,"8118 MİARTE","4199",40,"Nebim Kod: 25Y0028118","Diğer","",""
5749,"8119 MİARTE","4549",40,"Nebim Kod: 25Y0028119","Diğer","",""
5750,"8120 MİARTE","5149",40,"Nebim Kod: 25Y0028120","Diğer","",""
5751,"8122 MİARTE","3699",40,"Nebim Kod: 25Y0028122","Diğer","",""
5752,"8123 MİARTE","3419",40,"Nebim Kod: 25Y0028123","Diğer","",""
5753,"8125 MİARTE","4399",40,"Nebim Kod: 25Y0028125","Diğer","",""
5754,"8126 MİARTE","4199",40,"Nebim Kod: 25Y0028126","Diğer","",""
5755,"8127 MİARTE","4659",40,"Nebim Kod: 25Y0028127","Diğer","",""
5756,"8129 MİARTE","3449",40,"Nebim Kod: 25Y0028129","Diğer","",""
5757,"8130 MİARTE","3699",40,"Nebim Kod: 25Y0028130","Diğer","",""
5758,"8131 MİARTE","3699",40,"Nebim Kod: 25Y0028131","Diğer","",""
5759,"8132 MİARTE","3419",40,"Nebim Kod: 25Y0028132","Diğer","",""
5760,"8134 MİARTE","3989",80,"Nebim Kod: 25Y0028134","Diğer","",""
5761,"8135 MİARTE","3999",80,"Nebim Kod: 25Y0028135","Diğer","",""
5762,"8136 MİARTE","3599",40,"Nebim Kod: 25Y0028136","Diğer","",""
5763,"8137 MİARTE","4799",40,"Nebim Kod: 25Y0028137","Diğer","",""
5764,"8138 MİARTE","3709",40,"Nebim Kod: 25Y0028138","Diğer","",""
5765,"8139 MİARTE","2499",40,"Nebim Kod: 25Y0028139","Diğer","",""
5766,"8142 MİARTE","2899",80,"Nebim Kod: 25Y0028142","Diğer","",""
5767,"9540 MİARTE","4659",120,"Nebim Kod: 25Y0029540","Diğer","",""
5768,"9543 MİARTE","4499",40,"Nebim Kod: 25Y0029543","Diğer","",""
5769,"9941 MİANOTTE","5899",40,"Nebim Kod: 25Y0029941","Diğer","",""
5770,"2008 ODRELLA","3399",60,"Nebim Kod: 25Y0042008","Diğer","",""
5771,"2014 ODRELLA","3749",150,"Nebim Kod: 25Y0042014","Diğer","",""
5772,"2021 ODRELLA","3399",120,"Nebim Kod: 25Y0042021","Diğer","",""
5773,"2048 ODRELLA","3749",90,"Nebim Kod: 25Y0042048","Diğer","",""
5774,"23239 ODRELLA","7399",170,"Nebim Kod: 25Y00423239","Diğer","",""
5775,"24004 ODRELLA","7499",60,"Nebim Kod: 25Y00424004","Diğer","",""
5776,"24025 ODRELLA","7399",150,"Nebim Kod: 25Y00424025","Diğer","",""
5777,"24059 ODRELLA","5699",100,"Nebim Kod: 25Y00424059","Diğer","",""
5778,"24092 ODRELLA","4399",90,"Nebim Kod: 25Y00424092","Diğer","",""
5779,"24134 ODRELLA","7999",40,"Nebim Kod: 25Y00424134","Diğer","",""
5780,"24150 ODRELLA","6099",200,"Nebim Kod: 25Y00424150","Diğer","",""
5781,"24191 ODRELLA","8399",60,"Nebim Kod: 25Y00424191","Diğer","",""
5782,"24258 ODRELLA","8799",60,"Nebim Kod: 25Y00424258","Diğer","",""
5783,"24265 ODRELLA","8799",60,"Nebim Kod: 25Y00424265","Diğer","",""
5784,"24288 ODRELLA","11549",80,"Nebim Kod: 25Y00424288","Diğer","",""
5785,"24305 ODRELLA","11099",150,"Nebim Kod: 25Y00424305","Diğer","",""
5786,"24306 ODRELLA","11499",130,"Nebim Kod: 25Y00424306","Diğer","",""
5787,"24317 ODRELLA","9999",90,"Nebim Kod: 25Y00424317","Diğer","",""
5788,"25028 ODRELLA","8499",60,"Nebim Kod: 25Y00425028","Diğer","",""
5789,"25047 ODRELLA","9399",90,"Nebim Kod: 25Y00425047","Diğer","",""
5790,"25069 ODRELLA","6499",90,"Nebim Kod: 25Y00425069","Diğer","",""
5791,"25173 ODRELLA","4749",100,"Nebim Kod: 25Y00425173","Diğer","",""
5792,"25174 ODRELLA","5999",150,"Nebim Kod: 25Y00425174","Diğer","",""
5793,"25178 ODRELLA","11699",90,"Nebim Kod: 25Y00425178","Diğer","",""
5794,"25189 ODRELLA","5999",60,"Nebim Kod: 25Y00425189","Diğer","",""
5795,"25195 ODRELLA","5999",90,"Nebim Kod: 25Y00425195","Diğer","",""
5796,"25231 ODRELLA","13199",30,"Nebim Kod: 25Y00425231","Diğer","",""
5797,"25245 ODRELLA","15449",30,"Nebim Kod: 25Y00425245","Diğer","",""
5798,"25254 ODRELLA","13199",60,"Nebim Kod: 25Y00425254","Diğer","",""
5799,"401 ODRELLA","1650",20,"Nebim Kod: 25Y004401","Diğer","",""
5800,"404 ODRELLA","3999",20,"Nebim Kod: 25Y004404","Diğer","",""
5801,"7342 ODRELLA","8299",60,"Nebim Kod: 25Y0047342","Diğer","",""
5802,"7361 ODRELLA","5399",60,"Nebim Kod: 25Y0047361","Diğer","",""
5803,"7402 ODRELLA","6149",30,"Nebim Kod: 25Y0047402","Diğer","",""
5804,"7453 ODRELLA","6999",60,"Nebim Kod: 25Y0047453","Diğer","",""
5805,"7486 ODRELLA","7499",50,"Nebim Kod: 25Y0047486","Diğer","",""
5806,"7505 ODRELLA","6099",60,"Nebim Kod: 25Y0047505","Diğer","",""
5807,"7507 ODRELLA","7899",100,"Nebim Kod: 25Y0047507","Diğer","",""
5808,"7543 ODRELLA","6899",100,"Nebim Kod: 25Y0047543","Diğer","",""
5809,"7550 ODRELLA","8799",80,"Nebim Kod: 25Y0047550","Diğer","",""
5810,"7551 ODRELLA","7899",60,"Nebim Kod: 25Y0047551","Diğer","",""
5811,"7572 ODRELLA","7899",30,"Nebim Kod: 25Y0047572","Diğer","",""
5812,"7619 ODRELLA","12499",50,"Nebim Kod: 25Y0047619","Diğer","",""
5813,"7628 ODRELLA","10499",100,"Nebim Kod: 25Y0047628","Diğer","",""
5814,"7630 ODRELLA","9599",40,"Nebim Kod: 25Y0047630","Diğer","",""
5815,"7637 ODRELLA","12499",80,"Nebim Kod: 25Y0047637","Diğer","",""
5816,"7639 ODRELLA","8399",100,"Nebim Kod: 25Y0047639","Diğer","",""
5817,"7648 ODRELLA","6299",90,"Nebim Kod: 25Y0047648","Diğer","",""
5818,"7649 ODRELLA","4999",90,"Nebim Kod: 25Y0047649","Diğer","",""
5819,"7664 ODRELLA","8399",80,"Nebim Kod: 25Y0047664","Diğer","",""
5820,"7668 ODRELLA","8999",100,"Nebim Kod: 25Y0047668","Diğer","",""
5821,"7671 ODRELLA","6999",60,"Nebim Kod: 25Y0047671","Diğer","",""
5822,"7672 ODRELLA","8999",150,"Nebim Kod: 25Y0047672","Diğer","",""
5823,"7677 ODRELLA","9599",80,"Nebim Kod: 25Y0047677","Diğer","",""
5824,"7678 ODRELLA","8999",150,"Nebim Kod: 25Y0047678","Diğer","",""
5825,"7688 ODRELLA","9599",150,"Nebim Kod: 25Y0047688","Diğer","",""
5826,"7690 ODRELLA","6599",30,"Nebim Kod: 25Y0047690","Diğer","",""
5827,"7691 ODRELLA","6599",30,"Nebim Kod: 25Y0047691","Diğer","",""
5828,"7693 ODRELLA","9599",80,"Nebim Kod: 25Y0047693","Diğer","",""
5829,"7710 ODRELLA","7999",120,"Nebim Kod: 25Y0047710","Diğer","",""
5830,"7715 ODRELLA","10499",100,"Nebim Kod: 25Y0047715","Diğer","",""
5831,"7730 ODRELLA","5299",30,"Nebim Kod: 25Y0047730","Diğer","",""
5832,"7731 ODRELLA","4899",60,"Nebim Kod: 25Y0047731","Diğer","",""
5833,"7734 ODRELLA","6999",180,"Nebim Kod: 25Y0047734","Diğer","",""
5834,"7739 ODRELLA","6599",100,"Nebim Kod: 25Y0047739","Diğer","",""
5835,"7744 ODRELLA","4399",30,"Nebim Kod: 25Y0047744","Diğer","",""
5836,"7746 ODRELLA","5749",30,"Nebim Kod: 25Y0047746","Diğer","",""
5837,"7756 ODRELLA","6099",60,"Nebim Kod: 25Y0047756","Diğer","",""
5838,"7759 ODRELLA","8999",100,"Nebim Kod: 25Y0047759","Diğer","",""
5839,"7761 ODRELLA","7999",180,"Nebim Kod: 25Y0047761","Diğer","",""
5840,"7766 ODRELLA","8399",100,"Nebim Kod: 25Y0047766","Diğer","",""
5841,"7768 ODRELLA","7999",60,"Nebim Kod: 25Y0047768","Diğer","",""
5842,"7770 ODRELLA","8999",150,"Nebim Kod: 25Y0047770","Diğer","",""
5843,"7776 ODRELLA","8399",150,"Nebim Kod: 25Y0047776","Diğer","",""
5844,"7779 ODRELLA","12149",50,"Nebim Kod: 25Y0047779","Diğer","",""
5845,"7786 ODRELLA","7949",150,"Nebim Kod: 25Y0047786","Diğer","",""
5846,"7791 ODRELLA","7499",60,"Nebim Kod: 25Y0047791","Diğer","",""
5847,"7795 ODRELLA","10499",100,"Nebim Kod: 25Y0047795","Diğer","",""
5848,"7796 ODRELLA","9449",50,"Nebim Kod: 25Y0047796","Diğer","",""
5849,"7800 ODRELLA","12499",60,"Nebim Kod: 25Y0047800","Diğer","",""
5850,"7806 ODRELLA","10499",70,"Nebim Kod: 25Y0047806","Diğer","",""
5851,"7808 ODRELLA","8499",60,"Nebim Kod: 25Y0047808","Diğer","",""
5852,"7814 ODRELLA","6899",60,"Nebim Kod: 25Y0047814","Diğer","",""
5853,"7816 ODRELLA","5499",30,"Nebim Kod: 25Y0047816","Diğer","",""
5854,"7821 ODRELLA","12499",90,"Nebim Kod: 25Y0047821","Diğer","",""
5855,"7822 ODRELLA","8499",130,"Nebim Kod: 25Y0047822","Diğer","",""
5856,"7828 ODRELLA","11249",100,"Nebim Kod: 25Y0047828","Diğer","",""
5857,"7834 ODRELLA","9999",60,"Nebim Kod: 25Y0047834","Diğer","",""
5858,"7852 ODRELLA","9299",90,"Nebim Kod: 25Y0047852","Diğer","",""
5859,"7853 ODRELLA","9999",30,"Nebim Kod: 25Y0047853","Diğer","",""
5860,"7860 ODRELLA","8999",80,"Nebim Kod: 25Y0047860","Diğer","",""
5861,"7868 ODRELLA","8099",90,"Nebim Kod: 25Y0047868","Diğer","",""
5862,"7882 ODRELLA","8199",110,"Nebim Kod: 25Y0047882","Diğer","",""
5863,"7893 ODRELLA","7499",60,"Nebim Kod: 25Y0047893","Diğer","",""
5864,"7895 ODRELLA","12999",30,"Nebim Kod: 25Y0047895","Diğer","",""
5865,"7896 ODRELLA","12899",30,"Nebim Kod: 25Y0047896","Diğer","",""
5866,"7908 ODRELLA","12999",30,"Nebim Kod: 25Y0047908","Diğer","",""
5867,"7913 ODRELLA","8999",150,"Nebim Kod: 25Y0047913","Diğer","",""
5868,"7919 ODRELLA","12999",50,"Nebim Kod: 25Y0047919","Diğer","",""
5869,"7925 ODRELLA","7199",130,"Nebim Kod: 25Y0047925","Diğer","",""
5870,"7930 ODRELLA","6599",100,"Nebim Kod: 25Y0047930","Diğer","",""
5871,"7937 ODRELLA","6999",30,"Nebim Kod: 25Y0047937","Diğer","",""
5872,"7938 ODRELLA","8199",90,"Nebim Kod: 25Y0047938","Diğer","",""
5873,"7946 ODRELLA","8199",90,"Nebim Kod: 25Y0047946","Diğer","",""
5874,"7972 ODRELLA","12999",60,"Nebim Kod: 25Y0047972","Diğer","",""
5875,"7994 ODRELLA","8499",50,"Nebim Kod: 25Y0047994","Diğer","",""
5876,"8006 ODRELLA","8999",90,"Nebim Kod: 25Y0048006","Diğer","",""
5877,"8012 ODRELLA","8999",100,"Nebim Kod: 25Y0048012","Diğer","",""
5878,"8111 ODRELLA","22000",30,"Nebim Kod: 25Y0048111","Diğer","",""
5879,"8113 ODRELLA","13400",60,"Nebim Kod: 25Y0048113","Diğer","",""
5880,"8114 ODRELLA","15800",60,"Nebim Kod: 25Y0048114","Diğer","",""
5881,"8117 ODRELLA","22000",60,"Nebim Kod: 25Y0048117","Diğer","",""
5882,"8122 ODRELLA","15200",60,"Nebim Kod: 25Y0048122","Diğer","",""
5883,"8123 ODRELLA","15200",60,"Nebim Kod: 25Y0048123","Diğer","",""
5884,"8128 ODRELLA","15200",120,"Nebim Kod: 25Y0048128","Diğer","",""
5885,"8131 ODRELLA","11999",100,"Nebim Kod: 25Y0048131","Diğer","",""
5886,"8143 ODRELLA","16800",120,"Nebim Kod: 25Y0048143","Diğer","",""
5887,"8145 ODRELLA","17400",120,"Nebim Kod: 25Y0048145","Diğer","",""
5888,"8148 ODRELLA","15800",60,"Nebim Kod: 25Y0048148","Diğer","",""
5889,"8150 ODRELLA","15800",90,"Nebim Kod: 25Y0048150","Diğer","",""
5890,"56865 MAXRA GOVANA","10999",40,"Nebim Kod: 25Y00656865","Diğer","",""
5891,"57011 MAXRA GOVANA","8299",120,"Nebim Kod: 25Y00657011","Diğer","",""
5892,"57456 MAXRA GOVANA","13799",30,"Nebim Kod: 25Y00657456","Diğer","",""
5893,"57500 MAXRA GOVANA","12799",50,"Nebim Kod: 25Y00657500","Diğer","",""
5894,"57562 MAXRA GOVANA","12799",80,"Nebim Kod: 25Y00657562","Diğer","",""
5895,"57596 MAXRA GOVANA","14099",80,"Nebim Kod: 25Y00657596","Diğer","",""
5896,"57616 MAXRA GOVANA","10999",120,"Nebim Kod: 25Y00657616","Diğer","",""
5897,"0694 FOR COSTUME","7399",30,"Nebim Kod: 25Y0090694","Diğer","",""
5898,"0699 FOR COSTUME","8799",80,"Nebim Kod: 25Y0090699","Diğer","",""
5899,"0720 FOR COSTUME","7899",60,"Nebim Kod: 25Y0090720","Diğer","",""
5900,"0751 FOR COSTUME","8799",60,"Nebim Kod: 25Y0090751","Diğer","",""
5901,"0759 FOR COSTUME","6999",240,"Nebim Kod: 25Y0090759","Diğer","",""
5902,"0766 FOR COSTUME","9999",30,"Nebim Kod: 25Y0090766","Diğer","",""
5903,"0782 FOR COSTUME","9599",30,"Nebim Kod: 25Y0090782","Diğer","",""
5904,"0783 FOR COSTUME","10999",150,"Nebim Kod: 25Y0090783","Diğer","",""
5905,"0826 FOR COSTUME","13499",60,"Nebim Kod: 25Y0090826","Diğer","",""
5906,"10017 FOR COSTUME","11999",80,"Nebim Kod: 25Y00910017","Diğer","",""
5907,"10032 FOR COSTUME","9999",200,"Nebim Kod: 25Y00910032","Diğer","",""
5908,"10035 FOR COSTUME","13999",80,"Nebim Kod: 25Y00910035","Diğer","",""
5909,"10062 FOR COSTUME","8799",60,"Nebim Kod: 25Y00910062","Diğer","",""
5910,"10077 FOR COSTUME","10299",140,"Nebim Kod: 25Y00910077","Diğer","",""
5911,"10079 FOR COSTUME","13499",180,"Nebim Kod: 25Y00910079","Diğer","",""
5912,"10084 FOR COSTUME","8799",80,"Nebim Kod: 25Y00910084","Diğer","",""
5913,"10086 FOR COSTUME","10299",80,"Nebim Kod: 25Y00910086","Diğer","",""
5914,"10094 FOR COSTUME","10499",80,"Nebim Kod: 25Y00910094","Diğer","",""
5915,"10096 FOR COSTUME","9799",80,"Nebim Kod: 25Y00910096","Diğer","",""
5916,"10102 FOR COSTUME","10299",80,"Nebim Kod: 25Y00910102","Diğer","",""
5917,"10109 FOR COSTUME","9299",80,"Nebim Kod: 25Y00910109","Diğer","",""
5918,"10110 FOR COSTUME","10299",120,"Nebim Kod: 25Y00910110","Diğer","",""
5919,"10113 FOR COSTUME","9299",30,"Nebim Kod: 25Y00910113","Diğer","",""
5920,"10116 FOR COSTUME","13499",90,"Nebim Kod: 25Y00910116","Diğer","",""
5921,"10132 FOR COSTUME","13299",80,"Nebim Kod: 25Y00910132","Diğer","",""
5922,"10145 FOR COSTUME","12299",120,"Nebim Kod: 25Y00910145","Diğer","",""
5923,"10182 FOR COSTUME","10299",120,"Nebim Kod: 25Y00910182","Diğer","",""
5924,"10394 FOR COSTUME","10299",60,"Nebim Kod: 25Y00910394","Diğer","",""
5925,"10395 FOR COSTUME","9799",80,"Nebim Kod: 25Y00910395","Diğer","",""
5926,"8691 FOR COSTUME","9899",60,"Nebim Kod: 25Y0098691","Diğer","",""
5927,"8855 FOR COSTUME","12599",120,"Nebim Kod: 25Y0098855","Diğer","",""
5928,"8962 FOR COSTUME","15599",120,"Nebim Kod: 25Y0098962","Diğer","",""
5929,"9081 FOR COSTUME","8249",80,"Nebim Kod: 25Y0099081","Diğer","",""
5930,"9100 FOR COSTUME","5999",40,"Nebim Kod: 25Y0099100","Diğer","",""
5931,"9218 FOR COSTUME","8899",120,"Nebim Kod: 25Y0099218","Diğer","",""
5932,"9240 FOR COSTUME","8799",60,"Nebim Kod: 25Y0099240","Diğer","",""
5933,"9257 FOR COSTUME","6799",60,"Nebim Kod: 25Y0099257","Diğer","",""
5934,"9291 FOR COSTUME","7799",300,"Nebim Kod: 25Y0099291","Diğer","",""
5935,"9315 FOR COSTUME","12999",80,"Nebim Kod: 25Y0099315","Diğer","",""
5936,"9352 FOR COSTUME","6999",120,"Nebim Kod: 25Y0099352","Diğer","",""
5937,"9393 FOR COSTUME","7799",80,"Nebim Kod: 25Y0099393","Diğer","",""
5938,"9442 FOR COSTUME","9899",60,"Nebim Kod: 25Y0099442","Diğer","",""
5939,"9450 FOR COSTUME","8699",160,"Nebim Kod: 25Y0099450","Diğer","",""
5940,"9486 FOR COSTUME","9999",80,"Nebim Kod: 25Y0099486","Diğer","",""
5941,"9504 FOR COSTUME","7399",90,"Nebim Kod: 25Y0099504","Diğer","",""
5942,"9550 FOR COSTUME","8399",120,"Nebim Kod: 25Y0099550","Diğer","",""
5943,"9553 FOR COSTUME","8499",360,"Nebim Kod: 25Y0099553","Diğer","",""
5944,"9555 FOR COSTUME","8699",80,"Nebim Kod: 25Y0099555","Diğer","",""
5945,"9558 FOR COSTUME","6999",360,"Nebim Kod: 25Y0099558","Diğer","",""
5946,"9641 FOR COSTUME","10899",80,"Nebim Kod: 25Y0099641","Diğer","",""
5947,"9693 FOR COSTUME","9999",80,"Nebim Kod: 25Y0099693","Diğer","",""
5948,"9694 FOR COSTUME","9499",160,"Nebim Kod: 25Y0099694","Diğer","",""
5949,"9703 FOR COSTUME","10999",80,"Nebim Kod: 25Y0099703","Diğer","",""
5950,"9766 FOR COSTUME","13199",80,"Nebim Kod: 25Y0099766","Diğer","",""
5951,"9770 FOR COSTUME","7999",90,"Nebim Kod: 25Y0099770","Diğer","",""
5952,"9784 FOR COSTUME","8999",120,"Nebim Kod: 25Y0099784","Diğer","",""
5953,"9792 FOR COSTUME","10999",120,"Nebim Kod: 25Y0099792","Diğer","",""
5954,"9811 FOR COSTUME","13199",60,"Nebim Kod: 25Y0099811","Diğer","",""
5955,"9850 FOR COSTUME","8799",160,"Nebim Kod: 25Y0099850","Diğer","",""
5956,"9886 FOR COSTUME","9599",80,"Nebim Kod: 25Y0099886","Diğer","",""
5957,"9892 FOR COSTUME","11999",190,"Nebim Kod: 25Y0099892","Diğer","",""
5958,"9923 FOR COSTUME","9699",30,"Nebim Kod: 25Y0099923","Diğer","",""
5959,"9930 FOR COSTUME","8999",120,"Nebim Kod: 25Y0099930","Diğer","",""
5960,"9942 FOR COSTUME","11549",90,"Nebim Kod: 25Y0099942","Diğer","",""
5961,"9949 FOR COSTUME","9999",200,"Nebim Kod: 25Y0099949","Diğer","",""
5962,"9983 FOR COSTUME","13999",60,"Nebim Kod: 25Y0099983","Diğer","",""
5963,"23113 NAZZAN","11399",20,"Nebim Kod: 25Y01123113","Diğer","",""
5964,"23193 NAZZAN","8999",210,"Nebim Kod: 25Y01123193","Diğer","",""
5965,"25006 NAZZAN","8999",90,"Nebim Kod: 25Y01125006","Diğer","",""
5966,"25007 NAZZAN","9599",90,"Nebim Kod: 25Y01125007","Diğer","",""
5967,"25009 NAZZAN","14999",100,"Nebim Kod: 25Y01125009","Diğer","",""
5968,"25010 NAZZAN","5999",40,"Nebim Kod: 25Y01125010","Diğer","",""
5969,"25011 NAZZAN","8999",40,"Nebim Kod: 25Y01125011","Diğer","",""
5970,"25017 NAZZAN","8999",80,"Nebim Kod: 25Y01125017","Diğer","",""
5971,"25026 NAZZAN","5699",30,"Nebim Kod: 25Y01125026","Diğer","",""
5972,"25052 NAZZAN","11399",60,"Nebim Kod: 25Y01125052","Diğer","",""
5973,"25058 NAZZAN","18900",120,"Nebim Kod: 25Y01125058","Diğer","",""
5974,"25061 NAZZAN","9999",80,"Nebim Kod: 25Y01125061","Diğer","",""
5975,"25064 NAZZAN","6599",60,"Nebim Kod: 25Y01125064","Diğer","",""
5976,"25071 NAZZAN","11399",40,"Nebim Kod: 25Y01125071","Diğer","",""
5977,"25072 Nazzan","6299",60,"Nebim Kod: 25Y01125072","Diğer","",""
5978,"25074 NAZZAN","6299",90,"Nebim Kod: 25Y01125074","Diğer","",""
5979,"25081 NAZZAN","10399",30,"Nebim Kod: 25Y01125081","Diğer","",""
5980,"25086 NAZZAN","6299",60,"Nebim Kod: 25Y01125086","Diğer","",""
5981,"25091 NAZZAN","10399",40,"Nebim Kod: 25Y01125091","Diğer","",""
5982,"7313 NAZZAN","14999",50,"Nebim Kod: 25Y0117313","Diğer","",""
5983,"7362 NAZZAN","18900",30,"Nebim Kod: 25Y0117362","Diğer","",""
5984,"7525 Nazzan","18900",60,"Nebim Kod: 25Y0117525","Diğer","",""
5985,"8028 NAZZAN","9599",120,"Nebim Kod: 25Y0118028","Diğer","",""
5986,"2339 POZDA POZ","4899",60,"Nebim Kod: 25Y0162339","Diğer","",""
5987,"2341 POZDA POZ","8799",60,"Nebim Kod: 25Y0162341","Diğer","",""
5988,"2345 POZDA POZ","4399",100,"Nebim Kod: 25Y0162345","Diğer","",""
5989,"2505 POZDA POZ","4399",60,"Nebim Kod: 25Y0162505","Diğer","",""
5990,"2508 POZDA POZ","5599",80,"Nebim Kod: 25Y0162508","Diğer","",""
5991,"2510 POZDA POZ","4399",60,"Nebim Kod: 25Y0162510","Diğer","",""
5992,"2513 POZDA POZ","4399",60,"Nebim Kod: 25Y0162513","Diğer","",""
5993,"2519 POZDA POZ","5399",40,"Nebim Kod: 25Y0162519","Diğer","",""
5994,"2520 POZDA POZ","4599",60,"Nebim Kod: 25Y0162520","Diğer","",""
5995,"2523 POZDA POZ","4399",40,"Nebim Kod: 25Y0162523","Diğer","",""
5996,"3305 POZDA POZ","3399",60,"Nebim Kod: 25Y0163305","Diğer","",""
5997,"3326 POZDA POZ","3399",80,"Nebim Kod: 25Y0163326","Diğer","",""
5998,"3327 POZDA POZ","3399",80,"Nebim Kod: 25Y0163327","Diğer","",""
5999,"3328 POZDA POZ","3399",80,"Nebim Kod: 25Y0163328","Diğer","",""
6000,"3330 POZDA POZ","3399",60,"Nebim Kod: 25Y0163330","Diğer","",""
6001,"3331 POZDA POZ","3099",80,"Nebim Kod: 25Y0163331","Diğer","",""
6002,"3333 POZDA POZ","3399",40,"Nebim Kod: 25Y0163333","Diğer","",""
6003,"3337 POZDA POZ","3399",20,"Nebim Kod: 25Y0163337","Diğer","",""
6004,"4010 POZDA POZ","3799",80,"Nebim Kod: 25Y0164010","Diğer","",""
6005,"4016 POZDA POZ","6299",120,"Nebim Kod: 25Y0164016","Diğer","",""
6006,"4036 POZDA POZ","6299",100,"Nebim Kod: 25Y0164036","Diğer","",""
6007,"5002 POZDA POZ","8799",60,"Nebim Kod: 25Y0165002","Diğer","",""
6008,"2339 ALİNÇE","5399",200,"Nebim Kod: 25Y0182339","Diğer","",""
6009,"2341 ALİNÇE","5299",80,"Nebim Kod: 25Y0182341","Diğer","",""
6010,"2344 ALİNÇE","5399",120,"Nebim Kod: 25Y0182344","Diğer","",""
6011,"2348 ALİNÇE","6299",80,"Nebim Kod: 25Y0182348","Diğer","",""
6012,"2365 ALİNÇE","5999",120,"Nebim Kod: 25Y0182365","Diğer","",""
6013,"2369 ALİNCE","5999",120,"Nebim Kod: 25Y0182369","Diğer","",""
6014,"2370 ALİNÇE","5699",200,"Nebim Kod: 25Y0182370","Diğer","",""
6015,"2373 ALİNCE","5399",80,"Nebim Kod: 25Y0182373","Diğer","",""
6016,"2381 ALİNÇE","5099",280,"Nebim Kod: 25Y0182381","Diğer","",""
6017,"2381BB ALİNÇE","5399",10,"Nebim Kod: 25Y0182381BBGRİ44","Diğer","",""
6018,"2381BB ALİNÇE","5399",10,"Nebim Kod: 25Y0182381BBGRİ46","Diğer","",""
6019,"2381BB ALİNÇE","5399",10,"Nebim Kod: 25Y0182381BBLAC44","Diğer","",""
6020,"2381BB ALİNÇE","5399",10,"Nebim Kod: 25Y0182381BBLAC46","Diğer","",""
6021,"2390 ALİNCE","4799",160,"Nebim Kod: 25Y0182390","Diğer","",""
6022,"2410 ALİNÇE","6899",80,"Nebim Kod: 25Y0182410","Diğer","",""
6023,"2424 ALİNCE","6999",160,"Nebim Kod: 25Y0182424","Diğer","",""
6024,"2429 ALİNÇE","5099",80,"Nebim Kod: 25Y0182429","Diğer","",""
6025,"2430 ALİNÇE","4299",200,"Nebim Kod: 25Y0182430","Diğer","",""
6026,"2433 ALİNÇE","6599",80,"Nebim Kod: 25Y0182433","Diğer","",""
6027,"2436 ALİNCE","7999",40,"Nebim Kod: 25Y0182436","Diğer","",""
6028,"2444 ALİNCE","6999",80,"Nebim Kod: 25Y0182444","Diğer","",""
6029,"2445 ALİNCE","6999",80,"Nebim Kod: 25Y0182445","Diğer","",""
6030,"8324 ALİNÇE","3899",160,"Nebim Kod: 25Y0188324","Diğer","",""
6031,"0648 ÖMÜR İNN","8200",30,"Nebim Kod: 25Y0210648","Diğer","",""
6032,"132 ÖMÜR İNN","19250",320,"Nebim Kod: 25Y021132","Diğer","",""
6033,"309 ÖMÜR İNN","7800",80,"Nebim Kod: 25Y021309","Diğer","",""
6034,"326 ÖMÜR İNN","14700",30,"Nebim Kod: 25Y021326","Diğer","",""
6035,"332 ÖMÜR İNN","13300",120,"Nebim Kod: 25Y021332","Diğer","",""
6036,"340 ÖMÜR İNN","12700",80,"Nebim Kod: 25Y021340","Diğer","",""
6037,"341 ÖMÜR İNN","7700",80,"Nebim Kod: 25Y021341","Diğer","",""
6038,"342 ÖMÜR İNN","10500",60,"Nebim Kod: 25Y021342","Diğer","",""
6039,"346 ÖMÜR İNN","12000",80,"Nebim Kod: 25Y021346","Diğer","",""
6040,"347 ÖMÜR İNN","8800",80,"Nebim Kod: 25Y021347","Diğer","",""
6041,"348 ÖMÜR İNN","12100",160,"Nebim Kod: 25Y021348","Diğer","",""
6042,"360 ÖMÜR İNN","15700",120,"Nebim Kod: 25Y021360","Diğer","",""
6043,"362 ÖMÜR İNN","13500",80,"Nebim Kod: 25Y021362","Diğer","",""
6044,"374 ÖMÜR İNN","11400",80,"Nebim Kod: 25Y021374","Diğer","",""
6045,"385 ÖMÜR İNN","15200",80,"Nebim Kod: 25Y021385","Diğer","",""
6046,"391 ÖMÜR İNN","7400",80,"Nebim Kod: 25Y021391","Diğer","",""
6047,"392 ÖMÜR İNN","19600",60,"Nebim Kod: 25Y021392","Diğer","",""
6048,"396 ÖMÜR İNN","15400",320,"Nebim Kod: 25Y021396","Diğer","",""
6049,"402 ÖMÜR İNN","16000",40,"Nebim Kod: 25Y021402","Diğer","",""
6050,"404 ÖMÜR İNN","31700",30,"Nebim Kod: 25Y021404","Diğer","",""
6051,"418 ÖMÜR İNN","12300",30,"Nebim Kod: 25Y021418","Diğer","",""
6052,"419 ÖMÜR İNN","12800",80,"Nebim Kod: 25Y021419","Diğer","",""
6053,"437 ÖMÜR İNN","10150",80,"Nebim Kod: 25Y021437","Diğer","",""
6054,"450 ÖMÜR İNN","12900",120,"Nebim Kod: 25Y021450","Diğer","",""
6055,"452 ÖMÜR İNN","16400",100,"Nebim Kod: 25Y021452","Diğer","",""
6056,"454 ÖMÜR İNN","10300",40,"Nebim Kod: 25Y021454","Diğer","",""
6057,"466 ÖMÜR İNN","14400",80,"Nebim Kod: 25Y021466","Diğer","",""
6058,"467 ÖMÜR İNN","11800",250,"Nebim Kod: 25Y021467","Diğer","",""
6059,"476 ÖMÜR İNN","22550",40,"Nebim Kod: 25Y021476","Diğer","",""
6060,"482 ÖMÜR İNN","19700",240,"Nebim Kod: 25Y021482","Diğer","",""
6061,"492 ÖMÜR İNN","15000",100,"Nebim Kod: 25Y021492","Diğer","",""
6062,"510 ÖMÜR İNN","17000",240,"Nebim Kod: 25Y021510","Diğer","",""
6063,"512 ÖMÜR İNN","14400",80,"Nebim Kod: 25Y021512","Diğer","",""
6064,"514 ÖMÜR İNN","15100",120,"Nebim Kod: 25Y021514","Diğer","",""
6065,"520 ÖMÜR İNN","10700",360,"Nebim Kod: 25Y021520","Diğer","",""
6066,"528 ÖMÜR İNN","18800",80,"Nebim Kod: 25Y021528","Diğer","",""
6067,"530 ÖMÜR İNN","19100",30,"Nebim Kod: 25Y021530","Diğer","",""
6068,"542 ÖMÜR İNN","10100",80,"Nebim Kod: 25Y021542","Diğer","",""
6069,"554 ÖMÜR İNN","15400",120,"Nebim Kod: 25Y021554","Diğer","",""
6070,"564 ÖMÜR İNN","13300",50,"Nebim Kod: 25Y021564","Diğer","",""
6071,"566 ÖMÜR İNN","14200",120,"Nebim Kod: 25Y021566","Diğer","",""
6072,"584 ÖMÜR İNN","20500",280,"Nebim Kod: 25Y021584","Diğer","",""
6073,"586 ÖMÜR İNN","14500",80,"Nebim Kod: 25Y021586","Diğer","",""
6074,"588 ÖMÜR İNN","15100",80,"Nebim Kod: 25Y021588","Diğer","",""
6075,"590 ÖMÜR İNN","21000",40,"Nebim Kod: 25Y021590","Diğer","",""
6076,"596 ÖMÜR İNN","20900",80,"Nebim Kod: 25Y021596","Diğer","",""
6077,"600 ÖMÜR İNN","24500",80,"Nebim Kod: 25Y021600","Diğer","",""
6078,"602 ÖMÜR İNN","18500",40,"Nebim Kod: 25Y021602","Diğer","",""
6079,"608 ÖMÜR İNN","17000",80,"Nebim Kod: 25Y021608","Diğer","",""
6080,"610 ÖMÜR İNN","18900",40,"Nebim Kod: 25Y021610","Diğer","",""
6081,"612 ÖMÜR İNN","19400",120,"Nebim Kod: 25Y021612","Diğer","",""
6082,"622 ÖMÜR İNN","18300",80,"Nebim Kod: 25Y021622","Diğer","",""
6083,"624 ÖMÜR İNN","17600",80,"Nebim Kod: 25Y021624","Diğer","",""
6084,"626 ÖMÜR İNN","23400",120,"Nebim Kod: 25Y021626","Diğer","",""
6085,"632 ÖMÜR İNN","19600",80,"Nebim Kod: 25Y021632","Diğer","",""
6086,"648 ÖMÜR İNN","18039",30,"Nebim Kod: 25Y021648","Diğer","",""
6087,"650 ÖMÜR İNN","16900",60,"Nebim Kod: 25Y021650","Diğer","",""
6088,"652 ÖMÜR İNN","19000",30,"Nebim Kod: 25Y021652","Diğer","",""
6089,"654 ÖMÜR İNN","17500",60,"Nebim Kod: 25Y021654","Diğer","",""
6090,"658 ÖMÜR INN","19500",30,"Nebim Kod: 25Y021658","Diğer","",""
6091,"664 ÖMÜR İNN","19300",60,"Nebim Kod: 25Y021664","Diğer","",""
6092,"666 ÖMÜR İNN","18800",30,"Nebim Kod: 25Y021666","Diğer","",""
6093,"668 ÖMÜR İNN","17600",30,"Nebim Kod: 25Y021668","Diğer","",""
6094,"6003 İLMİO","13999",90,"Nebim Kod: 25Y0456003","Diğer","",""
6095,"6005 İLMİO","12999",50,"Nebim Kod: 25Y0456005","Diğer","",""
6096,"6006 İLMİO","11999",90,"Nebim Kod: 25Y0456006","Diğer","",""
6097,"6008 İLMİO","12999",60,"Nebim Kod: 25Y0456008","Diğer","",""
6098,"6009 İLMİO","11999",90,"Nebim Kod: 25Y0456009","Diğer","",""
6099,"6011 İLMİO","13999",60,"Nebim Kod: 25Y0456011","Diğer","",""
6100,"6012 İLMİO","13999",60,"Nebim Kod: 25Y0456012","Diğer","",""
6101,"6015 İLMİO","12999",90,"Nebim Kod: 25Y0456015","Diğer","",""
6102,"6017 İLMİO","9899",180,"Nebim Kod: 25Y0456017","Diğer","",""
6103,"6018 İLMİO","9799",60,"Nebim Kod: 25Y0456018","Diğer","",""
6104,"6021 İLMİO","12499",30,"Nebim Kod: 25Y0456021","Diğer","",""
6105,"6022 İLMİO","14499",90,"Nebim Kod: 25Y0456022","Diğer","",""
6106,"6023 İLMİO","10999",60,"Nebim Kod: 25Y0456023","Diğer","",""
6107,"6024 İLMİO","10999",60,"Nebim Kod: 25Y0456024","Diğer","",""
6108,"6025 İLMİO","11699",90,"Nebim Kod: 25Y0456025","Diğer","",""
6109,"6028 İLMİO","9999",60,"Nebim Kod: 25Y0456028","Diğer","",""
6110,"6031 İLMİO","10999",90,"Nebim Kod: 25Y0456031","Diğer","",""
6111,"6035 İLMİO","12999",60,"Nebim Kod: 25Y0456035","Diğer","",""
6112,"6036 İLMİO","13999",90,"Nebim Kod: 25Y0456036","Diğer","",""
6113,"6040 İLMİO","13499",60,"Nebim Kod: 25Y0456040","Diğer","",""
6114,"6042 İLMİO","11999",90,"Nebim Kod: 25Y0456042","Diğer","",""
6115,"6044 İLMİO","12499",60,"Nebim Kod: 25Y0456044","Diğer","",""
6116,"6055 İLMİO","11999",30,"Nebim Kod: 25Y0456055","Diğer","",""
6117,"6056 İLMİO","13999",60,"Nebim Kod: 25Y0456056","Diğer","",""
6118,"6062 İLMİO","10999",90,"Nebim Kod: 25Y0456062","Diğer","",""
6119,"6064 İLMİO","9999",60,"Nebim Kod: 25Y0456064","Diğer","",""
6120,"6065 İLMİO","10999",90,"Nebim Kod: 25Y0456065","Diğer","",""
6121,"7016 İLMİO","9999",90,"Nebim Kod: 25Y0457016","Diğer","",""
6122,"7019 İLMİO","8999",60,"Nebim Kod: 25Y0457019","Diğer","",""
6123,"1402 MİANOTTE","4699",80,"Nebim Kod: 25Y0461402","Diğer","",""
6124,"1403 MİANOTTE","6559",80,"Nebim Kod: 25Y0461403","Diğer","",""
6125,"1407 MİANOTTE","5599",40,"Nebim Kod: 25Y0461407","Diğer","",""
6126,"1408 MİANOTTE","4659",80,"Nebim Kod: 25Y0461408","Diğer","",""
6127,"1409 MİANOTTE","7509",80,"Nebim Kod: 25Y0461409","Diğer","",""
6128,"1410 MİANOTTE","4659",80,"Nebim Kod: 25Y0461410","Diğer","",""
6129,"1412 MİANOTTE","7219",80,"Nebim Kod: 25Y0461412","Diğer","",""
6130,"1413 MİANOTTE","6079",90,"Nebim Kod: 25Y0461413","Diğer","",""
6131,"1417 MİANOTTE","5609",40,"Nebim Kod: 25Y0461417","Diğer","",""
6132,"1418 MİANOTTE","5899",40,"Nebim Kod: 25Y0461418","Diğer","",""
6133,"1419 MİANOTTE","6899",40,"Nebim Kod: 25Y0461419","Diğer","",""
6134,"1421 MİANOTTE","6899",80,"Nebim Kod: 25Y0461421","Diğer","",""
6135,"1422 MİANOTTE","4899",90,"Nebim Kod: 25Y0461422","Diğer","",""
6136,"302 MİANOTTE","2469",20,"Nebim Kod: 25Y046302","Diğer","",""
6137,"303 MİANOTTE","3709",20,"Nebim Kod: 25Y046303","Diğer","",""
6138,"304 MİANOTTE","3039",20,"Nebim Kod: 25Y046304","Diğer","",""
6139,"305 MİANOTTE","5129",20,"Nebim Kod: 25Y046305","Diğer","",""
6140,"306 MİANOTTE","5039",20,"Nebim Kod: 25Y046306","Diğer","",""
6141,"3409 MİANOTTE","2179",80,"Nebim Kod: 25Y0463409","Diğer","",""
6142,"3411 MİANOTTE","4179",80,"Nebim Kod: 25Y0463411","Diğer","",""
6143,"3413 MİANOTTE","3709",80,"Nebim Kod: 25Y0463413","Diğer","",""
6144,"3414 MİANOTTE","4659",40,"Nebim Kod: 25Y0463414","Diğer","",""
6145,"3415 MİANOTTE","1809",80,"Nebim Kod: 25Y0463415","Diğer","",""
6146,"3416 MİANOTTE","3709",40,"Nebim Kod: 25Y0463416","Diğer","",""
6147,"3417 MİANOTTE","2759",40,"Nebim Kod: 25Y0463417","Diğer","",""
6148,"3418 MİANOTTE","3419",80,"Nebim Kod: 25Y0463418","Diğer","",""
6149,"3420 MİANOTTE","2469",40,"Nebim Kod: 25Y0463420","Diğer","",""
6150,"3421 MİANOTTE","4559",40,"Nebim Kod: 25Y0463421","Diğer","",""
6151,"3422 MİANOTTE","4659",80,"Nebim Kod: 25Y0463422","Diğer","",""
6152,"3424 MİANOTTE","4179",80,"Nebim Kod: 25Y0463424","Diğer","",""
6153,"3425 MİANOTTE","4659",40,"Nebim Kod: 25Y0463425","Diğer","",""
6154,"3428 MİANOTTE","3609",40,"Nebim Kod: 25Y0463428","Diğer","",""
6155,"3429 MİANOTTE","4559",40,"Nebim Kod: 25Y0463429","Diğer","",""
6156,"3430 MİANOTTE","3999",40,"Nebim Kod: 25Y0463430","Diğer","",""
6157,"3431 MİANOTTE","3329",80,"Nebim Kod: 25Y0463431","Diğer","",""
6158,"3432 MİANOTTE","4899",80,"Nebim Kod: 25Y0463432","Diğer","",""
6159,"3434 MİANOTTE","3989",40,"Nebim Kod: 25Y0463434","Diğer","",""
6160,"3435 MİANOTTE","6369",40,"Nebim Kod: 25Y0463435","Diğer","",""
6161,"3444 MİANOTTE","3899",40,"Nebim Kod: 25Y0463444","Diğer","",""
6162,"3445 MİANOTTE","4399",40,"Nebim Kod: 25Y0463445","Diğer","",""
6163,"3446 MİANOTTE","3899",120,"Nebim Kod: 25Y0463446","Diğer","",""
6164,"3448 MİANOTTE","3899",80,"Nebim Kod: 25Y0463448","Diğer","",""
6165,"3449 MİANOTTE","4899",40,"Nebim Kod: 25Y0463449","Diğer","",""
6166,"3450 MİANOTTE","3499",40,"Nebim Kod: 25Y0463450","Diğer","",""
6167,"6108 MİANOTTE","3709",40,"Nebim Kod: 25Y0466108","Diğer","",""
6168,"6111 MİANOTTE","3999",80,"Nebim Kod: 25Y0466111","Diğer","",""
6169,"6113 MİANOTTE","3419",80,"Nebim Kod: 25Y0466113","Diğer","",""
6170,"6114 MİANOTTE","3709",40,"Nebim Kod: 25Y0466114","Diğer","",""
6171,"6115 MİANOTTE","2279",40,"Nebim Kod: 25Y0466115","Diğer","",""
6172,"6116 MİANOTTE","3709",80,"Nebim Kod: 25Y0466116","Diğer","",""
6173,"6117 MİANOTTE","2659",80,"Nebim Kod: 25Y0466117","Diğer","",""
6174,"6118 MİANOTTE","3419",40,"Nebim Kod: 25Y0466118","Diğer","",""
6175,"6119 MİANOTTE","4939",40,"Nebim Kod: 25Y0466119","Diğer","",""
6176,"6120 MİANOTTE","4179",40,"Nebim Kod: 25Y0466120","Diğer","",""
6177,"6121 MİANOTTE","3419",40,"Nebim Kod: 25Y0466121","Diğer","",""
6178,"6122 MİANOTTE","3419",40,"Nebim Kod: 25Y0466122","Diğer","",""
6179,"6124 MİANOTTE","3419",40,"Nebim Kod: 25Y0466124","Diğer","",""
6180,"6125 MİANOTTE","3989",80,"Nebim Kod: 25Y0466125","Diğer","",""
6181,"6126 MİANOTTE","2569",40,"Nebim Kod: 25Y0466126","Diğer","",""
6182,"6127 MİANOTTE","4179",40,"Nebim Kod: 25Y0466127","Diğer","",""
6183,"6128 MİANOTTE","4599",80,"Nebim Kod: 25Y0466128","Diğer","",""
6184,"6133 MİANOTTE","3039",40,"Nebim Kod: 25Y0466133","Diğer","",""
6185,"6134 MİANOTTE","3999",40,"Nebim Kod: 25Y0466134","Diğer","",""
6186,"6135 MİANOTTE","4659",80,"Nebim Kod: 25Y0466135","Diğer","",""
6187,"6137 MİANOTTE","4179",80,"Nebim Kod: 25Y0466137","Diğer","",""
6188,"6138 MİANOTTE","1809",40,"Nebim Kod: 25Y0466138","Diğer","",""
6189,"6141 MİANOTTE","3799",40,"Nebim Kod: 25Y0466141","Diğer","",""
6190,"6142 MİANOTTE","3899",80,"Nebim Kod: 25Y0466142","Diğer","",""
6191,"6146 MİANOTTE","3799",40,"Nebim Kod: 25Y0466146","Diğer","",""
6192,"6150 MİANOTTE","4399",40,"Nebim Kod: 25Y0466150","Diğer","",""
6193,"6151 MİANOTTE","4599",120,"Nebim Kod: 25Y0466151","Diğer","",""
6194,"634 MİANOTTE","4659",20,"Nebim Kod: 25Y046634","Diğer","",""
6195,"635 MİANOTTE","3709",20,"Nebim Kod: 25Y046635","Diğer","",""
6196,"636 MİANOTTE","5599",20,"Nebim Kod: 25Y046636","Diğer","",""
6197,"638 MİANOTTE","3709",20,"Nebim Kod: 25Y046638","Diğer","",""
6198,"640 MİANOTTE","3709",20,"Nebim Kod: 25Y046640","Diğer","",""
6199,"641 MİANOTTE","4369",20,"Nebim Kod: 25Y046641","Diğer","",""
6200,"643 MİANOTTE","2949",40,"Nebim Kod: 25Y046643","Diğer","",""
6201,"644 MİANOTTE","4369",40,"Nebim Kod: 25Y046644","Diğer","",""
6202,"7800 MİANOTTE","6899",80,"Nebim Kod: 25Y0467800","Diğer","",""
6203,"7801 MİANOTTE","6559",80,"Nebim Kod: 25Y0467801","Diğer","",""
6204,"7802 MİANOTTE","5899",40,"Nebim Kod: 25Y0467802","Diğer","",""
6205,"7805 MİANOTTE","5899",80,"Nebim Kod: 25Y0467805","Diğer","",""
6206,"8402 MİANOTTE","4199",40,"Nebim Kod: 25Y0468402","Diğer","",""
6207,"8404 MİANOTTE","5609",80,"Nebim Kod: 25Y0468404","Diğer","",""
6208,"8405 MİANOTTE","5130",40,"Nebim Kod: 25Y0468405","Diğer","",""
6209,"8407 MİANOTTE","4659",40,"Nebim Kod: 25Y0468407","Diğer","",""
6210,"8409 MİANOTTE","3899",80,"Nebim Kod: 25Y0468409","Diğer","",""
6211,"8410 MİANOTTE","6559",60,"Nebim Kod: 25Y0468410","Diğer","",""
6212,"8411 MİANOTTE","4659",80,"Nebim Kod: 25Y0468411","Diğer","",""
6213,"8412 MİANOTTE","5035",40,"Nebim Kod: 25Y0468412","Diğer","",""
6214,"8413 MİANOTTE","5609",40,"Nebim Kod: 25Y0468413","Diğer","",""
6215,"8419 MİANOTTE","5399",40,"Nebim Kod: 25Y0468419","Diğer","",""
6216,"8420 MİANOTTE","3899",40,"Nebim Kod: 25Y0468420","Diğer","",""
6217,"8421 MİANOTTE","4399",80,"Nebim Kod: 25Y0468421","Diğer","",""
6218,"8422 MİANOTTE","4399",40,"Nebim Kod: 25Y0468422","Diğer","",""
6219,"922 MİANOTTE","6179",40,"Nebim Kod: 25Y046922","Diğer","",""
6220,"923 MİANOTTE","6179",20,"Nebim Kod: 25Y046923","Diğer","",""
6221,"924 MİANOTTE","7129",20,"Nebim Kod: 25Y046924","Diğer","",""
6222,"925 MİANOTTE","4659",20,"Nebim Kod: 25Y046925","Diğer","",""
6223,"927 MİANOTTE","6079",20,"Nebim Kod: 25Y046927","Diğer","",""
6224,"928 MİANOTTE","6079",20,"Nebim Kod: 25Y046928","Diğer","",""
6225,"929 MİANOTTE","6079",20,"Nebim Kod: 25Y046929","Diğer","",""
6226,"930 MİANOTTE","7129",40,"Nebim Kod: 25Y046930","Diğer","",""
6227,"931 MİANOTTE","5129",20,"Nebim Kod: 25Y046931","Diğer","",""
6228,"932 MİANOTTE","6079",20,"Nebim Kod: 25Y046932","Diğer","",""
6229,"9901 MİANOTTE","5319",40,"Nebim Kod: 25Y0469901","Diğer","",""
6230,"9903 MİANOTTE","5609",40,"Nebim Kod: 25Y0469903","Diğer","",""
6231,"9906 MİANOTTE","5609",80,"Nebim Kod: 25Y0469906","Diğer","",""
6232,"9907 MİANOTTE","5609",80,"Nebim Kod: 25Y0469907","Diğer","",""
6233,"9909 MİANOTTE","5609",40,"Nebim Kod: 25Y0469909","Diğer","",""
6234,"9910 MİANOTTE","5609",80,"Nebim Kod: 25Y0469910","Diğer","",""
6235,"9911 MİANOTTE","5609",40,"Nebim Kod: 25Y0469911","Diğer","",""
6236,"9912 MİANOTTE","6559",40,"Nebim Kod: 25Y0469912","Diğer","",""
6237,"9913 MİANOTTE","5609",40,"Nebim Kod: 25Y0469913","Diğer","",""
6238,"9915 MİANOTTE","5609",40,"Nebim Kod: 25Y0469915","Diğer","",""
6239,"9916 MİANOTTE","4279",40,"Nebim Kod: 25Y0469916","Diğer","",""
6240,"9919 MİANOTTE","5319",60,"Nebim Kod: 25Y0469919","Diğer","",""
6241,"9920 MİANOTTE","4199",80,"Nebim Kod: 25Y0469920","Diğer","",""
6242,"9922 MİANOTTE","5129",40,"Nebim Kod: 25Y0469922","Diğer","",""
6243,"9924 MİANOTTE","6209",40,"Nebim Kod: 25Y0469924","Diğer","",""
6244,"9925 MİANOTTE","5609",80,"Nebim Kod: 25Y0469925","Diğer","",""
6245,"9926 MİANOTTE","5899",40,"Nebim Kod: 25Y0469926","Diğer","",""
6246,"9928 MİANOTTE","6559",80,"Nebim Kod: 25Y0469928","Diğer","",""
6247,"9932 MİANOTTE","4659",40,"Nebim Kod: 25Y0469932","Diğer","",""
6248,"9935 MİANOTTE","4659",80,"Nebim Kod: 25Y0469935","Diğer","",""
6249,"9936 MİANOTTE","4899",80,"Nebim Kod: 25Y0469936","Diğer","",""
6250,"9939 MİANOTTE","6899",40,"Nebim Kod: 25Y0469939","Diğer","",""
6251,"9940 MİANOTTE","6399",80,"Nebim Kod: 25Y0469940","Diğer","",""
6252,"9944 MİANOTTE","5899",40,"Nebim Kod: 25Y0469944","Diğer","",""
6253,"9945 MİANOTTE","5899",40,"Nebim Kod: 25Y0469945","Diğer","",""
6254,"2986 SESTO SENSO","6000",60,"Nebim Kod: 25Y0542986","Diğer","",""
6255,"2989 SESTO SENSO","6000",60,"Nebim Kod: 25Y0542989","Diğer","",""
6256,"3014 SESTO SENSO","8999",200,"Nebim Kod: 25Y0543014","Diğer","",""
6257,"6009 RENGİN","10799",180,"Nebim Kod: 25Y0716009","Diğer","",""
6258,"6179 RENGİN","7999",60,"Nebim Kod: 25Y0716179","Diğer","",""
6259,"6251 RENGİN","7999",80,"Nebim Kod: 25Y0716251","Diğer","",""
6260,"6262 RENGİN","8999",80,"Nebim Kod: 25Y0716262","Diğer","",""
6261,"6267 RENGİN","5999",80,"Nebim Kod: 25Y0716267","Diğer","",""
6262,"6278 RENGİN","9499",60,"Nebim Kod: 25Y0716278","Diğer","",""
6263,"6283 RENGİN","7999",40,"Nebim Kod: 25Y0716283","Diğer","",""
6264,"6284 RENGİN","7999",40,"Nebim Kod: 25Y0716284","Diğer","",""
6265,"6291 RENGİN","5999",80,"Nebim Kod: 25Y0716291","Diğer","",""
6266,"6292 RENGİN","4999",80,"Nebim Kod: 25Y0716292","Diğer","",""
6267,"6294 RENGİN","7999",40,"Nebim Kod: 25Y0716294","Diğer","",""
6268,"6329 RENGİN","11399",60,"Nebim Kod: 25Y0716329","Diğer","",""
6269,"6339 RENGİN","15899",120,"Nebim Kod: 25Y0716339","Diğer","",""
6270,"6340 RENGİN","9999",40,"Nebim Kod: 25Y0716340","Diğer","",""
6271,"6349 RENGİN","18999",80,"Nebim Kod: 25Y0716349","Diğer","",""
6272,"6353 RENGİN","16699",40,"Nebim Kod: 25Y0716353","Diğer","",""
6273,"6355 RENGİN","10499",40,"Nebim Kod: 25Y0716355","Diğer","",""
6274,"6357 RENGİN","13499",80,"Nebim Kod: 25Y0716357","Diğer","",""
6275,"6362 RENGİN","11699",80,"Nebim Kod: 25Y0716362","Diğer","",""
6276,"7250 RENGİN","3999",40,"Nebim Kod: 25Y0717250","Diğer","",""
6277,"7259 RENGİN","4999",30,"Nebim Kod: 25Y0717259","Diğer","",""
6278,"7291 RENGİN","3999",40,"Nebim Kod: 25Y0717291","Diğer","",""
6279,"7316 RENGİN","5999",80,"Nebim Kod: 25Y0717316","Diğer","",""
6280,"7372 RENGİN","14449",80,"Nebim Kod: 25Y0717372","Diğer","",""
6281,"18594 EXPOLSION","3999",80,"Nebim Kod: 25Y07618594","Diğer","",""
6282,"18642 EXPOLSION","4699",40,"Nebim Kod: 25Y07618642","Diğer","",""
6283,"18645 EXPOLSION","5599",40,"Nebim Kod: 25Y07618645","Diğer","",""
6284,"18657 EXPOLSION","3339",80,"Nebim Kod: 25Y07618657","Diğer","",""
6285,"22453 EXPOLSION","4199",40,"Nebim Kod: 25Y07622453","Diğer","",""
6286,"42707 EXPOLSION","3999",40,"Nebim Kod: 25Y07642707","Diğer","",""
6287,"42730 EXPOLSION","4199",40,"Nebim Kod: 25Y07642730","Diğer","",""
6288,"42763 EXPOLSION","4399",80,"Nebim Kod: 25Y07642763","Diğer","",""
6289,"58105 EXPOLSION","6499",40,"Nebim Kod: 25Y07658105","Diğer","",""
6290,"58125 EXPOLSION","6899",40,"Nebim Kod: 25Y07658125","Diğer","",""
6291,"58158 EXPOLSION","3499",40,"Nebim Kod: 25Y07658158","Diğer","",""
6292,"58194 EXPOLSION","3999",80,"Nebim Kod: 25Y07658194","Diğer","",""
6293,"58199 EXPOLSION","4269",40,"Nebim Kod: 25Y07658199","Diğer","",""
6294,"80107 EXPOLSION","11199",70,"Nebim Kod: 25Y07680107","Diğer","",""
6295,"80119 EXPOLSION","9199",80,"Nebim Kod: 25Y07680119","Diğer","",""
6296,"80122 EXPOLSION","9999",40,"Nebim Kod: 25Y07680122","Diğer","",""
6297,"80124 EXPOLSION","10599",40,"Nebim Kod: 25Y07680124","Diğer","",""
6298,"80127 EXPOLSION","8699",40,"Nebim Kod: 25Y07680127","Diğer","",""
6299,"80129 EXPOLSION","8599",40,"Nebim Kod: 25Y07680129","Diğer","",""
6300,"80131 EXPOLSION","7939",210,"Nebim Kod: 25Y07680131","Diğer","",""
6301,"8137 EXPLOSION","1199",10,"Nebim Kod: 25Y0768137","Diğer","",""
6302,"8180 EXPLOSION","1999",10,"Nebim Kod: 25Y0768180","Diğer","",""
6303,"8181 EXPLOSION","2299",10,"Nebim Kod: 25Y0768181","Diğer","",""
6304,"8182 EXPLOSION","2299",10,"Nebim Kod: 25Y0768182","Diğer","",""
6305,"8183 EXPLOSION","2199",20,"Nebim Kod: 25Y0768183","Diğer","",""
6306,"8184 EXPLOSION","2299",10,"Nebim Kod: 25Y0768184","Diğer","",""
6307,"8194 EXPLOSION","2599",10,"Nebim Kod: 25Y0768194","Diğer","",""
6308,"8229 EXPLOSION","2299",10,"Nebim Kod: 25Y0768229","Diğer","",""
6309,"8273 EXPLOSION","1899",10,"Nebim Kod: 25Y0768273","Diğer","",""
6310,"8274 EXPLOSION","1899",20,"Nebim Kod: 25Y0768274","Diğer","",""
6311,"8276 EXPLOSION","2299",40,"Nebim Kod: 25Y0768276","Diğer","",""
6312,"8277 EXPLOSION","2299",40,"Nebim Kod: 25Y0768277","Diğer","",""
6313,"8278 EXPLOSION","2299",40,"Nebim Kod: 25Y0768278","Diğer","",""
6314,"8279 EXPLOSION","2299",60,"Nebim Kod: 25Y0768279","Diğer","",""
6315,"8281 EXPLOSION","2299",40,"Nebim Kod: 25Y0768281","Diğer","",""
6316,"8282 EXPLOSION","2299",40,"Nebim Kod: 25Y0768282","Diğer","",""
6317,"8283 EXPLOSION","2099",40,"Nebim Kod: 25Y0768283","Diğer","",""
6318,"8284 EXPLOSION","2299",20,"Nebim Kod: 25Y0768284","Diğer","",""
6319,"8287 EXPLOSION","2199",20,"Nebim Kod: 25Y0768287","Diğer","",""
6320,"1649 EVVEL TEKSTIL","11889",120,"Nebim Kod: 25Y0801649","Diğer","",""
6321,"1815 EVVEL TEKSTIL","9799",30,"Nebim Kod: 25Y0801815","Diğer","",""
6322,"1819 EVVEL TEKSTIL","12899",90,"Nebim Kod: 25Y0801819","Diğer","",""
6323,"1836 EVVEL TEKSTIL","12899",120,"Nebim Kod: 25Y0801836","Diğer","",""
6324,"1859 EVVEL TEKSTIL","9299",120,"Nebim Kod: 25Y0801859","Diğer","",""
6325,"1861 EVVEL TEKSTIL","9299",180,"Nebim Kod: 25Y0801861","Diğer","",""
6326,"1932 EVVEL TEKSTIL","8550",30,"Nebim Kod: 25Y0801932","Diğer","",""
6327,"1944 EVVEL TEKSTIL","9799",60,"Nebim Kod: 25Y0801944","Diğer","",""
6328,"1945 EVVEL TEKSTIL","7799",60,"Nebim Kod: 25Y0801945","Diğer","",""
6329,"1946 EVVEL TEKSTIL","13999",40,"Nebim Kod: 25Y0801946","Diğer","",""
6330,"1947 EVVEL TEKSTIL","12899",80,"Nebim Kod: 25Y0801947","Diğer","",""
6331,"1951 EVVEL TEKSTIL","12899",40,"Nebim Kod: 25Y0801951","Diğer","",""
6332,"1952 EVVEL TEKSTIL","13999",60,"Nebim Kod: 25Y0801952","Diğer","",""
6333,"1954 EVVEL TEKSTIL","13999",60,"Nebim Kod: 25Y0801954","Diğer","",""
6334,"1963 EVVEL TEKSTIL","11889",60,"Nebim Kod: 25Y0801963","Diğer","",""
6335,"1964 EVVEL TEKSTIL","10449",60,"Nebim Kod: 25Y0801964","Diğer","",""
6336,"1965 EVVEL TEKSTIL","10899",120,"Nebim Kod: 25Y0801965","Diğer","",""
6337,"1966 EVVEL TEKSTİL","15399",20,"Nebim Kod: 25Y0801966","Diğer","",""
6338,"1970 EVVEL TEKSTIL","15399",40,"Nebim Kod: 25Y0801970","Diğer","",""
6339,"1971 EVVEL TEKSTIL","9799",120,"Nebim Kod: 25Y0801971","Diğer","",""
6340,"1976 EVVEL TEKSTIL","12449",30,"Nebim Kod: 25Y0801976","Diğer","",""
6341,"1978 EVVEL TEKSTIL","9299",90,"Nebim Kod: 25Y0801978","Diğer","",""
6342,"1979 EVVEL TEKSTIL","11899",30,"Nebim Kod: 25Y0801979","Diğer","",""
6343,"1992 EVVEL TEKSTIL","11889",60,"Nebim Kod: 25Y0801992","Diğer","",""
6344,"2000 EVVEL TEKSTIL","12449",60,"Nebim Kod: 25Y0802000","Diğer","",""
6345,"2006 EVVEL TEKSTIL","17399",40,"Nebim Kod: 25Y0802006","Diğer","",""
6346,"2025 EVVEL TEKSTIL","13999",60,"Nebim Kod: 25Y0802025","Diğer","",""
6347,"2040 EVVEL TEKSTIL","12899",30,"Nebim Kod: 25Y0802040","Diğer","",""
6348,"2043 EVVEL TEKSTIL","12499",120,"Nebim Kod: 25Y0802043","Diğer","",""
6349,"2049 EVVEL TEKSTIL","14850",40,"Nebim Kod: 25Y0802049","Diğer","",""
6350,"2050 EVVEL TEKSTİL","19999",20,"Nebim Kod: 25Y0802050","Diğer","",""
6351,"2054 EVVEL TEKSTIL","11499",30,"Nebim Kod: 25Y0802054","Diğer","",""
6352,"2056 EVVEL TEKSTIL","7749",90,"Nebim Kod: 25Y0802056","Diğer","",""
6353,"2057 EVVEL TEKSTIL","16599",20,"Nebim Kod: 25Y0802057","Diğer","",""
6354,"2058 EVVEL TEKSTIL","13999",60,"Nebim Kod: 25Y0802058","Diğer","",""
6355,"2063 EVVEL TEKSTIL","13999",90,"Nebim Kod: 25Y0802063","Diğer","",""
6356,"2074 EVVEL TEKSTIL","8550",30,"Nebim Kod: 25Y0802074","Diğer","",""
6357,"2076 EVVEL TEKSTIL","12449",60,"Nebim Kod: 25Y0802076","Diğer","",""
6358,"2086 EVVEL TEKSTIL","10449",60,"Nebim Kod: 25Y0802086","Diğer","",""
6359,"2089 EVVEL TEKSTİL","23749",20,"Nebim Kod: 25Y0802089","Diğer","",""
6360,"2093 EVVEL TEKSTİL","10999",30,"Nebim Kod: 25Y0802093","Diğer","",""
6361,"2096 EVVEL TEKSTIL","12449",60,"Nebim Kod: 25Y0802096","Diğer","",""
6362,"2137 EVVEL TEKSTİL","11899",30,"Nebim Kod: 25Y0802137","Diğer","",""
6363,"2139 EVVEL TEKSTİL","10449",60,"Nebim Kod: 25Y0802139","Diğer","",""
6364,"2143 EVVEL TEKSTİL","12449",60,"Nebim Kod: 25Y0802143","Diğer","",""
6365,"1048 SO LADY","14999",140,"Nebim Kod: 25Y0811048","Diğer","",""
6366,"2042 SO LADY","16249",180,"Nebim Kod: 25Y0812042","Diğer","",""
6367,"2044 SO LADY","11399",80,"Nebim Kod: 25Y0812044","Diğer","",""
6368,"2091 SO LADY","11999",100,"Nebim Kod: 25Y0812091","Diğer","",""
6369,"2098 SO LADY","20499",80,"Nebim Kod: 25Y0812098","Diğer","",""
6370,"3004 SO LADY","12999",60,"Nebim Kod: 25Y0813004","Diğer","",""
6371,"3014 SO LADY","11999",60,"Nebim Kod: 25Y0813014","Diğer","",""
6372,"3015 SO LADY","12499",90,"Nebim Kod: 25Y0813015","Diğer","",""
6373,"3029 SO LADY","12749",40,"Nebim Kod: 25Y0813029","Diğer","",""
6374,"3035 SO LADY","10999",120,"Nebim Kod: 25Y0813035","Diğer","",""
6375,"3036 SO LADY","12999",40,"Nebim Kod: 25Y0813036","Diğer","",""
6376,"3037 SO LADY","14999",40,"Nebim Kod: 25Y0813037","Diğer","",""
6377,"3042 SO LADY","12999",30,"Nebim Kod: 25Y0813042","Diğer","",""
6378,"3043 SO LADY","12999",70,"Nebim Kod: 25Y0813043","Diğer","",""
6379,"3051 SO LADY","17499",30,"Nebim Kod: 25Y0813051","Diğer","",""
6380,"3062 SO LADY","11999",60,"Nebim Kod: 25Y0813062","Diğer","",""
6381,"3063 SO LADY","14999",20,"Nebim Kod: 25Y0813063","Diğer","",""
6382,"3074 SO LADY","14999",80,"Nebim Kod: 25Y0813074","Diğer","",""
6383,"3080 SO LADY","12499",60,"Nebim Kod: 25Y0813080","Diğer","",""
6384,"3084 SO LADY","18500",20,"Nebim Kod: 25Y0813084","Diğer","",""
6385,"7017 SO LADY","10249",120,"Nebim Kod: 25Y0817017","Diğer","",""
6386,"11010 FEVER","5149",40,"Nebim Kod: 25Y08711010","Diğer","",""
6387,"11013 FEVER","4799",40,"Nebim Kod: 25Y08711013","Diğer","",""
6388,"11015 FEVER","5399",40,"Nebim Kod: 25Y08711015","Diğer","",""
6389,"11019 FEVER","5649",40,"Nebim Kod: 25Y08711019","Diğer","",""
6390,"11024 FEVER","4799",40,"Nebim Kod: 25Y08711024","Diğer","",""
6391,"12002 FEVER","2399",40,"Nebim Kod: 25Y08712002","Diğer","",""
6392,"12012 FEVER","3349",40,"Nebim Kod: 25Y08712012","Diğer","",""
6393,"12013 FEVER","3099",40,"Nebim Kod: 25Y08712013","Diğer","",""
6394,"12015 FEVER","3949",40,"Nebim Kod: 25Y08712015","Diğer","",""
6395,"12016 FEVER","3249",40,"Nebim Kod: 25Y08712016","Diğer","",""
6396,"12019 FEVER","3599",40,"Nebim Kod: 25Y08712019","Diğer","",""
6397,"12024 FEVER","3599",40,"Nebim Kod: 25Y08712024","Diğer","",""
6398,"12026 FEVER","4299",40,"Nebim Kod: 25Y08712026","Diğer","",""
6399,"12027 FEVER","3349",40,"Nebim Kod: 25Y08712027","Diğer","",""
6400,"12028 FEVER","3849",40,"Nebim Kod: 25Y08712028","Diğer","",""
6401,"12030 FEVER","3099",40,"Nebim Kod: 25Y08712030","Diğer","",""
6402,"12034 FEVER","4099",80,"Nebim Kod: 25Y08712034","Diğer","",""
6403,"12040 FEVER","4299",40,"Nebim Kod: 25Y08712040","Diğer","",""
6404,"12041 FEVER","3599",40,"Nebim Kod: 25Y08712041","Diğer","",""
6405,"12044 FEVER","3249",40,"Nebim Kod: 25Y08712044","Diğer","",""
6406,"12048 FEVER","3099",40,"Nebim Kod: 25Y08712048","Diğer","",""
6407,"12055 FEVER","3599",40,"Nebim Kod: 25Y08712055","Diğer","",""
6408,"12058 FEVER","3599",40,"Nebim Kod: 25Y08712058","Diğer","",""
6409,"12060 FEVER","3249",30,"Nebim Kod: 25Y08712060","Diğer","",""
6410,"12061 FEVER","3849",40,"Nebim Kod: 25Y08712061","Diğer","",""
6411,"12062 FEVER","3399",40,"Nebim Kod: 25Y08712062","Diğer","",""
6412,"12063 FEVER","2999",40,"Nebim Kod: 25Y08712063","Diğer","",""
6413,"12073 FEVER","2999",40,"Nebim Kod: 25Y08712073","Diğer","",""
6414,"12076 FEVER","3599",40,"Nebim Kod: 25Y08712076","Diğer","",""
6415,"12077 FEVER","4099",40,"Nebim Kod: 25Y08712077","Diğer","",""
6416,"12078 FEVER","3949",80,"Nebim Kod: 25Y08712078","Diğer","",""
6417,"12083 FEVER","3599",40,"Nebim Kod: 25Y08712083","Diğer","",""
6418,"13002 FEVER","2999",40,"Nebim Kod: 25Y08713002","Diğer","",""
6419,"13005 FEVER","3349",40,"Nebim Kod: 25Y08713005","Diğer","",""
6420,"13008 FEVER","3599",40,"Nebim Kod: 25Y08713008","Diğer","",""
6421,"13011 FEVER","2749",40,"Nebim Kod: 25Y08713011","Diğer","",""
6422,"13013 FEVER","4199",40,"Nebim Kod: 25Y08713013","Diğer","",""
6423,"13018 FEVER","3599",40,"Nebim Kod: 25Y08713018","Diğer","",""
6424,"13030 FEVER","2749",40,"Nebim Kod: 25Y08713030","Diğer","",""
6425,"13031 FEVER","2999",30,"Nebim Kod: 25Y08713031","Diğer","",""
6426,"14001 FEVER","2399",40,"Nebim Kod: 25Y08714001","Diğer","",""
6427,"14005 FEVER","2649",40,"Nebim Kod: 25Y08714005","Diğer","",""
6428,"14008 FEVER","2299",40,"Nebim Kod: 25Y08714008","Diğer","",""
6429,"14015 FEVER","2899",40,"Nebim Kod: 25Y08714015","Diğer","",""
6430,"14020 FEVER","3099",40,"Nebim Kod: 25Y08714020","Diğer","",""
6431,"14021 FEVER","2899",40,"Nebim Kod: 25Y08714021","Diğer","",""
6432,"14022 FEVER","2399",120,"Nebim Kod: 25Y08714022","Diğer","",""
6433,"14026 FEVER","2159",80,"Nebim Kod: 25Y08714026","Diğer","",""
6434,"14027 FEVER","3599",40,"Nebim Kod: 25Y08714027","Diğer","",""
6435,"14030 FEVER","2299",40,"Nebim Kod: 25Y08714030","Diğer","",""
6436,"14035 FEVER","3249",40,"Nebim Kod: 25Y08714035","Diğer","",""
6437,"14038 FEVER","3599",40,"Nebim Kod: 25Y08714038","Diğer","",""
6438,"14040 FEVER","2499",40,"Nebim Kod: 25Y08714040","Diğer","",""
6439,"14046 FEVER","3349",80,"Nebim Kod: 25Y08714046","Diğer","",""
6440,"14051 FEVER","2649",40,"Nebim Kod: 25Y08714051","Diğer","",""
6441,"14053 FEVER","2399",30,"Nebim Kod: 25Y08714053","Diğer","",""
6442,"14060 FEVER","2749",40,"Nebim Kod: 25Y08714060","Diğer","",""
6443,"14065 FEVER","2999",40,"Nebim Kod: 25Y08714065","Diğer","",""
6444,"14066 FEVER","2649",40,"Nebim Kod: 25Y08714066","Diğer","",""
6445,"14068 FEVER","3249",40,"Nebim Kod: 25Y08714068","Diğer","",""
6446,"14077 FEVER","2899",40,"Nebim Kod: 25Y08714077","Diğer","",""
6447,"14083 FEVER","3949",40,"Nebim Kod: 25Y08714083","Diğer","",""
6448,"14091 FEVER","3099",40,"Nebim Kod: 25Y08714091","Diğer","",""
6449,"14103 FEVER","3349",40,"Nebim Kod: 25Y08714103","Diğer","",""
6450,"14104 FEVER","3849",40,"Nebim Kod: 25Y08714104","Diğer","",""
6451,"14105 FEVER","3499",80,"Nebim Kod: 25Y08714105","Diğer","",""
6452,"14110 FEVER","2999",40,"Nebim Kod: 25Y08714110","Diğer","",""
6453,"14114 FEVER","2999",60,"Nebim Kod: 25Y08714114","Diğer","",""
6454,"14122 FEVER","2999",40,"Nebim Kod: 25Y08714122","Diğer","",""
6455,"14128 FEVER","2399",30,"Nebim Kod: 25Y08714128","Diğer","",""
6456,"14135 FEVER","3349",40,"Nebim Kod: 25Y08714135","Diğer","",""
6457,"15005 FEVER","2999",40,"Nebim Kod: 25Y08715005","Diğer","",""
6458,"15008 FEVER","4449",40,"Nebim Kod: 25Y08715008","Diğer","",""
6459,"15009 FEVER","3949",40,"Nebim Kod: 25Y08715009","Diğer","",""
6460,"15011 FEVER","3599",40,"Nebim Kod: 25Y08715011","Diğer","",""
6461,"15013 FEVER","3599",40,"Nebim Kod: 25Y08715013","Diğer","",""
6462,"15014 FEVER","3349",40,"Nebim Kod: 25Y08715014","Diğer","",""
6463,"15016 FEVER","3599",40,"Nebim Kod: 25Y08715016","Diğer","",""
6464,"16008 FEVER","4699",40,"Nebim Kod: 25Y08716008","Diğer","",""
6465,"16012 FEVER","5399",40,"Nebim Kod: 25Y08716012","Diğer","",""
6466,"16014 FEVER","5649",40,"Nebim Kod: 25Y08716014","Diğer","",""
6467,"16016 FEVER","4699",40,"Nebim Kod: 25Y08716016","Diğer","",""
6468,"16037 FEVER","5399",40,"Nebim Kod: 25Y08716037","Diğer","",""
6469,"16039 FEVER","5299",40,"Nebim Kod: 25Y08716039","Diğer","",""
6470,"16043 FEVER","6499",30,"Nebim Kod: 25Y08716043","Diğer","",""
6471,"16044 FEVER","4299",40,"Nebim Kod: 25Y08716044","Diğer","",""
6472,"16048 FEVER","4199",40,"Nebim Kod: 25Y08716048","Diğer","",""
6473,"16051 FEVER","4799",40,"Nebim Kod: 25Y08716051","Diğer","",""
6474,"16060 FEVER","4699",40,"Nebim Kod: 25Y08716060","Diğer","",""
6475,"16062 FEVER","7799",40,"Nebim Kod: 25Y08716062","Diğer","",""
6476,"16063 FEVER","5499",40,"Nebim Kod: 25Y08716063","Diğer","",""
6477,"16065 FEVER","4799",40,"Nebim Kod: 25Y08716065","Diğer","",""
6478,"16071 FEVER","5299",40,"Nebim Kod: 25Y08716071","Diğer","",""
6479,"16076 FEVER","4799",40,"Nebim Kod: 25Y08716076","Diğer","",""
6480,"16078 FEVER","5299",40,"Nebim Kod: 25Y08716078","Diğer","",""
6481,"16082 FEVER","4799",40,"Nebim Kod: 25Y08716082","Diğer","",""
6482,"16096 FEVER","4799",40,"Nebim Kod: 25Y08716096","Diğer","",""
6483,"16102 FEVER","5299",40,"Nebim Kod: 25Y08716102","Diğer","",""
6484,"16104 FEVER","5649",40,"Nebim Kod: 25Y08716104","Diğer","",""
6485,"16107 FEVER","5649",40,"Nebim Kod: 25Y08716107","Diğer","",""
6486,"16115 FEVER","5999",80,"Nebim Kod: 25Y08716115","Diğer","",""
6487,"16122 FEVER","5049",40,"Nebim Kod: 25Y08716122","Diğer","",""
6488,"16123 FEVER","4449",40,"Nebim Kod: 25Y08716123","Diğer","",""
6489,"16142 FEVER","4799",80,"Nebim Kod: 25Y08716142","Diğer","",""
6490,"16148 FEVER","5149",40,"Nebim Kod: 25Y08716148","Diğer","",""
6491,"16149 FEVER","5649",40,"Nebim Kod: 25Y08716149","Diğer","",""
6492,"16180 FEVER","5299",40,"Nebim Kod: 25Y08716180","Diğer","",""
6493,"17002 FEVER","3349",40,"Nebim Kod: 25Y08717002","Diğer","",""
6494,"17008 FEVER","3249",40,"Nebim Kod: 25Y08717008","Diğer","",""
6495,"17017 FEVER","4449",40,"Nebim Kod: 25Y08717017","Diğer","",""
6496,"17020 FEVER","2999",40,"Nebim Kod: 25Y08717020","Diğer","",""
6497,"17023 FEVER","3949",40,"Nebim Kod: 25Y08717023","Diğer","",""
6498,"17028 FEVER","4299",40,"Nebim Kod: 25Y08717028","Diğer","",""
6499,"17031 FEVER","3099",40,"Nebim Kod: 25Y08717031","Diğer","",""
6500,"1000 TİAH","4799",30,"Nebim Kod: 25Y0931000","Diğer","",""
6501,"1002 TİAH","3570",80,"Nebim Kod: 25Y0931002","Diğer","",""
6502,"2004 TİAH","5699",80,"Nebim Kod: 25Y0932004","Diğer","",""
6503,"2013 TİAH","5099",40,"Nebim Kod: 25Y0932013","Diğer","",""
6504,"3000 TİAH","2999",80,"Nebim Kod: 25Y0933000","Diğer","",""
6505,"3003 TİAH","2699",80,"Nebim Kod: 25Y0933003","Diğer","",""
6506,"3006 TİAH","2699",80,"Nebim Kod: 25Y0933006","Diğer","",""
6507,"3030 TİAH","3899",40,"Nebim Kod: 25Y0933030","Diğer","",""
6508,"3040 TİAH","3299",30,"Nebim Kod: 25Y0933040","Diğer","",""
6509,"3442 TİAH","2399",80,"Nebim Kod: 25Y0933442","Diğer","",""
6510,"3700 TİAH","2099",40,"Nebim Kod: 25Y0933700","Diğer","",""
6511,"4000 TİAH","5399",80,"Nebim Kod: 25Y0934000","Diğer","",""
6512,"4030 TİAH","3299",120,"Nebim Kod: 25Y0934030","Diğer","",""
6513,"8001 TİAH","5999",30,"Nebim Kod: 25Y0938001","Diğer","",""
6514,"8050 TİAH","5999",30,"Nebim Kod: 25Y0938050","Diğer","",""
6515,"9105 TİAH","2849",40,"Nebim Kod: 25Y0939105","Diğer","",""
6516,"9107 TİAH","2849",40,"Nebim Kod: 25Y0939107","Diğer","",""
6517,"9501 TİAH","3299",40,"Nebim Kod: 25Y0939501","Diğer","",""
6518,"9504 TİAH","3299",40,"Nebim Kod: 25Y0939504","Diğer","",""
6519,"3213 VANTA","4999",40,"Nebim Kod: 25Y0993213","Diğer","",""
6520,"3218 VANİTA","5999",40,"Nebim Kod: 25Y0993218","Diğer","",""
6521,"3219 VANİTA","5999",80,"Nebim Kod: 25Y0993219","Diğer","",""
6522,"3222 VANİTA","4999",40,"Nebim Kod: 25Y0993222","Diğer","",""
6523,"3223 VANİTA","5999",40,"Nebim Kod: 25Y0993223","Diğer","",""
6524,"3228 VANİTA","5999",40,"Nebim Kod: 25Y0993228","Diğer","",""
6525,"3234 VANİTA","4999",40,"Nebim Kod: 25Y0993234","Diğer","",""
6526,"50367 VANİTA","4999",40,"Nebim Kod: 25Y09950367","Diğer","",""
6527,"50368 VANİTA","3999",40,"Nebim Kod: 25Y09950368","Diğer","",""
6528,"50382 VANİTA","4999",80,"Nebim Kod: 25Y09950382","Diğer","",""
6529,"50384 VANİTA","2999",40,"Nebim Kod: 25Y09950384","Diğer","",""
6530,"50385 VANİTA","2999",80,"Nebim Kod: 25Y09950385","Diğer","",""
6531,"50395 VANİTA","4999",40,"Nebim Kod: 25Y09950395","Diğer","",""
6532,"50404 VANİTA","3999",40,"Nebim Kod: 25Y09950404","Diğer","",""
6533,"50414 VANİTA","4999",40,"Nebim Kod: 25Y09950414","Diğer","",""
6534,"50416 VANİTA","3999",40,"Nebim Kod: 25Y09950416","Diğer","",""
6535,"50438 VANİTA","3999",40,"Nebim Kod: 25Y09950438","Diğer","",""
6536,"50442 VANİTA","5999",120,"Nebim Kod: 25Y09950442","Diğer","",""
6537,"50443 VANİTA","4999",40,"Nebim Kod: 25Y09950443","Diğer","",""
6538,"50444 VANİTA","5599",40,"Nebim Kod: 25Y09950444","Diğer","",""
6539,"50445 VANİTA","3999",40,"Nebim Kod: 25Y09950445","Diğer","",""
6540,"50455 VANİTA","2999",40,"Nebim Kod: 25Y09950455","Diğer","",""
6541,"50463 VANİTA","2999",40,"Nebim Kod: 25Y09950463","Diğer","",""
6542,"50485 VANİTA","4999",80,"Nebim Kod: 25Y09950485","Diğer","",""
6543,"50487 VANİTA","3999",40,"Nebim Kod: 25Y09950487","Diğer","",""
6544,"50489 VANİTA","4999",40,"Nebim Kod: 25Y09950489","Diğer","",""
6545,"50490 VANİTA","4999",40,"Nebim Kod: 25Y09950490","Diğer","",""
6546,"50493 VANİTA","4999",80,"Nebim Kod: 25Y09950493","Diğer","",""
6547,"50496 VANİTA","3999",40,"Nebim Kod: 25Y09950496","Diğer","",""
6548,"7672 VANİTA","6999",80,"Nebim Kod: 25Y0997672","Diğer","",""
6549,"7707 VANİTA","5599",40,"Nebim Kod: 25Y0997707","Diğer","",""
6550,"7711 VANİTA","3999",40,"Nebim Kod: 25Y0997711","Diğer","",""
6551,"7725 VANİTA","3999",40,"Nebim Kod: 25Y0997725","Diğer","",""
6552,"7734 VANİTA","5999",40,"Nebim Kod: 25Y0997734","Diğer","",""
6553,"7738 VANİTA","6999",40,"Nebim Kod: 25Y0997738","Diğer","",""
6554,"7763 VANİTA","5999",40,"Nebim Kod: 25Y0997763","Diğer","",""
6555,"7767 VANİTA","4999",80,"Nebim Kod: 25Y0997767","Diğer","",""
6556,"7771 VANİTA","5999",40,"Nebim Kod: 25Y0997771","Diğer","",""
6557,"7774 VANİTA","5999",40,"Nebim Kod: 25Y0997774","Diğer","",""
6558,"7779 VANİTA","5999",80,"Nebim Kod: 25Y0997779","Diğer","",""
6559,"7795 VANİTA","5999",30,"Nebim Kod: 25Y0997795","Diğer","",""
6560,"7812 VANİTA","6999",40,"Nebim Kod: 25Y0997812","Diğer","",""
6561,"7816 VANİTA","3999",40,"Nebim Kod: 25Y0997816","Diğer","",""
6562,"7824 VANİTA","4999",40,"Nebim Kod: 25Y0997824","Diğer","",""
6563,"7828 VANİTA","6999",30,"Nebim Kod: 25Y0997828","Diğer","",""
6564,"5461 HS SPOSA","29899",20,"Nebim Kod: 25Y1075461","Diğer","",""
6565,"8502 HS SPOSA","29899",10,"Nebim Kod: 25Y1078502","Diğer","",""
6566,"8509 HS SPOSA","39899",10,"Nebim Kod: 25Y1078509","Diğer","",""
6567,"8643 HS SPOSA","29899",10,"Nebim Kod: 25Y1078643","Diğer","",""
6568,"8688 HS SPOSA","39899",10,"Nebim Kod: 25Y1078688","Diğer","",""
6569,"8690 HS SPOSA","29899",20,"Nebim Kod: 25Y1078690","Diğer","",""
6570,"8691 HS SPOSA","39899",10,"Nebim Kod: 25Y1078691","Diğer","",""
6571,"21027 FAVORE","8999",170,"Nebim Kod: 25Y12421027","Diğer","",""
6572,"21063 FAVORE","11999",40,"Nebim Kod: 25Y12421063","Diğer","",""
6573,"21302 FAVORE","7999",90,"Nebim Kod: 25Y12421302","Diğer","",""
6574,"22033 FAVORE","8999",60,"Nebim Kod: 25Y12422033","Diğer","",""
6575,"22122 FAVORE","11999",60,"Nebim Kod: 25Y12422122","Diğer","",""
6576,"23003 FAVORE","9999",60,"Nebim Kod: 25Y12423003","Diğer","",""
6577,"23032 FAVORE","8999",80,"Nebim Kod: 25Y12423032","Diğer","",""
6578,"24001 FAVORE","8999",30,"Nebim Kod: 25Y12424001","Diğer","",""
6579,"24003 FAVORE","8999",30,"Nebim Kod: 25Y12424003","Diğer","",""
6580,"24006 FAVORE","13999",90,"Nebim Kod: 25Y12424006","Diğer","",""
6581,"24008 FAVORE","13999",60,"Nebim Kod: 25Y12424008","Diğer","",""
6582,"24044 FAVORE","5999",120,"Nebim Kod: 25Y12424044","Diğer","",""
6583,"24075 FAVORE","8999",60,"Nebim Kod: 25Y12424075","Diğer","",""
6584,"24079 FAVORE","8999",30,"Nebim Kod: 25Y12424079","Diğer","",""
6585,"24108 FAVORE","8999",80,"Nebim Kod: 25Y12424108","Diğer","",""
6586,"2106 MİRAM","3999",40,"Nebim Kod: 25Y1272106","Diğer","",""
6587,"2108 MİRAM","4999",50,"Nebim Kod: 25Y1272108","Diğer","",""
6588,"4150 MİRAM","4999",120,"Nebim Kod: 25Y1274150","Diğer","",""
6589,"4280 MİRAM","3999",80,"Nebim Kod: 25Y1274280","Diğer","",""
6590,"4317 MİRAM","3999",30,"Nebim Kod: 25Y1274317","Diğer","",""
6591,"4332 MİRAM","3999",80,"Nebim Kod: 25Y1274332","Diğer","",""
6592,"4383 MİRAM","4999",90,"Nebim Kod: 25Y1274383","Diğer","",""
6593,"4386 MİRAM","3999",120,"Nebim Kod: 25Y1274386","Diğer","",""
6594,"4411 MİRAM","4999",30,"Nebim Kod: 25Y1274411","Diğer","",""
6595,"4421 MİRAM","4999",90,"Nebim Kod: 25Y1274421","Diğer","",""
6596,"4456 MİRAM","4999",90,"Nebim Kod: 25Y1274456","Diğer","",""
6597,"4464 MİRAM","3999",60,"Nebim Kod: 25Y1274464","Diğer","",""
6598,"4475 MİRAM","4999",90,"Nebim Kod: 25Y1274475","Diğer","",""
6599,"4509 MİRAM","4999",30,"Nebim Kod: 25Y1274509","Diğer","",""
6600,"4510 MİRAM","4999",60,"Nebim Kod: 25Y1274510","Diğer","",""
6601,"4517 MİRAM","4999",80,"Nebim Kod: 25Y1274517","Diğer","",""
6602,"4525 MİRAM","3999",90,"Nebim Kod: 25Y1274525","Diğer","",""
6603,"4529 MİRAM","3999",60,"Nebim Kod: 25Y1274529","Diğer","",""
6604,"4559 MİRAM","4999",90,"Nebim Kod: 25Y1274559","Diğer","",""
6605,"4583 MİRAM","4999",90,"Nebim Kod: 25Y1274583","Diğer","",""
6606,"4586 MİRAM","4999",30,"Nebim Kod: 25Y1274586","Diğer","",""
6607,"4591 MİRAM","4999",30,"Nebim Kod: 25Y1274591","Diğer","",""
6608,"4595 MİRAM","4999",90,"Nebim Kod: 25Y1274595","Diğer","",""
6609,"4601 MİRAM","3999",120,"Nebim Kod: 25Y1274601","Diğer","",""
6610,"4605 MİRAM","4999",90,"Nebim Kod: 25Y1274605","Diğer","",""
6611,"4606 MİRAM","4999",190,"Nebim Kod: 25Y1274606","Diğer","",""
6612,"4608 MİRAM","4999",90,"Nebim Kod: 25Y1274608","Diğer","",""
6613,"4609 MİRAM","4999",200,"Nebim Kod: 25Y1274609","Diğer","",""
6614,"4610 MİRAM","4999",150,"Nebim Kod: 25Y1274610","Diğer","",""
6615,"4622 MİRAM","3999",90,"Nebim Kod: 25Y1274622","Diğer","",""
6616,"4624 MİRAM","4999",120,"Nebim Kod: 25Y1274624","Diğer","",""
6617,"4629 MİRAM","4999",30,"Nebim Kod: 25Y1274629","Diğer","",""
6618,"4631 MİRAM","4999",60,"Nebim Kod: 25Y1274631","Diğer","",""
6619,"4636 MİRAM","4999",250,"Nebim Kod: 25Y1274636","Diğer","",""
6620,"4642 MİRAM","3999",160,"Nebim Kod: 25Y1274642","Diğer","",""
6621,"4651 MİRAM","4999",30,"Nebim Kod: 25Y1274651","Diğer","",""
6622,"4669 MİRAM","4999",40,"Nebim Kod: 25Y1274669","Diğer","",""
6623,"4674 MİRAM","4999",40,"Nebim Kod: 25Y1274674","Diğer","",""
6624,"4680 MİRAM","3999",200,"Nebim Kod: 25Y1274680","Diğer","",""
6625,"4684 MİRAM","4999",80,"Nebim Kod: 25Y1274684","Diğer","",""
6626,"4685 MİRAM","4999",80,"Nebim Kod: 25Y1274685","Diğer","",""
6627,"4688 MİRAM","4999",60,"Nebim Kod: 25Y1274688","Diğer","",""
6628,"4691 MİRAM","4999",80,"Nebim Kod: 25Y1274691","Diğer","",""
6629,"4695 MİRAM","4999",90,"Nebim Kod: 25Y1274695","Diğer","",""
6630,"4703 MİRAM","4999",30,"Nebim Kod: 25Y1274703","Diğer","",""
6631,"4704 MİRAM","4999",40,"Nebim Kod: 25Y1274704","Diğer","",""
6632,"4739 MİRAM","6899",90,"Nebim Kod: 25Y1274739","Diğer","",""
6633,"4744 MİRAM","5899",120,"Nebim Kod: 25Y1274744","Diğer","",""
6634,"4766 MİRAM","4999",120,"Nebim Kod: 25Y1274766","Diğer","",""
6635,"001 MOR","10200",630,"Nebim Kod: 25Y130001","Diğer","",""
6636,"0013 MOR","9400",80,"Nebim Kod: 25Y1300013","Diğer","",""
6637,"0024 MOR","13700",60,"Nebim Kod: 25Y1300024","Diğer","",""
6638,"003 MOR","12600",30,"Nebim Kod: 25Y130003","Diğer","",""
6639,"004 MOR","9300",180,"Nebim Kod: 25Y130004","Diğer","",""
6640,"005 MOR","12100",30,"Nebim Kod: 25Y130005","Diğer","",""
6641,"006 MOR","10200",160,"Nebim Kod: 25Y130006","Diğer","",""
6642,"007 MOR","11900",120,"Nebim Kod: 25Y130007","Diğer","",""
6643,"010 MOR","8200",60,"Nebim Kod: 25Y130010","Diğer","",""
6644,"019 MOR","12300",40,"Nebim Kod: 25Y130019","Diğer","",""
6645,"0330 MOR","13600",40,"Nebim Kod: 25Y1300330","Diğer","",""
6646,"100 MOR","20800",250,"Nebim Kod: 25Y130100","Diğer","",""
6647,"101 MOR","7900",90,"Nebim Kod: 25Y130101","Diğer","",""
6648,"105 MOR","32800",30,"Nebim Kod: 25Y130105","Diğer","",""
6649,"107 MOR","8700",90,"Nebim Kod: 25Y130107","Diğer","",""
6650,"110 MOR","19100",20,"Nebim Kod: 25Y130110","Diğer","",""
6651,"112 MOR","8900",50,"Nebim Kod: 25Y130112","Diğer","",""
6652,"119 MOR","9700",60,"Nebim Kod: 25Y130119","Diğer","",""
6653,"123 MOR","8800",30,"Nebim Kod: 25Y130123","Diğer","",""
6654,"129 MOR","8100",160,"Nebim Kod: 25Y130129","Diğer","",""
6655,"182 MOR","16400",80,"Nebim Kod: 25Y130182","Diğer","",""
6656,"190 MOR","14600",30,"Nebim Kod: 25Y130190","Diğer","",""
6657,"199 MOR","23600",40,"Nebim Kod: 25Y130199","Diğer","",""
6658,"208 MOR","25900",120,"Nebim Kod: 25Y130208","Diğer","",""
6659,"214 MOR","12300",90,"Nebim Kod: 25Y130214","Diğer","",""
6660,"2335 MOR","16400",30,"Nebim Kod: 25Y1302335","Diğer","",""
6661,"2336 MOR","15700",20,"Nebim Kod: 25Y1302336","Diğer","",""
6662,"268 MOR","20400",40,"Nebim Kod: 25Y130268","Diğer","",""
6663,"274 MOR","15900",20,"Nebim Kod: 25Y130274","Diğer","",""
6664,"278 MOR","13850",40,"Nebim Kod: 25Y130278","Diğer","",""
6665,"296 MOR","22000",80,"Nebim Kod: 25Y130296","Diğer","",""
6666,"300 MOR","16700",40,"Nebim Kod: 25Y130300","Diğer","",""
6667,"301 MOR","17800",130,"Nebim Kod: 25Y130301","Diğer","",""
6668,"352 MOR","18600",80,"Nebim Kod: 25Y130352","Diğer","",""
6669,"373 MOR","17100",80,"Nebim Kod: 25Y130373","Diğer","",""
6670,"4060 MOR","41600",160,"Nebim Kod: 25Y1304060","Diğer","",""
6671,"4060B MOR","49300",30,"Nebim Kod: 25Y1304060B","Diğer","",""
6672,"601 MOR","14200",30,"Nebim Kod: 25Y130601","Diğer","",""
6673,"603 MOR","17000",240,"Nebim Kod: 25Y130603","Diğer","",""
6674,"6K0601 MOR SPOSA","14200",10,"Nebim Kod: 25Y1306K0601BKR36","Diğer","",""
6675,"6K0601 MOR SPOSA","14200",10,"Nebim Kod: 25Y1306K0601BKR38","Diğer","",""
6676,"6K0601 MOR SPOSA","14200",10,"Nebim Kod: 25Y1306K0601BKR40","Diğer","",""
6677,"6K0601 MOR SPOSA","14200",10,"Nebim Kod: 25Y1306K0601BKR42","Diğer","",""
6678,"6K0601 MOR SPOSA","14200",10,"Nebim Kod: 25Y1306K0601FÜM36","Diğer","",""
6679,"6K0601 MOR SPOSA","14200",10,"Nebim Kod: 25Y1306K0601FÜM38","Diğer","",""
6680,"6K0601 MOR SPOSA","14200",10,"Nebim Kod: 25Y1306K0601FÜM40","Diğer","",""
6681,"6K0601 MOR SPOSA","14200",10,"Nebim Kod: 25Y1306K0601FÜM42","Diğer","",""
6682,"6K0601 MOR SPOSA","14200",10,"Nebim Kod: 25Y1306K0601GÜM36","Diğer","",""
6683,"6K0601 MOR SPOSA","14200",10,"Nebim Kod: 25Y1306K0601GÜM38","Diğer","",""
6684,"6K0601 MOR SPOSA","14200",10,"Nebim Kod: 25Y1306K0601GÜM40","Diğer","",""
6685,"6K0601 MOR SPOSA","14200",10,"Nebim Kod: 25Y1306K0601GÜM42","Diğer","",""
6686,"6K0601 MOR SPOSA","14200",10,"Nebim Kod: 25Y1306K0601LİL36","Diğer","",""
6687,"6K0601 MOR SPOSA","14200",10,"Nebim Kod: 25Y1306K0601LİL38","Diğer","",""
6688,"6K0601 MOR SPOSA","14200",10,"Nebim Kod: 25Y1306K0601LİL40","Diğer","",""
6689,"6K0601 MOR SPOSA","14200",10,"Nebim Kod: 25Y1306K0601LİL42","Diğer","",""
6690,"6K0601 MOR SPOSA","14200",10,"Nebim Kod: 25Y1306K0601SYH36","Diğer","",""
6691,"6K0601 MOR SPOSA","14200",10,"Nebim Kod: 25Y1306K0601SYH38","Diğer","",""
6692,"6K0601 MOR SPOSA","14200",10,"Nebim Kod: 25Y1306K0601SYH40","Diğer","",""
6693,"6K0601 MOR SPOSA","14200",10,"Nebim Kod: 25Y1306K0601SYH42","Diğer","",""
6694,"7632 MOR","25000",280,"Nebim Kod: 25Y1307632","Diğer","",""
6695,"7636 MOR","22000",60,"Nebim Kod: 25Y1307636","Diğer","",""
6696,"7639 MOR","19800",60,"Nebim Kod: 25Y1307639","Diğer","",""
6697,"7655 MOR","17100",20,"Nebim Kod: 25Y1307655","Diğer","",""
6698,"7662 MOR","22500",30,"Nebim Kod: 25Y1307662","Diğer","",""
6699,"7663 MOR","23300",120,"Nebim Kod: 25Y1307663","Diğer","",""
6700,"7664 MOR","21200",60,"Nebim Kod: 25Y1307664","Diğer","",""
6701,"7665 MOR","25100",120,"Nebim Kod: 25Y1307665","Diğer","",""
6702,"7667 MOR","11600",30,"Nebim Kod: 25Y1307667","Diğer","",""
6703,"7676 MOR","18400",40,"Nebim Kod: 25Y1307676","Diğer","",""
6704,"7679 MOR","19800",10,"Nebim Kod: 25Y1307679","Diğer","",""
6705,"7682 MOR","18400",20,"Nebim Kod: 25Y1307682","Diğer","",""
6706,"7688 MOR","13700",210,"Nebim Kod: 25Y1307688","Diğer","",""
6707,"7691 MOR","15000",120,"Nebim Kod: 25Y1307691","Diğer","",""
6708,"777 MOR","17100",20,"Nebim Kod: 25Y130777","Diğer","",""
6709,"8419 MOR","11900",60,"Nebim Kod: 25Y1308419","Diğer","",""
6710,"8420 MOR","10300",40,"Nebim Kod: 25Y1308420","Diğer","",""
6711,"8487 MOR","13700",30,"Nebim Kod: 25Y1308487","Diğer","",""
6712,"F3203 MOR SPOSA","19500",90,"Nebim Kod: 25Y130F3203","Diğer","",""
6713,"F3282 MOR SPOSA","14900",30,"Nebim Kod: 25Y130F3282","Diğer","",""
6714,"F3289 MOR SPOSA","15800",90,"Nebim Kod: 25Y130F3289","Diğer","",""
6715,"F3315 MOR SPOSA","18600",60,"Nebim Kod: 25Y130F3315","Diğer","",""
6716,"F3350 MOR SPOSA","24400",30,"Nebim Kod: 25Y130F3350","Diğer","",""
6717,"F3360 MOR SPOSA","22350",30,"Nebim Kod: 25Y130F3360","Diğer","",""
6718,"F3402 MOR","25400",20,"Nebim Kod: 25Y130F3402","Diğer","",""
6719,"I4057 MOR SPOSA","28600",40,"Nebim Kod: 25Y130I4057","Diğer","",""
6720,"IM101 MOR SPOSA","25000",20,"Nebim Kod: 25Y130IM101","Diğer","",""
6721,"IM107 MOR SPOSA","32900",60,"Nebim Kod: 25Y130IM107","Diğer","",""
6722,"IM109 MOR SPOSA","30700",40,"Nebim Kod: 25Y130IM109","Diğer","",""
6723,"IM117 MOR SPOSA","41600",30,"Nebim Kod: 25Y130IM117","Diğer","",""
6724,"L5K001 MOR SPOSA","10200",10,"Nebim Kod: 25Y130L5K001BEJ34","Diğer","",""
6725,"L5K001 MOR SPOSA","10200",10,"Nebim Kod: 25Y130L5K001BEJ36","Diğer","",""
6726,"L5K001 MOR SPOSA","10200",10,"Nebim Kod: 25Y130L5K001BEJ38","Diğer","",""
6727,"L5K001 MOR SPOSA","10200",10,"Nebim Kod: 25Y130L5K001BEJ40","Diğer","",""
6728,"L5K001 MOR SPOSA","10200",10,"Nebim Kod: 25Y130L5K001BEJ42","Diğer","",""
6729,"L5K001 MOR SPOSA","10200",10,"Nebim Kod: 25Y130L5K001BEJ44","Diğer","",""
6730,"L5K001 MOR SPOSA","10200",10,"Nebim Kod: 25Y130L5K001BEJ46","Diğer","",""
6731,"L5K001 MOR SPOSA","10200",10,"Nebim Kod: 25Y130L5K001BEJ48","Diğer","",""
6732,"L5K001 MOR SPOSA","10200",10,"Nebim Kod: 25Y130L5K001BEJ50","Diğer","",""
6733,"L5K001 MOR SPOSA","10200",10,"Nebim Kod: 25Y130L5K001BKR34","Diğer","",""
6734,"L5K001 MOR SPOSA","10200",10,"Nebim Kod: 25Y130L5K001BKR36","Diğer","",""
6735,"L5K001 MOR SPOSA","10200",10,"Nebim Kod: 25Y130L5K001BKR38","Diğer","",""
6736,"L5K001 MOR SPOSA","10200",10,"Nebim Kod: 25Y130L5K001BKR40","Diğer","",""
6737,"L5K001 MOR SPOSA","10200",10,"Nebim Kod: 25Y130L5K001BKR42","Diğer","",""
6738,"L5K001 MOR SPOSA","10200",10,"Nebim Kod: 25Y130L5K001BKR44","Diğer","",""
6739,"L5K001 MOR SPOSA","10200",10,"Nebim Kod: 25Y130L5K001BKR46","Diğer","",""
6740,"L5K001 MOR SPOSA","10200",10,"Nebim Kod: 25Y130L5K001BKR48","Diğer","",""
6741,"L5K001 MOR SPOSA","10200",10,"Nebim Kod: 25Y130L5K001BKR50","Diğer","",""
6742,"L5K001 MOR SPOSA","10200",10,"Nebim Kod: 25Y130L5K001GÜM34","Diğer","",""
6743,"L5K001 MOR SPOSA","10200",10,"Nebim Kod: 25Y130L5K001GÜM36","Diğer","",""
6744,"L5K001 MOR SPOSA","10200",10,"Nebim Kod: 25Y130L5K001GÜM38","Diğer","",""
6745,"L5K001 MOR SPOSA","10200",10,"Nebim Kod: 25Y130L5K001GÜM40","Diğer","",""
6746,"L5K001 MOR SPOSA","10200",10,"Nebim Kod: 25Y130L5K001GÜM42","Diğer","",""
6747,"L5K001 MOR SPOSA","10200",10,"Nebim Kod: 25Y130L5K001GÜM44","Diğer","",""
6748,"L5K001 MOR SPOSA","10200",10,"Nebim Kod: 25Y130L5K001GÜM46","Diğer","",""
6749,"L5K001 MOR SPOSA","10200",10,"Nebim Kod: 25Y130L5K001GÜM48","Diğer","",""
6750,"L5K001 MOR SPOSA","10200",10,"Nebim Kod: 25Y130L5K001GÜM50","Diğer","",""
6751,"L5K001 MOR SPOSA","10200",10,"Nebim Kod: 25Y130L5K001LAC34","Diğer","",""
6752,"L5K001 MOR SPOSA","10200",10,"Nebim Kod: 25Y130L5K001LAC36","Diğer","",""
6753,"L5K001 MOR SPOSA","10200",10,"Nebim Kod: 25Y130L5K001LAC38","Diğer","",""
6754,"L5K001 MOR SPOSA","10200",10,"Nebim Kod: 25Y130L5K001LAC40","Diğer","",""
6755,"L5K001 MOR SPOSA","10200",10,"Nebim Kod: 25Y130L5K001LAC42","Diğer","",""
6756,"L5K001 MOR SPOSA","10200",10,"Nebim Kod: 25Y130L5K001LAC44","Diğer","",""
6757,"L5K001 MOR SPOSA","10200",10,"Nebim Kod: 25Y130L5K001LAC46","Diğer","",""
6758,"L5K001 MOR SPOSA","10200",10,"Nebim Kod: 25Y130L5K001LAC48","Diğer","",""
6759,"L5K001 MOR SPOSA","10200",10,"Nebim Kod: 25Y130L5K001LAC50","Diğer","",""
6760,"L5K001 MOR SPOSA","10200",10,"Nebim Kod: 25Y130L5K001MAV34","Diğer","",""
6761,"L5K001 MOR SPOSA","10200",10,"Nebim Kod: 25Y130L5K001MAV36","Diğer","",""
6762,"L5K001 MOR SPOSA","10200",10,"Nebim Kod: 25Y130L5K001MAV38","Diğer","",""
6763,"L5K001 MOR SPOSA","10200",10,"Nebim Kod: 25Y130L5K001MAV40","Diğer","",""
6764,"L5K001 MOR SPOSA","10200",10,"Nebim Kod: 25Y130L5K001MAV42","Diğer","",""
6765,"L5K001 MOR SPOSA","10200",10,"Nebim Kod: 25Y130L5K001MAV44","Diğer","",""
6766,"L5K001 MOR SPOSA","10200",10,"Nebim Kod: 25Y130L5K001MAV46","Diğer","",""
6767,"L5K001 MOR SPOSA","10200",10,"Nebim Kod: 25Y130L5K001MAV48","Diğer","",""
6768,"L5K001 MOR SPOSA","10200",10,"Nebim Kod: 25Y130L5K001MAV50","Diğer","",""
6769,"L5K001 MOR SPOSA","10200",10,"Nebim Kod: 25Y130L5K001PDR34","Diğer","",""
6770,"L5K001 MOR SPOSA","10200",10,"Nebim Kod: 25Y130L5K001PDR36","Diğer","",""
6771,"L5K001 MOR SPOSA","10200",10,"Nebim Kod: 25Y130L5K001PDR38","Diğer","",""
6772,"L5K001 MOR SPOSA","10200",10,"Nebim Kod: 25Y130L5K001PDR40","Diğer","",""
6773,"L5K001 MOR SPOSA","10200",10,"Nebim Kod: 25Y130L5K001PDR42","Diğer","",""
6774,"L5K001 MOR SPOSA","10200",10,"Nebim Kod: 25Y130L5K001PDR44","Diğer","",""
6775,"L5K001 MOR SPOSA","10200",10,"Nebim Kod: 25Y130L5K001PDR46","Diğer","",""
6776,"L5K001 MOR SPOSA","10200",10,"Nebim Kod: 25Y130L5K001PDR48","Diğer","",""
6777,"L5K001 MOR SPOSA","10200",10,"Nebim Kod: 25Y130L5K001PDR50","Diğer","",""
6778,"L5K001 MOR SPOSA","10200",10,"Nebim Kod: 25Y130L5K001SYH34","Diğer","",""
6779,"L5K001 MOR SPOSA","10200",10,"Nebim Kod: 25Y130L5K001SYH36","Diğer","",""
6780,"L5K001 MOR SPOSA","10200",10,"Nebim Kod: 25Y130L5K001SYH38","Diğer","",""
6781,"L5K001 MOR SPOSA","10200",10,"Nebim Kod: 25Y130L5K001SYH40","Diğer","",""
6782,"L5K001 MOR SPOSA","10200",10,"Nebim Kod: 25Y130L5K001SYH42","Diğer","",""
6783,"L5K001 MOR SPOSA","10200",10,"Nebim Kod: 25Y130L5K001SYH44","Diğer","",""
6784,"L5K001 MOR SPOSA","10200",10,"Nebim Kod: 25Y130L5K001SYH46","Diğer","",""
6785,"L5K001 MOR SPOSA","10200",10,"Nebim Kod: 25Y130L5K001SYH48","Diğer","",""
6786,"L5K001 MOR SPOSA","10200",10,"Nebim Kod: 25Y130L5K001SYH50","Diğer","",""
6787,"L5K001 MOR SPOSA","10200",10,"Nebim Kod: 25Y130L5K001ŞMP34","Diğer","",""
6788,"L5K001 MOR SPOSA","10200",10,"Nebim Kod: 25Y130L5K001ŞMP36","Diğer","",""
6789,"L5K001 MOR SPOSA","10200",10,"Nebim Kod: 25Y130L5K001ŞMP38","Diğer","",""
6790,"L5K001 MOR SPOSA","10200",10,"Nebim Kod: 25Y130L5K001ŞMP40","Diğer","",""
6791,"L5K001 MOR SPOSA","10200",10,"Nebim Kod: 25Y130L5K001ŞMP42","Diğer","",""
6792,"L5K001 MOR SPOSA","10200",10,"Nebim Kod: 25Y130L5K001ŞMP44","Diğer","",""
6793,"L5K001 MOR SPOSA","10200",10,"Nebim Kod: 25Y130L5K001ŞMP46","Diğer","",""
6794,"L5K001 MOR SPOSA","10200",10,"Nebim Kod: 25Y130L5K001ŞMP48","Diğer","",""
6795,"L5K001 MOR SPOSA","10200",10,"Nebim Kod: 25Y130L5K001ŞMP50","Diğer","",""
6796,"L5K001 MOR SPOSA","10200",10,"Nebim Kod: 25Y130L5K001YEŞ34","Diğer","",""
6797,"L5K001 MOR SPOSA","10200",10,"Nebim Kod: 25Y130L5K001YEŞ36","Diğer","",""
6798,"L5K001 MOR SPOSA","10200",10,"Nebim Kod: 25Y130L5K001YEŞ38","Diğer","",""
6799,"L5K001 MOR SPOSA","10200",10,"Nebim Kod: 25Y130L5K001YEŞ40","Diğer","",""
6800,"L5K001 MOR SPOSA","10200",10,"Nebim Kod: 25Y130L5K001YEŞ42","Diğer","",""
6801,"L5K001 MOR SPOSA","10200",10,"Nebim Kod: 25Y130L5K001YEŞ44","Diğer","",""
6802,"L5K001 MOR SPOSA","10200",10,"Nebim Kod: 25Y130L5K001YEŞ46","Diğer","",""
6803,"L5K001 MOR SPOSA","10200",10,"Nebim Kod: 25Y130L5K001YEŞ48","Diğer","",""
6804,"L5K001 MOR SPOSA","10200",10,"Nebim Kod: 25Y130L5K001YEŞ50","Diğer","",""
6805,"LK5004 MOR SPOSA","9300",10,"Nebim Kod: 25Y130L5K004SYH40","Diğer","",""
6806,"LK5004 MOR SPOSA","9300",10,"Nebim Kod: 25Y130L5K004SYH42","Diğer","",""
6807,"LK5004 MOR SPOSA","9300",10,"Nebim Kod: 25Y130L5K004SYH44","Diğer","",""
6808,"LK5004 MOR SPOSA","9300",10,"Nebim Kod: 25Y130L5K004SYH46","Diğer","",""
6809,"LK5004 MOR SPOSA","9300",10,"Nebim Kod: 25Y130L5K004SYH48","Diğer","",""
6810,"L5K007 MOR SPOSA","11900",10,"Nebim Kod: 25Y130L5K007SYH38","Diğer","",""
6811,"L5K007 MOR SPOSA","11900",10,"Nebim Kod: 25Y130L5K007SYH40","Diğer","",""
6812,"L5K007 MOR SPOSA","11900",10,"Nebim Kod: 25Y130L5K007SYH42","Diğer","",""
6813,"L5K007 MOR SPOSA","11900",10,"Nebim Kod: 25Y130L5K007ZEY38","Diğer","",""
6814,"L5K007 MOR SPOSA","11900",10,"Nebim Kod: 25Y130L5K007ZEY40","Diğer","",""
6815,"L5K007 MOR SPOSA","11900",10,"Nebim Kod: 25Y130L5K007ZEY42","Diğer","",""
6816,"MR0604 MOR SPOSA","12500",10,"Nebim Kod: 25Y130MR0604BEJ38","Diğer","",""
6817,"MR0604 MOR SPOSA","12500",10,"Nebim Kod: 25Y130MR0604BEJ40","Diğer","",""
6818,"MR0604 MOR SPOSA","12500",10,"Nebim Kod: 25Y130MR0604BKR38","Diğer","",""
6819,"MR0604 MOR SPOSA","12500",10,"Nebim Kod: 25Y130MR0604GÜM36","Diğer","",""
6820,"MR0604 MOR SPOSA","12500",10,"Nebim Kod: 25Y130MR0604GÜM38","Diğer","",""
6821,"MR0604 MOR SPOSA","12500",10,"Nebim Kod: 25Y130MR0604LAC38","Diğer","",""
6822,"MR0604 MOR SPOSA","12500",10,"Nebim Kod: 25Y130MR0604LAC40","Diğer","",""
6823,"MR0604 MOR SPOSA","12500",10,"Nebim Kod: 25Y130MR0604SYH38","Diğer","",""
6824,"MR0604 MOR SPOSA","12500",10,"Nebim Kod: 25Y130MR0604SYH40","Diğer","",""
6825,"MR0605 MOR SPOSA","21100",10,"Nebim Kod: 25Y130MR0605LAC38","Diğer","",""
6826,"MR0605 MOR SPOSA","21100",10,"Nebim Kod: 25Y130MR0605LAC40","Diğer","",""
6827,"MR0605 MOR SPOSA","21100",10,"Nebim Kod: 25Y130MR0605LAC42","Diğer","",""
6828,"MR0605 MOR SPOSA","21100",10,"Nebim Kod: 25Y130MR0605SYH38","Diğer","",""
6829,"MR0605 MOR SPOSA","21100",10,"Nebim Kod: 25Y130MR0605SYH40","Diğer","",""
6830,"MR0605 MOR SPOSA","21100",10,"Nebim Kod: 25Y130MR0605SYH42","Diğer","",""
6831,"MR0605 MOR SPOSA","21100",10,"Nebim Kod: 25Y130MR0605ZEY38","Diğer","",""
6832,"MR0605 MOR SPOSA","21100",10,"Nebim Kod: 25Y130MR0605ZEY40","Diğer","",""
6833,"MR0605 MOR SPOSA","21100",10,"Nebim Kod: 25Y130MR0605ZEY42","Diğer","",""
6834,"MR1616 MOR SPOSA","39100",10,"Nebim Kod: 25Y130MR1616VİZ38","Diğer","",""
6835,"MR1616 MOR SPOSA","39100",10,"Nebim Kod: 25Y130MR1616VİZ40","Diğer","",""
6836,"MR1616 MOR SPOSA","39100",10,"Nebim Kod: 25Y130MR1616VİZ42","Diğer","",""
6837,"MR1616 MOR SPOSA","39100",10,"Nebim Kod: 25Y130MR1616VİZ44","Diğer","",""
6838,"MR1617 MOR SPOSA","39100",10,"Nebim Kod: 25Y130MR1617BEB38","Diğer","",""
6839,"MR1617 MOR SPOSA","39100",10,"Nebim Kod: 25Y130MR1617BEB40","Diğer","",""
6840,"MR1617 MOR SPOSA","39100",10,"Nebim Kod: 25Y130MR1617BEB42","Diğer","",""
6841,"MR1621 MOR SPOSA","39100",10,"Nebim Kod: 25Y130MR1621PDR38","Diğer","",""
6842,"MR1621 MOR SPOSA","39100",10,"Nebim Kod: 25Y130MR1621PDR40","Diğer","",""
6843,"MR1621 MOR SPOSA","39100",10,"Nebim Kod: 25Y130MR1621PDR42","Diğer","",""
6844,"MR1621 MOR SPOSA","39100",10,"Nebim Kod: 25Y130MR1621PDR44","Diğer","",""
6845,"MR1622 MOR SPOSA","39100",10,"Nebim Kod: 25Y130MR1622GLD38","Diğer","",""
6846,"MR1622 MOR SPOSA","39100",10,"Nebim Kod: 25Y130MR1622GLD40","Diğer","",""
6847,"MR1622 MOR SPOSA","39100",10,"Nebim Kod: 25Y130MR1622GLD42","Diğer","",""
6848,"MR1622 MOR SPOSA","39100",10,"Nebim Kod: 25Y130MR1622PDR38","Diğer","",""
6849,"MR1622 MOR SPOSA","39100",10,"Nebim Kod: 25Y130MR1622PDR40","Diğer","",""
6850,"MR1622 MOR SPOSA","39100",10,"Nebim Kod: 25Y130MR1622PDR42","Diğer","",""
6851,"MR1622 MOR SPOSA","39100",10,"Nebim Kod: 25Y130MR1622SYH38","Diğer","",""
6852,"MR1622 MOR SPOSA","39100",10,"Nebim Kod: 25Y130MR1622SYH40","Diğer","",""
6853,"MR1622 MOR SPOSA","39100",10,"Nebim Kod: 25Y130MR1622SYH42","Diğer","",""
6854,"MR1628 MOR SPOSA","39100",10,"Nebim Kod: 25Y130MR1628BEB38","Diğer","",""
6855,"MR1628 MOR SPOSA","39100",10,"Nebim Kod: 25Y130MR1628BEB40","Diğer","",""
6856,"MR1628 MOR SPOSA","39100",10,"Nebim Kod: 25Y130MR1628BEB42","Diğer","",""
6857,"MR1628 MOR SPOSA","39100",10,"Nebim Kod: 25Y130MR1628PEM38","Diğer","",""
6858,"MR1628 MOR SPOSA","39100",10,"Nebim Kod: 25Y130MR1628PEM40","Diğer","",""
6859,"MR1628 MOR SPOSA","39100",10,"Nebim Kod: 25Y130MR1628PEM42","Diğer","",""
6860,"MR1629 MOR SPOSA","39100",10,"Nebim Kod: 25Y130MR1629BEB38","Diğer","",""
6861,"MR1629 MOR SPOSA","39100",10,"Nebim Kod: 25Y130MR1629BEB40","Diğer","",""
6862,"MR1629 MOR SPOSA","39100",10,"Nebim Kod: 25Y130MR1629BEB42","Diğer","",""
6863,"MR5057 MOR SPOSA","19000",10,"Nebim Kod: 25Y130MR5057BKR38","Diğer","",""
6864,"MR5057 MOR SPOSA","19000",10,"Nebim Kod: 25Y130MR5057BKR40","Diğer","",""
6865,"MR5057 MOR SPOSA","19000",10,"Nebim Kod: 25Y130MR5057BKR42","Diğer","",""
6866,"MR5057 MOR SPOSA","19000",10,"Nebim Kod: 25Y130MR5057SYH38","Diğer","",""
6867,"MR5057 MOR SPOSA","19000",10,"Nebim Kod: 25Y130MR5057SYH40","Diğer","",""
6868,"MR5057 MOR SPOSA","19000",10,"Nebim Kod: 25Y130MR5057SYH42","Diğer","",""
6869,"MR7084 MOR SPOSA","31300",10,"Nebim Kod: 25Y130MR7084GLD38","Diğer","",""
6870,"MR7084 MOR SPOSA","31300",10,"Nebim Kod: 25Y130MR7084GLD40","Diğer","",""
6871,"MR7084 MOR SPOSA","31300",10,"Nebim Kod: 25Y130MR7084PDR38","Diğer","",""
6872,"MR7084 MOR SPOSA","31300",10,"Nebim Kod: 25Y130MR7084PDR40","Diğer","",""
6873,"MR7085 MOR SPOSA","31300",10,"Nebim Kod: 25Y130MR7085MİN38","Diğer","",""
6874,"MR7085 MOR SPOSA","31300",10,"Nebim Kod: 25Y130MR7085MİN40","Diğer","",""
6875,"MR7109 MOR SPOSA","19000",10,"Nebim Kod: 25Y130MR7109BYZ38","Diğer","",""
6876,"MR7109 MOR SPOSA","19000",10,"Nebim Kod: 25Y130MR7109BYZ40","Diğer","",""
6877,"MR7109 MOR SPOSA","19000",10,"Nebim Kod: 25Y130MR7109BYZ42","Diğer","",""
6878,"MR7161 MOR SPOSA","17700",10,"Nebim Kod: 25Y130MR7161GLD38","Diğer","",""
6879,"MR7161 MOR SPOSA","17700",10,"Nebim Kod: 25Y130MR7161GLD40","Diğer","",""
6880,"MR7161 MOR SPOSA","17700",10,"Nebim Kod: 25Y130MR7161GLD42","Diğer","",""
6881,"MR7172 MOR SPOSA","18100",10,"Nebim Kod: 25Y130MR7172SYH38","Diğer","",""
6882,"MR7172 MOR SPOSA","18100",10,"Nebim Kod: 25Y130MR7172SYH40","Diğer","",""
6883,"MR7172 MOR SPOSA","18100",10,"Nebim Kod: 25Y130MR7172SYH42","Diğer","",""
6884,"MR7176 MOR SPOSA","18100",10,"Nebim Kod: 25Y130MR7176FÜM44","Diğer","",""
6885,"MR7176 MOR SPOSA","18100",10,"Nebim Kod: 25Y130MR7176FÜM46","Diğer","",""
6886,"MR7176 MOR SPOSA","18100",10,"Nebim Kod: 25Y130MR7176FÜM48","Diğer","",""
6887,"MR7177 MOR SPOSA","18100",10,"Nebim Kod: 25Y130MR7177İDG44","Diğer","",""
6888,"MR7177 MOR SPOSA","18100",10,"Nebim Kod: 25Y130MR7177İDG46","Diğer","",""
6889,"MR7177 MOR SPOSA","18100",10,"Nebim Kod: 25Y130MR7177İDG48","Diğer","",""
6890,"O7595 MOR SPOSA","25100",60,"Nebim Kod: 25Y130O7595","Diğer","",""
6891,"OL004 MOR","9300",20,"Nebim Kod: 25Y130OL004","Diğer","",""
6892,"OL010 MOR","10200",40,"Nebim Kod: 25Y130OL010","Diğer","",""
6893,"S128 MOR SPOSA","11900",30,"Nebim Kod: 25Y130S128","Diğer","",""
6894,"S143 MOR SPOSA","14900",20,"Nebim Kod: 25Y130S143","Diğer","",""
6895,"S144 MOR SPOSA","13000",20,"Nebim Kod: 25Y130S144","Diğer","",""
6896,"SW0190 MOR SPOSA","14000",10,"Nebim Kod: 25Y130SW0190SYH38","Diğer","",""
6897,"SW0190 MOR SPOSA","14000",10,"Nebim Kod: 25Y130SW0190SYH40","Diğer","",""
6898,"SW0190 MOR SPOSA","14000",10,"Nebim Kod: 25Y130SW0190SYH42","Diğer","",""
6899,"SW0330 MOR SPOSA","18000",10,"Nebim Kod: 25Y130SW0330EKR40","Diğer","",""
6900,"SW0330 MOR SPOSA","18000",10,"Nebim Kod: 25Y130SW0330SYH38","Diğer","",""
6901,"SW0330 MOR SPOSA","18000",10,"Nebim Kod: 25Y130SW0330SYH40","Diğer","",""
6902,"SW300 MOR SPOSA","16700",30,"Nebim Kod: 25Y130SW300","Diğer","",""
6903,"5173 STRADA","11899",160,"Nebim Kod: 25Y1315173","Diğer","",""
6904,"8870 STARDA","6999",120,"Nebim Kod: 25Y1318870","Diğer","",""
6905,"8924 STARDA","6999",150,"Nebim Kod: 25Y1318924","Diğer","",""
6906,"8929 STARDA","6999",150,"Nebim Kod: 25Y1318929","Diğer","",""
6907,"8959 STRADA","11899",240,"Nebim Kod: 25Y1318959","Diğer","",""
6908,"8964 STARDA","6999",90,"Nebim Kod: 25Y1318964","Diğer","",""
6909,"8974 STARDA","9999",160,"Nebim Kod: 25Y1318974","Diğer","",""
6910,"9697 STRADA","9999",70,"Nebim Kod: 25Y1319697","Diğer","",""
6911,"9888 STARDA","8999",30,"Nebim Kod: 25Y1319888","Diğer","",""
6912,"127 ANGORA","1199",40,"Nebim Kod: 25Y132127","Diğer","",""
6913,"136 ANGORA","1199",80,"Nebim Kod: 25Y132136","Diğer","",""
6914,"2026 ANGORA","1999",240,"Nebim Kod: 25Y1322026","Diğer","",""
6915,"24106 ANGORA","1199",40,"Nebim Kod: 25Y13224106","Diğer","",""
6916,"25300 ANGORA","1199",40,"Nebim Kod: 25Y13225300","Diğer","",""
6917,"25308 ANGORA","1199",40,"Nebim Kod: 25Y13225308","Diğer","",""
6918,"25309 ANGORA","1199",70,"Nebim Kod: 25Y13225309","Diğer","",""
6919,"25342 ANGORA","1199",120,"Nebim Kod: 25Y13225342","Diğer","",""
6920,"25609 ANGORA","1999",40,"Nebim Kod: 25Y13225609","Diğer","",""
6921,"25624 ANGORA","2399",40,"Nebim Kod: 25Y13225624","Diğer","",""
6922,"25633 ANGORA","2399",40,"Nebim Kod: 25Y13225633","Diğer","",""
6923,"25643 ANGORA","2399",40,"Nebim Kod: 25Y13225643","Diğer","",""
6924,"25692 ANGORA","1199",40,"Nebim Kod: 25Y13225692","Diğer","",""
6925,"25703 ANGORA","1199",40,"Nebim Kod: 25Y13225703","Diğer","",""
6926,"25705 ANGORA","1999",40,"Nebim Kod: 25Y13225705","Diğer","",""
6927,"25743 ANGORA","2399",40,"Nebim Kod: 25Y13225743","Diğer","",""
6928,"25751 ANGORA","1199",40,"Nebim Kod: 25Y13225751","Diğer","",""
6929,"25763 ANGORA","1999",40,"Nebim Kod: 25Y13225763","Diğer","",""
6930,"25765 ANGORA","2399",40,"Nebim Kod: 25Y13225765","Diğer","",""
6931,"25767 ANGORA","2399",40,"Nebim Kod: 25Y13225767","Diğer","",""
6932,"25771 ANGORA","1999",40,"Nebim Kod: 25Y13225771","Diğer","",""
6933,"25800 ANGORA","1199",80,"Nebim Kod: 25Y13225800","Diğer","",""
6934,"2263 SAN FIORE","6549",80,"Nebim Kod: 25Y1332263","Diğer","",""
6935,"4052 SAN FIORE","9649",80,"Nebim Kod: 25Y1334052","Diğer","",""
6936,"4065 SAN FIORE","9949",140,"Nebim Kod: 25Y1334065","Diğer","",""
6937,"4126 SAN FIORE","7399",80,"Nebim Kod: 25Y1334126","Diğer","",""
6938,"4175 SAN FIORE","8749",140,"Nebim Kod: 25Y1334175","Diğer","",""
6939,"4234 SAN FIORE","8249",90,"Nebim Kod: 25Y1334234","Diğer","",""
6940,"2958 ROMONNA","4999",120,"Nebim Kod: 25Y1342958","Diğer","",""
6941,"3283 ROMONNA","4999",90,"Nebim Kod: 25Y1343283","Diğer","",""
6942,"3290 ROMONNA","6999",60,"Nebim Kod: 25Y1343290","Diğer","",""
6943,"21719 JAVELİN","1299",40,"Nebim Kod: 25Y13521719","Diğer","",""
6944,"21900 JAVELİN","1299",40,"Nebim Kod: 25Y13521900","Diğer","",""
6945,"21905 JAVELİN","1299",80,"Nebim Kod: 25Y13521905","Diğer","",""
6946,"21907 JAVELİN","1299",80,"Nebim Kod: 25Y13521907","Diğer","",""
6947,"21908 JAVELİN","1299",80,"Nebim Kod: 25Y13521908","Diğer","",""
6948,"21911 JAVELİN","2999",120,"Nebim Kod: 25Y13521911","Diğer","",""
6949,"21915 JAVELİN","1299",80,"Nebim Kod: 25Y13521915","Diğer","",""
6950,"21919 JAVELİN","2999",120,"Nebim Kod: 25Y13521919","Diğer","",""
6951,"21954 JAVELİN","1999",80,"Nebim Kod: 25Y13521954","Diğer","",""
6952,"24919 JAVELİN","2999",120,"Nebim Kod: 25Y13524919","Diğer","",""
6953,"39903 JAVELİN","1299",40,"Nebim Kod: 25Y13539903","Diğer","",""
6954,"1042 MAHYA","10899",90,"Nebim Kod: 25Y1361042","Diğer","",""
6955,"1080 MAHYA","10899",120,"Nebim Kod: 25Y1361080","Diğer","",""
6956,"3006 MAHYA","10899",60,"Nebim Kod: 25Y1363006","Diğer","",""
6957,"3007 MAHYA","10899",60,"Nebim Kod: 25Y1363007","Diğer","",""
6958,"3008 MAHYA","10899",90,"Nebim Kod: 25Y1363008","Diğer","",""
6959,"3009 MAHYA","10899",90,"Nebim Kod: 25Y1363009","Diğer","",""
6960,"1302 MİARTE","2949",40,"Nebim Kod: 26K0021302","Diğer","",""
6961,"1305 MİARTE","2929",40,"Nebim Kod: 26K0021305","Diğer","",""
6962,"1308 MİARTE","4049",40,"Nebim Kod: 26K0021308","Diğer","",""
6963,"1313 MİARTE","4949",40,"Nebim Kod: 26K0021313","Diğer","",""
6964,"1317 MİARTE","3849",40,"Nebim Kod: 26K0021317","Diğer","",""
6965,"1320 MİARTE","3299",40,"Nebim Kod: 26K0021320","Diğer","",""
6966,"1322 MİARTE","3249",40,"Nebim Kod: 26K0021322","Diğer","",""
6967,"1328 MİARTE","3269",40,"Nebim Kod: 26K0021328","Diğer","",""
6968,"1336 MİARTE","5399",40,"Nebim Kod: 26K0021336","Diğer","",""
6969,"1338 MİARTE","6079",40,"Nebim Kod: 26K0021338","Diğer","",""
6970,"1340 MİARTE","3269",40,"Nebim Kod: 26K0021340","Diğer","",""
6971,"1341 MİARTE","4389",40,"Nebim Kod: 26K0021341","Diğer","",""
6972,"1342 MİARTE","3599",40,"Nebim Kod: 26K0021342","Diğer","",""
6973,"1343 MİARTE","4059",40,"Nebim Kod: 26K0021343","Diğer","",""
6974,"1344 MİARTE","2139",40,"Nebim Kod: 26K0021344","Diğer","",""
6975,"1345 MİARTE","3269",80,"Nebim Kod: 26K0021345","Diğer","",""
6976,"1348 MİARTE","6639",40,"Nebim Kod: 26K0021348","Diğer","",""
6977,"1351 MİARTE","4729",80,"Nebim Kod: 26K0021351","Diğer","",""
6978,"1353 MİARTE","3269",80,"Nebim Kod: 26K0021353","Diğer","",""
6979,"1355 MİARTE","3149",40,"Nebim Kod: 26K0021355","Diğer","",""
6980,"1356 MİARTE","3269",40,"Nebim Kod: 26K0021356","Diğer","",""
6981,"31114 MİARTE","3599",20,"Nebim Kod: 26K00231114","Diğer","",""
6982,"31115 MİARTE","4199",20,"Nebim Kod: 26K00231115","Diğer","",""
6983,"31120 MİARTE","3039",30,"Nebim Kod: 26K00231120","Diğer","",""
6984,"31123 MİARTE","4389",20,"Nebim Kod: 26K00231123","Diğer","",""
6985,"31124 MİARTE","3599",20,"Nebim Kod: 26K00231124","Diğer","",""
6986,"31126 MİARTE","2949",30,"Nebim Kod: 26K00231126","Diğer","",""
6987,"31127 MİARTE","3269",30,"Nebim Kod: 26K00231127","Diğer","",""
6988,"31128 MİARTE","2599",30,"Nebim Kod: 26K00231128","Diğer","",""
6989,"31129 MİARTE","3379",20,"Nebim Kod: 26K00231129","Diğer","",""
6990,"3153 MİARTE","3299",40,"Nebim Kod: 26K0023153","Diğer","",""
6991,"3159 MİARTE","3849",40,"Nebim Kod: 26K0023159","Diğer","",""
6992,"34118 MİARTE","2949",20,"Nebim Kod: 26K00234118","Diğer","",""
6993,"34119 MİARTE","3299",20,"Nebim Kod: 26K00234119","Diğer","",""
6994,"34122 MİARTE","4399",20,"Nebim Kod: 26K00234122","Diğer","",""
6995,"34124 MİARTE","2819",30,"Nebim Kod: 26K00234124","Diğer","",""
6996,"34126 MİARTE","3489",20,"Nebim Kod: 26K00234126","Diğer","",""
6997,"34128 MİARTE","2599",30,"Nebim Kod: 26K00234128","Diğer","",""
6998,"34129 MİARTE","2699",30,"Nebim Kod: 26K00234129","Diğer","",""
6999,"34130 MİARTE","2479",20,"Nebim Kod: 26K00234130","Diğer","",""
7000,"34134 MİARTE","3269",20,"Nebim Kod: 26K00234134","Diğer","",""
7001,"37068 MİARTE","6099",20,"Nebim Kod: 26K00237068","Diğer","",""
7002,"37071 MİARTE","6399",20,"Nebim Kod: 26K00237071","Diğer","",""
7003,"37075 MİARTE","7319",20,"Nebim Kod: 26K00237075","Diğer","",""
7004,"5271 MİARTE","4279",40,"Nebim Kod: 26K0025271","Diğer","",""
7005,"5272 MİARTE","4049",40,"Nebim Kod: 26K0025272","Diğer","",""
7006,"5273 MİARTE","2699",40,"Nebim Kod: 26K0025273","Diğer","",""
7007,"5276 MİARTE","2929",40,"Nebim Kod: 26K0025276","Diğer","",""
7008,"5283 MİARTE","3849",40,"Nebim Kod: 26K0025283","Diğer","",""
7009,"5284 MİARTE","3149",40,"Nebim Kod: 26K0025284","Diğer","",""
7010,"5286 MİARTE","3499",40,"Nebim Kod: 26K0025286","Diğer","",""
7011,"5287 MİARTE","2949",40,"Nebim Kod: 26K0025287","Diğer","",""
7012,"5288 MİARTE","4049",40,"Nebim Kod: 26K0025288","Diğer","",""
7013,"5289 MİARTE","3149",40,"Nebim Kod: 26K0025289","Diğer","",""
7014,"5290 MİARTE","2799",40,"Nebim Kod: 26K0025290","Diğer","",""
7015,"5292 MİARTE","3299",40,"Nebim Kod: 26K0025292","Diğer","",""
7016,"5296 MİARTE","3799",40,"Nebim Kod: 26K0025296","Diğer","",""
7017,"5298 MİARTE","2249",40,"Nebim Kod: 26K0025298","Diğer","",""
7018,"5302 MİARTE","2949",40,"Nebim Kod: 26K0025302","Diğer","",""
7019,"5303 MİARTE","3299",80,"Nebim Kod: 26K0025303","Diğer","",""
7020,"5304 MİARTE","2479",40,"Nebim Kod: 26K0025304","Diğer","",""
7021,"5305 MİARTE","2929",40,"Nebim Kod: 26K0025305","Diğer","",""
7022,"5306 MİARTE","3269",40,"Nebim Kod: 26K0025306","Diğer","",""
7023,"5308 MİARTE","2929",40,"Nebim Kod: 26K0025308","Diğer","",""
7024,"5312 MİARTE","3939",40,"Nebim Kod: 26K0025312","Diğer","",""
7025,"5315 MİARTE","3149",40,"Nebim Kod: 26K0025315","Diğer","",""
7026,"5317 MİARTE","2589",40,"Nebim Kod: 26K0025317","Diğer","",""
7027,"5318 MİARTE","2829",40,"Nebim Kod: 26K0025318","Diğer","",""
7028,"5321 MİARTE","2929",40,"Nebim Kod: 26K0025321","Diğer","",""
7029,"8162 MİARTE","4949",40,"Nebim Kod: 26K0028162","Diğer","",""
7030,"8164 MİARTE","6639",40,"Nebim Kod: 26K0028164","Diğer","",""
7031,"8165 MİARTE","4499",40,"Nebim Kod: 26K0028165","Diğer","",""
7032,"8168 MİARTE","5519",40,"Nebim Kod: 26K0028168","Diğer","",""
7033,"8170 MİARTE","6699",40,"Nebim Kod: 26K0028170","Diğer","",""
7034,"8171 MİARTE","5499",40,"Nebim Kod: 26K0028171","Diğer","",""
7035,"8176 MİARTE","5499",40,"Nebim Kod: 26K0028176","Diğer","",""
7036,"8180 MİARTE","5849",40,"Nebim Kod: 26K0028180","Diğer","",""
7037,"8181 MİARTE","7749",40,"Nebim Kod: 26K0028181","Diğer","",""
7038,"8185 MİARTE","5399",40,"Nebim Kod: 26K0028185","Diğer","",""
7039,"8186 MİARTE","6649",40,"Nebim Kod: 26K0028186","Diğer","",""
7040,"8189 MİARTE","5519",40,"Nebim Kod: 26K0028189","Diğer","",""
7041,"8190 MİARTE","6299",40,"Nebim Kod: 26K0028190","Diğer","",""
7042,"8192 MİARTE","6639",40,"Nebim Kod: 26K0028192","Diğer","",""
7043,"8194 MİARTE","6299",80,"Nebim Kod: 26K0028194","Diğer","",""
7044,"8195 MİARTE","6099",40,"Nebim Kod: 26K0028195","Diğer","",""
7045,"8196 MİARTE","6639",40,"Nebim Kod: 26K0028196","Diğer","",""
7046,"8197 MİARTE","6299",40,"Nebim Kod: 26K0028197","Diğer","",""
7047,"8198 MİARTE","6979",40,"Nebim Kod: 26K0028198","Diğer","",""
7048,"8201 MİARTE","6299",40,"Nebim Kod: 26K0028201","Diğer","",""
7049,"2357 ALİNÇE","4549",80,"Nebim Kod: 26K0182357","Diğer","",""
7050,"2390 ALİNÇE","4799",120,"Nebim Kod: 26K0182390","Diğer","",""
7051,"2430 ALİNÇE","4299",120,"Nebim Kod: 26K0182430","Diğer","",""
7052,"5000 ALİNÇE","4099",120,"Nebim Kod: 26K0185000","Diğer","",""
7053,"5002 ALİNÇE","5299",80,"Nebim Kod: 26K0185002","Diğer","",""
7054,"5003 ALİNÇE","6249",80,"Nebim Kod: 26K0185003","Diğer","",""
7055,"5004 ALİNÇE","5999",120,"Nebim Kod: 26K0185004","Diğer","",""
7056,"5005 ALİNÇE","4799",120,"Nebim Kod: 26K0185005","Diğer","",""
7057,"5006 ALİNÇE","5299",120,"Nebim Kod: 26K0185006","Diğer","",""
7058,"5007 ALİNÇE","4099",120,"Nebim Kod: 26K0185007","Diğer","",""
7059,"5009 ALİNÇE","5499",120,"Nebim Kod: 26K0185009","Diğer","",""
7060,"5012 ALİNÇE","6699",40,"Nebim Kod: 26K0185012","Diğer","",""
7061,"5013 ALİNÇE","5499",160,"Nebim Kod: 26K0185013","Diğer","",""
7062,"5015 ALİNÇE","4799",120,"Nebim Kod: 26K0185015","Diğer","",""
7063,"5016 ALİNÇE","5299",40,"Nebim Kod: 26K0185016","Diğer","",""
7064,"5017 ALİNÇE","5749",120,"Nebim Kod: 26K0185017","Diğer","",""
7065,"5019 ALİNÇE","4799",40,"Nebim Kod: 26K0185019","Diğer","",""
7066,"5020 ALİNÇE","4799",40,"Nebim Kod: 26K0185020","Diğer","",""
7067,"5022 ALİNÇE","5299",80,"Nebim Kod: 26K0185022","Diğer","",""
7068,"5024 ALİNCE","4999",80,"Nebim Kod: 26K0185024","Diğer","",""
7069,"8210 ALİNÇE","3099",120,"Nebim Kod: 26K0188210","Diğer","",""
7070,"8211 ALİNÇE","3349",120,"Nebim Kod: 26K0188211","Diğer","",""
7071,"8400 ALİNÇE","5749",80,"Nebim Kod: 26K0188400","Diğer","",""
7072,"8401 ALİNÇE","5299",120,"Nebim Kod: 26K0188401","Diğer","",""
7073,"8403 ALİNÇE","4299",120,"Nebim Kod: 26K0188403","Diğer","",""
7074,"8405 ALİNÇE","5299",120,"Nebim Kod: 26K0188405","Diğer","",""
7075,"8410 ALİNCE","5499",40,"Nebim Kod: 26K0188410","Diğer","",""
7076,"1342 MİANOTTE","3599",40,"Nebim Kod: 26K0461342","Diğer","",""
7077,"1348 MİANOTTE","6639",40,"Nebim Kod: 26K0461348","Diğer","",""
7078,"1351 MİANOTTE","4729",40,"Nebim Kod: 26K0461351","Diğer","",""
7079,"1353 MİANOTTE","3269",40,"Nebim Kod: 26K0461353","Diğer","",""
7080,"1501 MİANOTTE","8329",40,"Nebim Kod: 26K0461501","Diğer","",""
7081,"1502 MİANOTTE","10779",40,"Nebim Kod: 26K0461502","Diğer","",""
7082,"1503 MİANOTTE","7769",80,"Nebim Kod: 26K0461503","Diğer","",""
7083,"350 MİANOTTE","7319",20,"Nebim Kod: 26K046350","Diğer","",""
7084,"3500 MİANOTTE","4949",80,"Nebim Kod: 26K0463500","Diğer","",""
7085,"3501 MİANOTTE","6639",40,"Nebim Kod: 26K0463501","Diğer","",""
7086,"3503 MİANOTTE","6639",40,"Nebim Kod: 26K0463503","Diğer","",""
7087,"3504 MİANOTTE","4388",120,"Nebim Kod: 26K0463504","Diğer","",""
7088,"3505 MİANOTTE","5519",40,"Nebim Kod: 26K0463505","Diğer","",""
7089,"3507 MİANOTTE","4359",40,"Nebim Kod: 26K0463507","Diğer","",""
7090,"3509 MİANOTTE","7199",40,"Nebim Kod: 26K0463509","Diğer","",""
7091,"351 MİANOTTE","5399",40,"Nebim Kod: 26K046351","Diğer","",""
7092,"3510 MİANOTTE","5229",40,"Nebim Kod: 26K0463510","Diğer","",""
7093,"3514 MİANOTTE","2499",40,"Nebim Kod: 26K0463514","Diğer","",""
7094,"3516 MİANOTTE","5059",80,"Nebim Kod: 26K0463516","Diğer","",""
7095,"3519 MİANOTTE","5059",40,"Nebim Kod: 26K0463519","Diğer","",""
7096,"352 MİANOTTE","5389",20,"Nebim Kod: 26K046352","Diğer","",""
7097,"3521 MİANOTTE","6629",40,"Nebim Kod: 26K0463521","Diğer","",""
7098,"3522 MİANOTTE","5179",40,"Nebim Kod: 26K0463522","Diğer","",""
7099,"3527 MİANOTTE","5519",80,"Nebim Kod: 26K0463527","Diğer","",""
7100,"3529 MİANOTTE","4359",40,"Nebim Kod: 26K0463529","Diğer","",""
7101,"354 MİANOTTE","6079",20,"Nebim Kod: 26K046354","Diğer","",""
7102,"5271 MİANOTTE","4279",40,"Nebim Kod: 26K0465271","Diğer","",""
7103,"5272 MİANOTTE","4049",40,"Nebim Kod: 26K0465272","Diğer","",""
7104,"5276 MİANOTTE","2929",40,"Nebim Kod: 26K0465276","Diğer","",""
7105,"5305 MİANOTTE","2929",40,"Nebim Kod: 26K0465305","Diğer","",""
7106,"5306 MİANOTTE","3269",40,"Nebim Kod: 26K0465306","Diğer","",""
7107,"5308 MİANOTTE","2929",40,"Nebim Kod: 26K0465308","Diğer","",""
7108,"5312 MİANOTTE","3939",40,"Nebim Kod: 26K0465312","Diğer","",""
7109,"5321 MİANOTTE","2929",40,"Nebim Kod: 26K0465321","Diğer","",""
7110,"6200 MİANOTTE","5519",40,"Nebim Kod: 26K0466200","Diğer","",""
7111,"6202 MİANOTTE","5519",120,"Nebim Kod: 26K0466202","Diğer","",""
7112,"6203 MİANOTTE","4389",40,"Nebim Kod: 26K0466203","Diğer","",""
7113,"6204 MİANOTTE","5589",80,"Nebim Kod: 26K0466204","Diğer","",""
7114,"6207 MİANOTTE","4059",80,"Nebim Kod: 26K0466207","Diğer","",""
7115,"6213 MİANOTTE","3269",80,"Nebim Kod: 26K0466213","Diğer","",""
7116,"6214 MİANOTTE","4949",40,"Nebim Kod: 26K0466214","Diğer","",""
7117,"6215 MİANOTTE","5519",40,"Nebim Kod: 26K0466215","Diğer","",""
7118,"6216 MİANOTTE","4729",40,"Nebim Kod: 26K0466216","Diğer","",""
7119,"6217 MİANOTTE","4709",40,"Nebim Kod: 26K0466217","Diğer","",""
7120,"6218 MİANOTTE","4389",80,"Nebim Kod: 26K0466218","Diğer","",""
7121,"6221 MİANOTTE","2499",40,"Nebim Kod: 26K0466221","Diğer","",""
7122,"6222 MİANOTTE","4169",40,"Nebim Kod: 26K0466222","Diğer","",""
7123,"6223 MİANOTTE","5579",40,"Nebim Kod: 26K0466223","Diğer","",""
7124,"6224 MİANOTTE","4389",40,"Nebim Kod: 26K0466224","Diğer","",""
7125,"6231 MİANOTTE","5059",40,"Nebim Kod: 26K0466231","Diğer","",""
7126,"6234 MİANOTTE","4359",80,"Nebim Kod: 26K0466234","Diğer","",""
7127,"660 MİANOTTE","6079",20,"Nebim Kod: 26K046660","Diğer","",""
7128,"662 MİANOTTE","4619",20,"Nebim Kod: 26K046662","Diğer","",""
7129,"665 MİANOTTE","3519",20,"Nebim Kod: 26K046665","Diğer","",""
7130,"7820 MİANOTTE","6629",40,"Nebim Kod: 26K0467820","Diğer","",""
7131,"8168 MİANOTTE","5519",40,"Nebim Kod: 26K0468168","Diğer","",""
7132,"8170 MİANOTTE","6639",40,"Nebim Kod: 26K0468170","Diğer","",""
7133,"8185 MİANOTTE","5399",40,"Nebim Kod: 26K0468185","Diğer","",""
7134,"8197 MİANOTTE","6299",40,"Nebim Kod: 26K0468197","Diğer","",""
7135,"8198 MİANOTTE","6979",40,"Nebim Kod: 26K0468198","Diğer","",""
7136,"8201 MİANOTTE","6299",40,"Nebim Kod: 26K0468201","Diğer","",""
7137,"8504 MİANOTTE","5599",40,"Nebim Kod: 26K0468504","Diğer","",""
7138,"8505 MİANOTTE","6099",40,"Nebim Kod: 26K0468505","Diğer","",""
7139,"8506 MİANOTTE","5519",30,"Nebim Kod: 26K0468506","Diğer","",""
7140,"8509 MİANOTTE","3829",40,"Nebim Kod: 26K0468509","Diğer","",""
7141,"8512 MİANOTTE","5519",40,"Nebim Kod: 26K0468512","Diğer","",""
7142,"8513 MİANOTTE","6639",40,"Nebim Kod: 26K0468513","Diğer","",""
7143,"8515 MİANOTTE","6079",40,"Nebim Kod: 26K0468515","Diğer","",""
7144,"9001 MİANOTTE","9999",40,"Nebim Kod: 26K0469001","Diğer","",""
7145,"9002 MİANOTTE","8889",80,"Nebim Kod: 26K0469002","Diğer","",""
7146,"9003 MİANOTTE","7769",40,"Nebim Kod: 26K0469003","Diğer","",""
7147,"9005 MİANOTTE","8329",40,"Nebim Kod: 26K0469005","Diğer","",""
7148,"9010 MİANOTTE","7769",30,"Nebim Kod: 26K0469010","Diğer","",""
7149,"9011 MİANOTTE","7769",80,"Nebim Kod: 26K0469011","Diğer","",""
7150,"9013 MİANOTTE","7769",40,"Nebim Kod: 26K0469013","Diğer","",""
7151,"9015 MİANOTTE","6299",40,"Nebim Kod: 26K0469015","Diğer","",""
7152,"9017 MİANOTTE","8889",40,"Nebim Kod: 26K0469017","Diğer","",""
7153,"9018 MİANOTTE","8329",40,"Nebim Kod: 26K0469018","Diğer","",""
7154,"9019 MİANOTTE","8329",40,"Nebim Kod: 26K0469019","Diğer","",""
7155,"9020 MİANOTTE","7849",40,"Nebim Kod: 26K0469020","Diğer","",""
7156,"9021 MİANOTTE","7769",40,"Nebim Kod: 26K0469021","Diğer","",""
7157,"9022 MİANOTTE","6639",40,"Nebim Kod: 26K0469022","Diğer","",""
7158,"9025 MİANOTTE","8899",40,"Nebim Kod: 26K0469025","Diğer","",""
7159,"9029 MİANOTTE","6599",80,"Nebim Kod: 26K0469029","Diğer","",""
7160,"950 MİANOTTE","8439",20,"Nebim Kod: 26K046950","Diğer","",""
7161,"951 MİANOTTE","6819",20,"Nebim Kod: 26K046951","Diğer","",""
7162,"953 MİANOTTE","8899",20,"Nebim Kod: 26K046953","Diğer","",""
7163,"954 MİANOTTE","9679",20,"Nebim Kod: 26K046954","Diğer","",""
7164,"955 MİANOTTE","8889",20,"Nebim Kod: 26K046955","Diğer","",""
7165,"956 MİANOTTE","8199",20,"Nebim Kod: 26K046956","Diğer","",""
7166,"106 LAMARKİNE","4499",30,"Nebim Kod: 26K065106","Diğer","",""
7167,"108 LAMARKİNE","4499",30,"Nebim Kod: 26K065108","Diğer","",""
7168,"102 LAMARKİNE","3299",30,"Nebim Kod: 26K0651102","Diğer","",""
7169,"130 LAMARKİNE","4499",60,"Nebim Kod: 26K065130","Diğer","",""
7170,"133 LAMARKİNE","4499",60,"Nebim Kod: 26K065133","Diğer","",""
7171,"212 LAMARKİNE","4499",30,"Nebim Kod: 26K065212","Diğer","",""
7172,"2324 LAMARKİNE","4499",30,"Nebim Kod: 26K0652324","Diğer","",""
7173,"239 LAMARKİNE","4499",30,"Nebim Kod: 26K065239","Diğer","",""
7174,"244 LAMARKİNE","2999",30,"Nebim Kod: 26K065244","Diğer","",""
7175,"247 LAMARKİNE","4499",60,"Nebim Kod: 26K065247","Diğer","",""
7176,"3561 LAMARKİNE","4499",30,"Nebim Kod: 26K0653561","Diğer","",""
7177,"1128 ORHAN TEKSTİL","8999",60,"Nebim Kod: 26K0821128","Diğer","",""
7178,"1139 ORHAN TEKSTİL","11999",40,"Nebim Kod: 26K0821139","Diğer","",""
7179,"1140 ORHAN TEKSTİL","11999",40,"Nebim Kod: 26K0821140","Diğer","",""
7180,"1143 ORHAN TEKSTİL","11999",30,"Nebim Kod: 26K0821143","Diğer","",""
7181,"1157 ORHAN TEKSTİL","11999",20,"Nebim Kod: 26K0821157","Diğer","",""
7182,"1161 ORHAN TEKSTİL","8999",40,"Nebim Kod: 26K0821161","Diğer","",""
7183,"1175 ORHAN TEKSTİL","2999",40,"Nebim Kod: 26K0821175","Diğer","",""
7184,"1176 ORHAN TEKSTİL","2999",40,"Nebim Kod: 26K0821176","Diğer","",""
7185,"1493 ORHAN TEKSTİL","11999",40,"Nebim Kod: 26K0821493","Diğer","",""
7186,"1871 ORHAN TEKSTİL","6999",90,"Nebim Kod: 26K0821871","Diğer","",""
7187,"1976 ORHAN TEKSTİL","11499",40,"Nebim Kod: 26K0821976","Diğer","",""
7188,"2178 ORHAN TEKSTİL","5999",40,"Nebim Kod: 26K0822178","Diğer","",""
7189,"2243 ORHAN TEKSTİL","8999",50,"Nebim Kod: 26K0822243","Diğer","",""
7190,"2356 ORHAN TEKSTİL","11999",30,"Nebim Kod: 26K0822356","Diğer","",""
7191,"2377 ORHAN TEKSTİL","8999",30,"Nebim Kod: 26K0822377","Diğer","",""
7192,"2415 ORHAN TEKSTİL","8999",80,"Nebim Kod: 26K0822415","Diğer","",""
7193,"2561 ORHAN TEKSTİL","11999",30,"Nebim Kod: 26K0822561","Diğer","",""
7194,"2586 ORHAN TEKSTİL","11999",10,"Nebim Kod: 26K0822586","Diğer","",""
7195,"2590 ORHAN TEKSTİL","11999",10,"Nebim Kod: 26K0822590","Diğer","",""
7196,"2593 ORHAN TEKSTİL","11999",40,"Nebim Kod: 26K0822593","Diğer","",""
7197,"2603 ORHAN TEKSTİL","11999",100,"Nebim Kod: 26K0822603","Diğer","",""
7198,"2618 ORHAN TEKSTİL","7999",20,"Nebim Kod: 26K0822618","Diğer","",""
7199,"2623 ORHAN TEKSTİL","6999",40,"Nebim Kod: 26K0822623","Diğer","",""
7200,"2634 ORHAN TEKSTİL","11999",80,"Nebim Kod: 26K0822634","Diğer","",""
7201,"2637 ORHAN TEKSTİL","11999",60,"Nebim Kod: 26K0822637","Diğer","",""
7202,"2647 ORHAN TEKSTİL","11999",50,"Nebim Kod: 26K0822647","Diğer","",""
7203,"2666 ORHAN TEKSTİL","6999",50,"Nebim Kod: 26K0822666","Diğer","",""
7204,"2692 ORHAN TEKSTİL","11999",40,"Nebim Kod: 26K0822692","Diğer","",""
7205,"2697 ORHAN TEKSTİL","11999",60,"Nebim Kod: 26K0822697","Diğer","",""
7206,"2698 ORHAN TEKSTİL","8999",60,"Nebim Kod: 26K0822698","Diğer","",""
7207,"2714 ORHAN TEKSTİL","8999",60,"Nebim Kod: 26K0822714","Diğer","",""
7208,"2730 ORHAN TEKSTİL","8999",50,"Nebim Kod: 26K0822730","Diğer","",""
7209,"11006 FEVER","8249",40,"Nebim Kod: 26K08711006","Diğer","",""
7210,"11014 FEVER","6749",30,"Nebim Kod: 26K08711014","Diğer","",""
7211,"11019 FEVER","7499",80,"Nebim Kod: 26K08711019","Diğer","",""
7212,"11022 FEVER","8249",20,"Nebim Kod: 26K08711022","Diğer","",""
7213,"12001 FEVER","4349",40,"Nebim Kod: 26K08712001","Diğer","",""
7214,"12008 FEVER","4499",40,"Nebim Kod: 26K08712008","Diğer","",""
7215,"12009 FEVER","4949",80,"Nebim Kod: 26K08712009","Diğer","",""
7216,"12012 FEVER","5549",30,"Nebim Kod: 26K08712012","Diğer","",""
7217,"12016 FEVER","4799",80,"Nebim Kod: 26K08712016","Diğer","",""
7218,"12017 FEVER","5249",40,"Nebim Kod: 26K08712017","Diğer","",""
7219,"12021 FEVER","5999",80,"Nebim Kod: 26K08712021","Diğer","",""
7220,"12027 FEVER","5099",40,"Nebim Kod: 26K08712027","Diğer","",""
7221,"12030 FEVER","5099",30,"Nebim Kod: 26K08712030","Diğer","",""
7222,"12032 FEVER","5249",40,"Nebim Kod: 26K08712032","Diğer","",""
7223,"12048 FEVER","4499",30,"Nebim Kod: 26K08712048","Diğer","",""
7224,"13007 FEVER","5249",40,"Nebim Kod: 26K08713007","Diğer","",""
7225,"13014 FEVER","5999",40,"Nebim Kod: 26K08713014","Diğer","",""
7226,"13015 FEVER","5249",40,"Nebim Kod: 26K08713015","Diğer","",""
7227,"13017 FEVER","4799",30,"Nebim Kod: 26K08713017","Diğer","",""
7228,"14014 FEVER","4199",40,"Nebim Kod: 26K08714014","Diğer","",""
7229,"14020 FEVER","4049",30,"Nebim Kod: 26K08714020","Diğer","",""
7230,"14022 FEVER","3899",40,"Nebim Kod: 26K08714022","Diğer","",""
7231,"14036 FEVER","4349",40,"Nebim Kod: 26K08714036","Diğer","",""
7232,"14038 FEVER","4799",80,"Nebim Kod: 26K08714038","Diğer","",""
7233,"14047 FEVER","5549",40,"Nebim Kod: 26K08714047","Diğer","",""
7234,"14058 FEVER","4799",40,"Nebim Kod: 26K08714058","Diğer","",""
7235,"14065 FEVER","4499",40,"Nebim Kod: 26K08714065","Diğer","",""
7236,"14069 FEVER","3449",40,"Nebim Kod: 26K08714069","Diğer","",""
7237,"14078 FEVER","5099",30,"Nebim Kod: 26K08714078","Diğer","",""
7238,"14082 FEVER","3749",40,"Nebim Kod: 26K08714082","Diğer","",""
7239,"15007 FEVER","5999",30,"Nebim Kod: 26K08715007","Diğer","",""
7240,"16005 FEVER","6599",40,"Nebim Kod: 26K08716005","Diğer","",""
7241,"16006 FEVER","6299",80,"Nebim Kod: 26K08716006","Diğer","",""
7242,"16007 FEVER","5849",40,"Nebim Kod: 26K08716007","Diğer","",""
7243,"16029 FEVER","8399",40,"Nebim Kod: 26K08716029","Diğer","",""
7244,"16055 FEVER","6749",40,"Nebim Kod: 26K08716055","Diğer","",""
7245,"16070 FEVER","5099",40,"Nebim Kod: 26K08716070","Diğer","",""
7246,"16072 FEVER","6749",80,"Nebim Kod: 26K08716072","Diğer","",""
7247,"16093 FEVER","6749",40,"Nebim Kod: 26K08716093","Diğer","",""
7248,"16095 FEVER","4199",40,"Nebim Kod: 26K08716095","Diğer","",""
7249,"16148 FEVER","7949",100,"Nebim Kod: 26K08716148","Diğer","",""
7250,"17001 FEVER","4349",80,"Nebim Kod: 26K08717001","Diğer","",""
7251,"17003 FEVER","4499",70,"Nebim Kod: 26K08717003","Diğer","",""
7252,"17009 FEVER","6749",80,"Nebim Kod: 26K08717009","Diğer","",""
7253,"17013 FEVER","4799",40,"Nebim Kod: 26K08717013","Diğer","",""
7254,"17015 FEVER","5249",40,"Nebim Kod: 26K08717015","Diğer","",""
7255,"17018 FEVER","4349",80,"Nebim Kod: 26K08717018","Diğer","",""
7256,"17022 FEVER","4349",40,"Nebim Kod: 26K08717022","Diğer","",""
7257,"17023 FEVER","4199",40,"Nebim Kod: 26K08717023","Diğer","",""
7258,"17024 FEVER","5249",80,"Nebim Kod: 26K08717024","Diğer","",""
7259,"17025 FEVER","3899",30,"Nebim Kod: 26K08717025","Diğer","",""
7260,"17026 FEVER","4199",20,"Nebim Kod: 26K08717026","Diğer","",""
7261,"17061 FEVER","5099",20,"Nebim Kod: 26K08717061","Diğer","",""
7262,"10020 LAMANTE","4799",40,"Nebim Kod: 26K09110020","Diğer","",""
7263,"10037 LAMANTE","8599",30,"Nebim Kod: 26K09110037","Diğer","",""
7264,"10038 LAMANTE","12599",10,"Nebim Kod: 26K09110038","Diğer","",""
7265,"10043 LAMANTE","3199",40,"Nebim Kod: 26K09110043","Diğer","",""
7266,"10046 LAMANTE","4999",40,"Nebim Kod: 26K09110046","Diğer","",""
7267,"10058 LAMANTE","3399",40,"Nebim Kod: 26K09110058","Diğer","",""
7268,"10059 LAMANTE","4799",80,"Nebim Kod: 26K09110059","Diğer","",""
7269,"10065 LAMANTE","5999",10,"Nebim Kod: 26K09110065","Diğer","",""
7270,"10136 LAMANTE","5099",30,"Nebim Kod: 26K09110136","Diğer","",""
7271,"10143 LAMANTE","11499",40,"Nebim Kod: 26K09110143","Diğer","",""
7272,"10146 LAMANTE","4649",40,"Nebim Kod: 26K09110146","Diğer","",""
7273,"10152 LAMANTE","9599",20,"Nebim Kod: 26K09110152","Diğer","",""
7274,"10155 LAMANTE","5099",40,"Nebim Kod: 26K09110155","Diğer","",""
7275,"10166 LAMANTE","6999",40,"Nebim Kod: 26K09110166","Diğer","",""
7276,"10168 LAMANTE","7999",30,"Nebim Kod: 26K09110168","Diğer","",""
7277,"10171 LAMANTE","4799",30,"Nebim Kod: 26K09110171","Diğer","",""
7278,"10203 LAMANTE","4799",40,"Nebim Kod: 26K09110203","Diğer","",""
7279,"10212 LAMANTE","4999",40,"Nebim Kod: 26K09110212","Diğer","",""
7280,"10226 LAMANTE","4399",40,"Nebim Kod: 26K09110226","Diğer","",""
7281,"10241 LAMANTE","4699",40,"Nebim Kod: 26K09110241","Diğer","",""
7282,"10243 LAMANTE","4999",40,"Nebim Kod: 26K09110243","Diğer","",""
7283,"10263 LAMANTE","5399",40,"Nebim Kod: 26K09110263","Diğer","",""
7284,"10265 LAMANTE","4799",40,"Nebim Kod: 26K09110265","Diğer","",""
7285,"10267 LAMANTE","6499",40,"Nebim Kod: 26K09110267","Diğer","",""
7286,"10279 LAMANTE","5999",80,"Nebim Kod: 26K09110279","Diğer","",""
7287,"10282 LAMANTE","4849",40,"Nebim Kod: 26K09110282","Diğer","",""
7288,"10288 LAMANTE","5999",40,"Nebim Kod: 26K09110288","Diğer","",""
7289,"1000 TİAJOVEN","3999",60,"Nebim Kod: 26K1261000","Diğer","",""
7290,"1001 TİAJOVEN","4749",120,"Nebim Kod: 26K1261001","Diğer","",""
7291,"1005 TİAJOVEN","4249",40,"Nebim Kod: 26K1261005","Diğer","",""
7292,"1012 TİAJOVEN","4999",40,"Nebim Kod: 26K1261012","Diğer","",""
7293,"1015 TİAJOVEN","4899",40,"Nebim Kod: 26K1261015","Diğer","",""
7294,"1030 TİAJOVEN","3999",40,"Nebim Kod: 26K1261030","Diğer","",""
7295,"2002 TİAJOVEN","4749",40,"Nebim Kod: 26K1262002","Diğer","",""
7296,"2005 TİAJOVEN","4499",40,"Nebim Kod: 26K1262005","Diğer","",""
7297,"2007 TİAJOVEN","4999",80,"Nebim Kod: 26K1262007","Diğer","",""
7298,"2736 TİAJOVEN","4729",40,"Nebim Kod: 26K1262736","Diğer","",""
7299,"3001 TİAJOVEN","2999",120,"Nebim Kod: 26K1263001","Diğer","",""
7300,"3002 TİAJOVEN","3499",120,"Nebim Kod: 26K1263002","Diğer","",""
7301,"3003 TİAJOVEN","3749",160,"Nebim Kod: 26K1263003","Diğer","",""
7302,"3004 TİAJOVEN","3499",80,"Nebim Kod: 26K1263004","Diğer","",""
7303,"3013 TİAJOVEN","3990",80,"Nebim Kod: 26K1263013","Diğer","",""
7304,"3015 TİAJOVEN","3999",30,"Nebim Kod: 26K1263015","Diğer","",""
7305,"3040 TİAJOVEN","2729",60,"Nebim Kod: 26K1263040","Diğer","",""
7306,"3100 TİAJOVEN","3229",30,"Nebim Kod: 26K1263100","Diğer","",""
7307,"3907 TİAJOVEN","2999",30,"Nebim Kod: 26K1263907","Diğer","",""
7308,"4000 TİAJOVEN","4479",40,"Nebim Kod: 26K1264000","Diğer","",""
7309,"4003 TİAJOVEN","3479",80,"Nebim Kod: 26K1264003","Diğer","",""
7310,"5003 TİAJOVEN","4749",40,"Nebim Kod: 26K1265003","Diğer","",""
7311,"5005 TİAJOVEN","4499",40,"Nebim Kod: 26K1265005","Diğer","",""
7312,"5300 TİAJOVEN","7979",30,"Nebim Kod: 26K1265300","Diğer","",""
7313,"6010 TİAJOVEN","4729",80,"Nebim Kod: 26K1266010","Diğer","",""
7314,"8001 TİAJOVEN","7479",40,"Nebim Kod: 26K1268001","Diğer","",""
7315,"2009 ANGORA","2749",50,"Nebim Kod: 26K1322009","Diğer","",""
7316,"2025 ANGORA","2399",110,"Nebim Kod: 26K1322025","Diğer","",""
7317,"5145 ANGORA","3249",70,"Nebim Kod: 26K13225145","Diğer","",""
7318,"26003 ANGORA","4749",30,"Nebim Kod: 26K13226003","Diğer","",""
7319,"26012 ANGORA","4749",30,"Nebim Kod: 26K13226012","Diğer","",""
7320,"26017 ANGORA","1899",40,"Nebim Kod: 26K13226017","Diğer","",""
7321,"26027 ANGORA","1899",40,"Nebim Kod: 26K13226027","Diğer","",""
7322,"26031 ANGORA","4749",60,"Nebim Kod: 26K13226031","Diğer","",""
7323,"26036 ANGORA","4749",40,"Nebim Kod: 26K13226036","Diğer","",""
7324,"26040 ANGORA","2149",40,"Nebim Kod: 26K13226040","Diğer","",""
7325,"26042 ANGORA","2399",40,"Nebim Kod: 26K13226042","Diğer","",""
7326,"26044 ANGORA","4749",60,"Nebim Kod: 26K13226044","Diğer","",""
7327,"26045 ANGORA","1899",40,"Nebim Kod: 26K13226045","Diğer","",""
7328,"26046 ANGORA","4749",40,"Nebim Kod: 26K13226046","Diğer","",""
7329,"26100 ANGORA","5249",60,"Nebim Kod: 26K13226100","Diğer","",""
7330,"26101 ANGORA","5249",60,"Nebim Kod: 26K13226101","Diğer","",""
7331,"26102 ANGORA","5249",30,"Nebim Kod: 26K13226102","Diğer","",""
7332,"26103 ANGORA","5249",30,"Nebim Kod: 26K13226103","Diğer","",""
7333,"26943 ANGORA","3649",40,"Nebim Kod: 26K13226943","Diğer","",""
7334,"26960 ANGORA","3649",40,"Nebim Kod: 26K13226960","Diğer","",""
7335,"26961 ANGORA","3649",40,"Nebim Kod: 26K13226961","Diğer","",""
7336,"26962 ANGORA","3649",40,"Nebim Kod: 26K13226962","Diğer","",""
7337,"21908 JAVELİN","2899",120,"Nebim Kod: 26K13521908","Diğer","",""
7338,"21911 JAVELİN","3999",80,"Nebim Kod: 26K13521911","Diğer","",""
7339,"21916 JAVELİN","3999",80,"Nebim Kod: 26K13521916","Diğer","",""
7340,"21919 JAVELİN","3999",80,"Nebim Kod: 26K13521919","Diğer","",""
7341,"21937 JAVELİN","3499",40,"Nebim Kod: 26K13521937","Diğer","",""
7342,"21954 JAVELİN","2899",40,"Nebim Kod: 26K13521954","Diğer","",""
7343,"21971 JAVELİN","2899",80,"Nebim Kod: 26K13521971","Diğer","",""
7344,"6040 SALİDA","9799",60,"Nebim Kod: 26K1376040","Diğer","",""
7345,"6059 SALİDA","5999",100,"Nebim Kod: 26K1376059","Diğer","",""
7346,"6063 SALİDA","5999",60,"Nebim Kod: 26K1376063","Diğer","",""
7347,"6081 SALİDA","5999",60,"Nebim Kod: 26K1376081","Diğer","",""
7348,"6084 SALİDA","5999",90,"Nebim Kod: 26K1376084","Diğer","",""
7349,"6086 SALİDA","9799",60,"Nebim Kod: 26K1376086","Diğer","",""
7350,"6087 SALİDA","3999",90,"Nebim Kod: 26K1376087","Diğer","",""
7351,"6099 SALİDA","4999",30,"Nebim Kod: 26K1376099","Diğer","",""
7352,"6121 SALİDA","5999",60,"Nebim Kod: 26K1376121","Diğer","",""
7353,"6122 SALİDA","11999",80,"Nebim Kod: 26K1376122","Diğer","",""
7354,"6133 SALİDA","5999",100,"Nebim Kod: 26K1376133","Diğer","",""
7355,"6159 SALİDA","7999",90,"Nebim Kod: 26K1376159","Diğer","",""
7356,"6166 SALİDA","9399",120,"Nebim Kod: 26K1376166","Diğer","",""
7357,"6169 SALİDA","6499",30,"Nebim Kod: 26K1376169","Diğer","",""
7358,"6176 SALİDA","9799",80,"Nebim Kod: 26K1376176","Diğer","",""
7359,"6187 SALİDA","9799",30,"Nebim Kod: 26K1376187","Diğer","",""
7360,"6189 SALİDA","7999",60,"Nebim Kod: 26K1376189","Diğer","",""
7361,"1013 PERLEI","4399",40,"Nebim Kod: 26K1391013","Diğer","",""
7362,"1097A PERLEI","4399",40,"Nebim Kod: 26K1391097A","Diğer","",""
7363,"1097U PERLEI","2599",80,"Nebim Kod: 26K1391097U","Diğer","",""
7364,"1213 PERLEI","5199",40,"Nebim Kod: 26K1391213","Diğer","",""
7365,"1319 PERLEI","4599",40,"Nebim Kod: 26K1391319","Diğer","",""
7366,"1387 PERLEI","4799",40,"Nebim Kod: 26K1391387","Diğer","",""
7367,"1421 PERLEI","4399",40,"Nebim Kod: 26K1391421","Diğer","",""
7368,"1453 PERLEI","7199",30,"Nebim Kod: 26K1391453","Diğer","",""
7369,"156 PERLEI","2999",50,"Nebim Kod: 26K139156","Diğer","",""
7370,"161 PERLEI","2999",40,"Nebim Kod: 26K139161","Diğer","",""
7371,"2026 PERLEI","7599",40,"Nebim Kod: 26K1392026","Diğer","",""
7372,"702 PERLEI","3599",80,"Nebim Kod: 26K139702","Diğer","",""
7373,"714 PERLEI","5999",150,"Nebim Kod: 26K139714","Diğer","",""
7374,"714BB PERLEI","5999",40,"Nebim Kod: 26K139714BB","Diğer","",""
7375,"719 PERLEI","5999",50,"Nebim Kod: 26K139719","Diğer","",""
7376,"746 PERLEI","3399",40,"Nebim Kod: 26K139746","Diğer","",""
7377,"747 PERLEI","2999",40,"Nebim Kod: 26K139747","Diğer","",""
7378,"831 PERLEI","3599",50,"Nebim Kod: 26K139831","Diğer","",""
7379,"9031 PERLEI","3199",80,"Nebim Kod: 26K1399031","Diğer","",""
7380,"9034 PERLEI","2199",40,"Nebim Kod: 26K1399034","Diğer","",""
7381,"9038 PERLEI","3799",150,"Nebim Kod: 26K1399038","Diğer","",""
7382,"951 PERLEI","5599",40,"Nebim Kod: 26K139951","Diğer","",""
7383,"002 SNG","9999",10,"Nebim Kod: 26K141002","Diğer","",""
7384,"004 SNG","9599",30,"Nebim Kod: 26K141004","Diğer","",""
7385,"033 SNG","5199",10,"Nebim Kod: 26K141033","Diğer","",""
7386,"1001 SNG","11599",30,"Nebim Kod: 26K1411001","Diğer","",""
7387,"2003 SNG","5199",30,"Nebim Kod: 26K1412003","Diğer","",""
7388,"2038 SNG","6799",10,"Nebim Kod: 26K1412038","Diğer","",""
7389,"21131 SNG","7999",20,"Nebim Kod: 26K14121131","Diğer","",""
7390,"50104 SNG","19599",30,"Nebim Kod: 26K14150104","Diğer","",""
7391,"5018 SNG","5799",10,"Nebim Kod: 26K1415018","Diğer","",""
7392,"5030 SNG","5999",10,"Nebim Kod: 26K1415030","Diğer","",""
7393,"5168 SNG","5599",40,"Nebim Kod: 26K1415168","Diğer","",""
7394,"5180 SNG","6199",150,"Nebim Kod: 26K1415180","Diğer","",""
7395,"613 SNG","6799",10,"Nebim Kod: 26K141613","Diğer","",""
7396,"6508 SNG","5999",50,"Nebim Kod: 26K1416508","Diğer","",""
7397,"70512 SNG","13999",30,"Nebim Kod: 26K14170512","Diğer","",""
7398,"76515 SNG","7999",20,"Nebim Kod: 26K14176515","Diğer","",""
7399,"8019 SNG","6199",10,"Nebim Kod: 26K1418019","Diğer","",""
7400,"8097 SNG","7999",20,"Nebim Kod: 26K1418097","Diğer","",""
7401,"8099 SNG","5199",10,"Nebim Kod: 26K1418099","Diğer","",""
7402,"8107 SNG","9999",30,"Nebim Kod: 26K1418107","Diğer","",""
7403,"8831 SNG","15999",10,"Nebim Kod: 26K1418831","Diğer","",""
7404,"9013 SNG","5999",10,"Nebim Kod: 26K1419013","Diğer","",""
7405,"902516 SNG","11999",10,"Nebim Kod: 26K141902516KAH38","Diğer","",""
7406,"93526 SNG","9199",10,"Nebim Kod: 26K14193526","Diğer","",""
7407,"25245 ODRELLA","10499",90,"Nebim Kod: 26Y00425245","Diğer","",""
7408,"25252 ODRELLA","8899",280,"Nebim Kod: 26Y00425252","Diğer","",""
7409,"25296 ODRELLA","11499",120,"Nebim Kod: 26Y00425296","Diğer","",""
7410,"25299 ODRELLA","9399",60,"Nebim Kod: 26Y00425299","Diğer","",""
7411,"25321 ODRELLA","9399",60,"Nebim Kod: 26Y00425321","Diğer","",""
7412,"25342 ODRELLA","8249",60,"Nebim Kod: 26Y00425342","Diğer","",""
7413,"25370B ODRELLA","6649",10,"Nebim Kod: 26Y00425370BBRD44","Diğer","",""
7414,"25370B ODRELLA","6649",10,"Nebim Kod: 26Y00425370BBRD46","Diğer","",""
7415,"25370B ODRELLA","6649",10,"Nebim Kod: 26Y00425370BSYH44","Diğer","",""
7416,"25370B ODRELLA","6649",10,"Nebim Kod: 26Y00425370BSYH46","Diğer","",""
7417,"25372 ODRELLA","8899",60,"Nebim Kod: 26Y00425372","Diğer","",""
7418,"25375 ODRELLA","13499",90,"Nebim Kod: 26Y00425375","Diğer","",""
7419,"400 ODRELLA","3399",30,"Nebim Kod: 26Y004400","Diğer","",""
7420,"401 ODRELLA","1650",30,"Nebim Kod: 26Y004401","Diğer","",""
7421,"402 ODRELLA","2999",10,"Nebim Kod: 26Y004402","Diğer","",""
7422,"403 ODRELLA","2249",20,"Nebim Kod: 26Y004403","Diğer","",""
7423,"404 ODRELLA","3999",20,"Nebim Kod: 26Y004404","Diğer","",""
7424,"406 ODRELLA","3399",20,"Nebim Kod: 26Y004406","Diğer","",""
7425,"408 ODRELLA","3399",20,"Nebim Kod: 26Y004408","Diğer","",""
7426,"411 ODRELLA","3499",20,"Nebim Kod: 26Y004411","Diğer","",""
7427,"414 ODRELLA","1899",20,"Nebim Kod: 26Y004414","Diğer","",""
7428,"416 ODRELLA","3599",20,"Nebim Kod: 26Y004416","Diğer","",""
7429,"425 ODRELLA","4399",20,"Nebim Kod: 26Y004425","Diğer","",""
7430,"427 ODRELLA","2499",10,"Nebim Kod: 26Y004427","Diğer","",""
7431,"428 ODRELLA","3999",20,"Nebim Kod: 26Y004428","Diğer","",""
7432,"429 ODRELLA","2499",20,"Nebim Kod: 26Y004429","Diğer","",""
7433,"7808 ODRELLA","8499",60,"Nebim Kod: 26Y0047808","Diğer","",""
7434,"7814 ODRELLA","6899",60,"Nebim Kod: 26Y0047814","Diğer","",""
7435,"7816 ODRELLA","5699",60,"Nebim Kod: 26Y0047816","Diğer","",""
7436,"7817 ODRELLA","8999",90,"Nebim Kod: 26Y0047817","Diğer","",""
7437,"7822 ODRELLA","8499",60,"Nebim Kod: 26Y0047822","Diğer","",""
7438,"7834 ODRELLA","9999",100,"Nebim Kod: 26Y0047834","Diğer","",""
7439,"7860 ODRELLA","9499",150,"Nebim Kod: 26Y0047860","Diğer","",""
7440,"7882 ODRELLA","9199",40,"Nebim Kod: 26Y0047882","Diğer","",""
7441,"7893 ODRELLA","7499",50,"Nebim Kod: 26Y0047893","Diğer","",""
7442,"7895 ODRELLA","12899",30,"Nebim Kod: 26Y0047895","Diğer","",""
7443,"7896 ODRELLA","12899",30,"Nebim Kod: 26Y0047896","Diğer","",""
7444,"7908 ODRELLA","12899",90,"Nebim Kod: 26Y0047908","Diğer","",""
7445,"7919 ODRELLA","13699",90,"Nebim Kod: 26Y0047919","Diğer","",""
7446,"7925 ODRELLA","7199",30,"Nebim Kod: 26Y0047925","Diğer","",""
7447,"7935 ODRELLA","13699",30,"Nebim Kod: 26Y0047935","Diğer","",""
7448,"7946 ODRELLA","8199",80,"Nebim Kod: 26Y0047946","Diğer","",""
7449,"7950 ODRELLA","7799",110,"Nebim Kod: 26Y0047950","Diğer","",""
7450,"7972 ODRELLA","14299",90,"Nebim Kod: 26Y0047972","Diğer","",""
7451,"7994 ODRELLA","8499",20,"Nebim Kod: 26Y0047994","Diğer","",""
7452,"8006 ODRELLA","8999",150,"Nebim Kod: 26Y0048006","Diğer","",""
7453,"8012 ODRELLA","9499",90,"Nebim Kod: 26Y0048012","Diğer","",""
7454,"8128 ODRELLA","10249",60,"Nebim Kod: 26Y0048128","Diğer","",""
7455,"8131 ODRELLA","11999",20,"Nebim Kod: 26Y0048131","Diğer","",""
7456,"8132 ODRELLA","10499",120,"Nebim Kod: 26Y0048132","Diğer","",""
7457,"8137 ODRELLA","12199",90,"Nebim Kod: 26Y0048137","Diğer","",""
7458,"8155 ODRELLA","11149",120,"Nebim Kod: 26Y0048155","Diğer","",""
7459,"8157 ODRELLA","11899",60,"Nebim Kod: 26Y0048157","Diğer","",""
7460,"8157B ODRELLA","18999",40,"Nebim Kod: 26Y0048157B","Diğer","",""
7461,"8161 ODRELLA","11499",90,"Nebim Kod: 26Y0048161","Diğer","",""
7462,"8177 ODRELLA","12899",30,"Nebim Kod: 26Y0048177","Diğer","",""
7463,"8180 ODRELLA","12899",90,"Nebim Kod: 26Y0048180","Diğer","",""
7464,"8181 ODRELLA","10999",90,"Nebim Kod: 26Y0048181","Diğer","",""
7465,"8182 ODRELLA","12899",90,"Nebim Kod: 26Y0048182","Diğer","",""
7466,"8194 ODRELLA","10399",60,"Nebim Kod: 26Y0048194","Diğer","",""
7467,"8198 ODRELLA","12199",60,"Nebim Kod: 26Y0048198","Diğer","",""
7468,"8202 ODRELLA","12699",90,"Nebim Kod: 26Y0048202","Diğer","",""
7469,"8205 ODRELLA","13649",90,"Nebim Kod: 26Y0048205","Diğer","",""
7470,"8208 ODRELLA","12699",30,"Nebim Kod: 26Y0048208","Diğer","",""
7471,"8209 ODRELLA","12599",60,"Nebim Kod: 26Y0048209","Diğer","",""
7472,"8218 ODRELLA","12199",60,"Nebim Kod: 26Y0048218","Diğer","",""
7473,"8226 ODRELLA","17899",90,"Nebim Kod: 26Y0048226","Diğer","",""
7474,"8237 ODRELLA","16749",60,"Nebim Kod: 26Y0048237","Diğer","",""
7475,"8238 ODRELLA","16749",60,"Nebim Kod: 26Y0048238","Diğer","",""
7476,"53953 MAXRA GOVANA","34449",40,"Nebim Kod: 26Y00653953","Diğer","",""
7477,"54553 MAXRA GOVANA","30499",50,"Nebim Kod: 26Y00654553","Diğer","",""
7478,"54753 MAXRA GOVANA","11499",120,"Nebim Kod: 26Y00654753","Diğer","",""
7479,"55097 MAXRA GOVANA","11999",40,"Nebim Kod: 26Y00655097","Diğer","",""
7480,"55472 MAXRA GOVANA","19299",50,"Nebim Kod: 26Y00655472","Diğer","",""
7481,"55814 MAXRA GOVANA","9649",40,"Nebim Kod: 26Y00655814","Diğer","",""
7482,"56149 MAXRA GOVANA","17099",30,"Nebim Kod: 26Y00656149","Diğer","",""
7483,"56355 MAXRA GOVANA","17099",40,"Nebim Kod: 26Y00656355","Diğer","",""
7484,"56395 MAXRA GOVANA","21999",90,"Nebim Kod: 26Y00656395","Diğer","",""
7485,"56430 MAXRA GOVANA","10399",80,"Nebim Kod: 26Y00656430","Diğer","",""
7486,"56460 MAXRA GOVANA","10999",100,"Nebim Kod: 26Y00656460","Diğer","",""
7487,"56515 MAXRA GOVANA","15899",70,"Nebim Kod: 26Y00656515","Diğer","",""
7488,"56538 MAXRA GOVANA","11999",130,"Nebim Kod: 26Y00656538","Diğer","",""
7489,"56548 MAXRA GOVANA","9499",120,"Nebim Kod: 26Y00656548","Diğer","",""
7490,"56562 MAXRA GOVANA","8549",60,"Nebim Kod: 26Y00656562","Diğer","",""
7491,"56570 MAXRA GOVANA","8549",60,"Nebim Kod: 26Y00656570","Diğer","",""
7492,"56574 MAXRA GOVANA","12799",90,"Nebim Kod: 26Y00656574","Diğer","",""
7493,"56604 MAXRA GOVANA","10999",30,"Nebim Kod: 26Y00656604","Diğer","",""
7494,"56605 MAXRA GOVANA","9149",120,"Nebim Kod: 26Y00656605","Diğer","",""
7495,"56635 MAXRA GOVANA","15899",150,"Nebim Kod: 26Y00656635","Diğer","",""
7496,"56649 MAXRA GOVANA","12199",170,"Nebim Kod: 26Y00656649","Diğer","",""
7497,"56662 MAXRA GOVANA","13449",20,"Nebim Kod: 26Y00656662","Diğer","",""
7498,"56670 MAXRA GOVANA","19549",70,"Nebim Kod: 26Y00656670","Diğer","",""
7499,"56676 MAXRA GOVANNA","12799",70,"Nebim Kod: 26Y00656676","Diğer","",""
7500,"56721 MAXRA GOVANA","10399",80,"Nebim Kod: 26Y00656721","Diğer","",""
7501,"56737 MAXRA GOVANA","10749",60,"Nebim Kod: 26Y00656737","Diğer","",""
7502,"56750 MAXRA GOVANA","9399",150,"Nebim Kod: 26Y00656750","Diğer","",""
7503,"56815 MAXRA GOVANA","11599",90,"Nebim Kod: 26Y00656815","Diğer","",""
7504,"56853 MAXRA GOVANA","17099",120,"Nebim Kod: 26Y00656853","Diğer","",""
7505,"56891 MAXRA GOVANA","11599",90,"Nebim Kod: 26Y00656891","Diğer","",""
7506,"56973 MAXRA GOVANA","14049",40,"Nebim Kod: 26Y00656973","Diğer","",""
7507,"57007 MAXRA GOVANA","18949",30,"Nebim Kod: 26Y00657007","Diğer","",""
7508,"57011 MAXRA GOVANA","10999",40,"Nebim Kod: 26Y00657011","Diğer","",""
7509,"57090 MAXRA GOVANA","14649",60,"Nebim Kod: 26Y00657090","Diğer","",""
7510,"57091 MAXRA GOVANA","15899",160,"Nebim Kod: 26Y00657091","Diğer","",""
7511,"57108 MAXRA GOVANA","9149",50,"Nebim Kod: 26Y00657108","Diğer","",""
7512,"57367 MAXRA GOVANNA","22599",40,"Nebim Kod: 26Y00657367","Diğer","",""
7513,"57424 MAXRA GOVANNA","21899",40,"Nebim Kod: 26Y00657424","Diğer","",""
7514,"57564 MAXRA GOVANNA","23999",80,"Nebim Kod: 26Y00657564","Diğer","",""
7515,"57570 MAXRA GOVANNA","19599",40,"Nebim Kod: 26Y00657570","Diğer","",""
7516,"57579 MAXRA GOVANNA","23999",20,"Nebim Kod: 26Y00657579","Diğer","",""
7517,"57644 MAXRA GOVANNA","21899",30,"Nebim Kod: 26Y00657644","Diğer","",""
7518,"57646 MAXRA GOVANNA","16599",120,"Nebim Kod: 26Y00657646","Diğer","",""
7519,"0766 FOR COSTUME","9999",60,"Nebim Kod: 26Y0090766","Diğer","",""
7520,"0783 FOR COSTUME","10999",90,"Nebim Kod: 26Y0090783","Diğer","",""
7521,"0799 FOR COSTUME","10999",60,"Nebim Kod: 26Y0090799","Diğer","",""
7522,"0802 FOR COSTUME","11249",30,"Nebim Kod: 26Y0090802","Diğer","",""
7523,"0815 FOR COSTUME","11999",30,"Nebim Kod: 26Y0090815","Diğer","",""
7524,"0832 FOR COSTUME","9249",30,"Nebim Kod: 26Y0090832","Diğer","",""
7525,"10032 FOR COSTUME","9999",80,"Nebim Kod: 26Y00910032","Diğer","",""
7526,"10119 FOR COSTUME","10249",60,"Nebim Kod: 26Y00910119","Diğer","",""
7527,"10203 FOR COSTUME","11249",80,"Nebim Kod: 26Y00910203","Diğer","",""
7528,"10209 FOR COSTUME","13499",40,"Nebim Kod: 26Y00910209","Diğer","",""
7529,"10240 FOR COSTUME","11799",40,"Nebim Kod: 26Y00910240","Diğer","",""
7530,"10302 FOR COSTUME","11799",90,"Nebim Kod: 26Y00910302","Diğer","",""
7531,"10312 FOR COSTUME","9749",60,"Nebim Kod: 26Y00910312","Diğer","",""
7532,"10350 FOR COSTUME","10299",60,"Nebim Kod: 26Y00910350","Diğer","",""
7533,"10381 FOR COSTUME","10499",80,"Nebim Kod: 26Y00910381","Diğer","",""
7534,"10409 FOR COSTUME","10049",40,"Nebim Kod: 26Y00910409","Diğer","",""
7535,"9315 FOR COSTUME","12999",120,"Nebim Kod: 26Y0099315","Diğer","",""
7536,"9949 FOR COSTUME","9999",80,"Nebim Kod: 26Y0099949","Diğer","",""
7537,"9977 FOR COSTUME","9499",120,"Nebim Kod: 26Y0099977","Diğer","",""
7538,"9983 FOR COSTUME","13999",30,"Nebim Kod: 26Y0099983","Diğer","",""
7539,"2339 POZDA POZ","5849",120,"Nebim Kod: 26Y0162339","Diğer","",""
7540,"2514 POZDA POZ","7349",40,"Nebim Kod: 26Y0162514","Diğer","",""
7541,"2534 POZDA POZ","7349",60,"Nebim Kod: 26Y0162534","Diğer","",""
7542,"2548 POZDA POZ","8849",60,"Nebim Kod: 26Y0162548","Diğer","",""
7543,"2574 POZDA POZ","11249",60,"Nebim Kod: 26Y0162574","Diğer","",""
7544,"2577 POZDA POZ","11849",60,"Nebim Kod: 26Y0162577","Diğer","",""
7545,"2580 POZDA POZ","8249",60,"Nebim Kod: 26Y0162580","Diğer","",""
7546,"3324 POZDA POZ","7049",40,"Nebim Kod: 26Y0163324","Diğer","",""
7547,"3350 POZDA POZ","4499",60,"Nebim Kod: 26Y0163350","Diğer","",""
7548,"3351 POZDA POZ","7499",20,"Nebim Kod: 26Y0163351","Diğer","",""
7549,"3352 POZDA POZ","7499",40,"Nebim Kod: 26Y0163352","Diğer","",""
7550,"3354 POZDA POZ","7049",40,"Nebim Kod: 26Y0163354","Diğer","",""
7551,"4030 POZDA POZ","5549",120,"Nebim Kod: 26Y0164030","Diğer","",""
7552,"4041 POZDA POZ","8249",60,"Nebim Kod: 26Y0164041","Diğer","",""
7553,"4050 POZDA POZ","6299",40,"Nebim Kod: 26Y0164050","Diğer","",""
7554,"4051 POZDA POZ","5549",90,"Nebim Kod: 26Y0164051","Diğer","",""
7555,"4060 POZDA POZ","6749",90,"Nebim Kod: 26Y0164060","Diğer","",""
7556,"4067 POZDA POZ","9749",50,"Nebim Kod: 26Y0164067","Diğer","",""
7557,"4068 POZDA POZ","11249",60,"Nebim Kod: 26Y0164068","Diğer","",""
7558,"5002 POZDA POZ","8249",60,"Nebim Kod: 26Y0165002","Diğer","",""
7559,"7101 POZDA POZ","8549",20,"Nebim Kod: 26Y0167101","Diğer","",""
7560,"7103 POZDA POZ","10499",20,"Nebim Kod: 26Y0167103","Diğer","",""
7561,"7107 POZDA POZ","8549",20,"Nebim Kod: 26Y0167107","Diğer","",""
7562,"8026 POZDA POZ","14849",50,"Nebim Kod: 26Y0168026","Diğer","",""
7563,"8029 POZDA POZ","14849",60,"Nebim Kod: 26Y0168029","Diğer","",""
7564,"8031 POZDA POZ","14849",60,"Nebim Kod: 26Y0168031","Diğer","",""
7565,"8032 POZDA POZ","16499",90,"Nebim Kod: 26Y0168032","Diğer","",""
7566,"8034 POZDA POZ","16499",40,"Nebim Kod: 26Y0168034","Diğer","",""
7567,"5025 ALİNCE","7999",80,"Nebim Kod: 26Y0185025","Diğer","",""
7568,"5025K ALİNCE","7999",80,"Nebim Kod: 26Y0185025K","Diğer","",""
7569,"5025K ALİNCE","7999",40,"Nebim Kod: 26Y0185025k","Diğer","",""
7570,"396 ÖMÜRİNN","17700",120,"Nebim Kod: 26Y021396","Diğer","",""
7571,"584 ÖMÜR İNN","23600",210,"Nebim Kod: 26Y021584","Diğer","",""
7572,"6009 RENGİN","10799",160,"Nebim Kod: 26Y0716009","Diğer","",""
7573,"6191 RENGİN","10799",120,"Nebim Kod: 26Y0716191","Diğer","",""
7574,"6340 RENGİN","10799",60,"Nebim Kod: 26Y0716340","Diğer","",""
7575,"6349 RENGİN","20599",100,"Nebim Kod: 26Y0716349","Diğer","",""
7576,"6353 RENGİN","17999",120,"Nebim Kod: 26Y0716353","Diğer","",""
7577,"6357 RENGİN","14599",40,"Nebim Kod: 26Y0716357","Diğer","",""
7578,"6378 RENGİN","7599",40,"Nebim Kod: 26Y0716378","Diğer","",""
7579,"6380 RENGİN","7599",80,"Nebim Kod: 26Y0716380","Diğer","",""
7580,"6387 RENGİN","13199",80,"Nebim Kod: 26Y0716387","Diğer","",""
7581,"6397 RENGİN","27899",80,"Nebim Kod: 26Y0716397","Diğer","",""
7582,"6402 RENGİN","29699",80,"Nebim Kod: 26Y0716402","Diğer","",""
7583,"7012 RENGİN","11699",80,"Nebim Kod: 26Y0717012","Diğer","",""
7584,"1819 EVVEL TEKSTİL","16099",90,"Nebim Kod: 26Y0801819","Diğer","",""
7585,"1836 EVVEL TEKSTİL","16799",60,"Nebim Kod: 26Y0801836","Diğer","",""
7586,"1859 EVVEL TEKSTİL","11599",90,"Nebim Kod: 26Y0801859","Diğer","",""
7587,"1932 EVVEL TEKSTİL","10699",120,"Nebim Kod: 26Y0801932","Diğer","",""
7588,"1944 EVVEL TEKSTİL","12299",90,"Nebim Kod: 26Y0801944","Diğer","",""
7589,"1951 EVVEL TEKSTİL","16099",60,"Nebim Kod: 26Y0801951","Diğer","",""
7590,"1963 EVVEL TEKSTİL","14399",30,"Nebim Kod: 26Y0801963","Diğer","",""
7591,"1971 EVVEL TEKSTİL","12299",120,"Nebim Kod: 26Y0801971","Diğer","",""
7592,"1976 EVVEL TEKSTİL","15549",90,"Nebim Kod: 26Y0801976","Diğer","",""
7593,"1978 EVVEL TEKSTİL","11949",60,"Nebim Kod: 26Y0801978","Diğer","",""
7594,"1979 EVVEL TEKSTİL","14399",60,"Nebim Kod: 26Y0801979","Diğer","",""
7595,"1992 EVVEL TEKSTİL","14849",30,"Nebim Kod: 26Y0801992","Diğer","",""
7596,"2006 EVVEL TEKSTİL","21699",90,"Nebim Kod: 26Y0802006","Diğer","",""
7597,"2025 EVVEL TEKSTİL","17099",30,"Nebim Kod: 26Y0802025","Diğer","",""
7598,"2040 EVVEL TEKSTİL","16099",60,"Nebim Kod: 26Y0802040","Diğer","",""
7599,"2043 EVVEL TEKSTİL","15649",100,"Nebim Kod: 26Y0802043","Diğer","",""
7600,"2049 EVVEL TEKSTİL","18599",40,"Nebim Kod: 26Y0802049","Diğer","",""
7601,"2050 EVVEL TEKSTİL","25299",40,"Nebim Kod: 26Y0802050","Diğer","",""
7602,"2056 EVVEL TEKSTİL","9699",60,"Nebim Kod: 26Y0802056","Diğer","",""
7603,"2063 EVVEL TEKSTİL","17549",120,"Nebim Kod: 26Y0802063","Diğer","",""
7604,"2074 EVVEL TEKSTİL","10699",30,"Nebim Kod: 26Y0802074","Diğer","",""
7605,"2076 EVVEL TEKSTİL","15649",120,"Nebim Kod: 26Y0802076","Diğer","",""
7606,"2089 EVVEL TEKSTİL","28899",60,"Nebim Kod: 26Y0802089","Diğer","",""
7607,"2124 EVVEL TEKSTİL","14099",60,"Nebim Kod: 26Y0802124","Diğer","",""
7608,"2156 EVVEL TEKSTİL","17549",60,"Nebim Kod: 26Y0802156","Diğer","",""
7609,"2173 EVVEL TEKSTİL","15649",90,"Nebim Kod: 26Y0802173","Diğer","",""
7610,"2204 EVVEL TEKSTİL","11149",60,"Nebim Kod: 26Y0802204","Diğer","",""
7611,"2209 EVVEL TEKSTİL","17899",30,"Nebim Kod: 26Y0802209","Diğer","",""
7612,"5062 DORİ DORCA","5799",150,"Nebim Kod: 26Y0895062","Diğer","",""
7613,"6030 DORİ DORCA","9299",50,"Nebim Kod: 26Y0896030","Diğer","",""
7614,"6103 DORİ DORCA","8799",30,"Nebim Kod: 26Y0896103","Diğer","",""
7615,"6133 DORİ DORCA","9299",80,"Nebim Kod: 26Y0896133","Diğer","",""
7616,"7036 DORİ DORCA","8799",60,"Nebim Kod: 26Y0897036","Diğer","",""
7617,"7050 DORİ DORCA","8799",50,"Nebim Kod: 26Y0897050","Diğer","",""
7618,"7053 DORİ DORCA","6299",30,"Nebim Kod: 26Y0897053","Diğer","",""
7619,"7057 DORİ DORCA","6299",60,"Nebim Kod: 26Y0897057","Diğer","",""
7620,"7065 DORİ DORCA","7499",60,"Nebim Kod: 26Y0897065","Diğer","",""
7621,"7121 DORİ DORCA","9299",60,"Nebim Kod: 26Y0897121","Diğer","",""
7622,"7122 DORİ DORCA","7499",30,"Nebim Kod: 26Y0897122","Diğer","",""
7623,"7132 DORİ DORCA","7499",30,"Nebim Kod: 26Y0897132","Diğer","",""
7624,"7135 DORİ DORCA","8299",60,"Nebim Kod: 26Y0897135","Diğer","",""
7625,"7147 DORİ DORCA","6899",90,"Nebim Kod: 26Y0897147","Diğer","",""
7626,"3280 YENİ TREND","8249",40,"Nebim Kod: 26Y1053280","Diğer","",""
7627,"4465 ALURRE","9999",70,"Nebim Kod: 26Y1164465","Diğer","",""
7628,"4523 ALURRE","10749",120,"Nebim Kod: 26Y1164523","Diğer","",""
7629,"4546 ALURRE","10599",80,"Nebim Kod: 26Y1164546","Diğer","",""
7630,"4558 ALURRE","11249",130,"Nebim Kod: 26Y1164558","Diğer","",""
7631,"4563 ALURRE","9999",120,"Nebim Kod: 26Y1164563","Diğer","",""
7632,"4564 ALURRE","12499",160,"Nebim Kod: 26Y1164564","Diğer","",""
7633,"3467 OMNİA","5699",90,"Nebim Kod: 26Y1233467","Diğer","",""
7634,"3472 OMNİA","6899",80,"Nebim Kod: 26Y1233472","Diğer","",""
7635,"3474 OMNİA","6899",76,"Nebim Kod: 26Y1233474","Diğer","",""
7636,"7033 OMNİA","3499",20,"Nebim Kod: 26Y1237033","Diğer","",""
7637,"İM117 MOR SPOSA","36800",60,"Nebim Kod: 26Y130İM117","Diğer","",""
7638,"MR0407 MOR SPOSA","22800",10,"Nebim Kod: 26Y130MR0407SYH38","Diğer","",""
7639,"MR0407 MOR SPOSA","22800",10,"Nebim Kod: 26Y130MR0407SYH40","Diğer","",""
7640,"MR0407 MOR SPOSA","22800",10,"Nebim Kod: 26Y130MR0407SYH42","Diğer","",""
7641,"MR0409 MOR SPOSA","15000",10,"Nebim Kod: 26Y130MR0409SYH38","Diğer","",""
7642,"MR0409 MOR SPOSA","15000",10,"Nebim Kod: 26Y130MR0409SYH40","Diğer","",""
7643,"MR0409 MOR SPOSA","15000",10,"Nebim Kod: 26Y130MR0409SYH42","Diğer","",""
7644,"MR0439 MOR SPOSA","28300",10,"Nebim Kod: 26Y130MR0439KRM38","Diğer","",""
7645,"MR0439 MOR SPOSA","28300",10,"Nebim Kod: 26Y130MR0439KRM40","Diğer","",""
7646,"MR0439 MOR SPOSA","28300",10,"Nebim Kod: 26Y130MR0439KRM42","Diğer","",""
7647,"MR0471 MOR SPOSA","23500",10,"Nebim Kod: 26Y130MR0471SYG38","Diğer","",""
7648,"MR0471 MOR SPOSA","23500",10,"Nebim Kod: 26Y130MR0471SYG40","Diğer","",""
7649,"MR0471 MOR SPOSA","23500",10,"Nebim Kod: 26Y130MR0471SYG42","Diğer","",""
7650,"MR0474 MOR SPOSA","23500",10,"Nebim Kod: 26Y130MR0474SYG38","Diğer","",""
7651,"MR0474 MOR SPOSA","23500",10,"Nebim Kod: 26Y130MR0474SYG40","Diğer","",""
7652,"MR0474 MOR SPOSA","23500",10,"Nebim Kod: 26Y130MR0474SYG42","Diğer","",""
7653,"MR0487 MOR SPOSA","19300",10,"Nebim Kod: 26Y130MR0487KAH38","Diğer","",""
7654,"MR0487 MOR SPOSA","19300",10,"Nebim Kod: 26Y130MR0487KAH40","Diğer","",""
7655,"MR0487 MOR SPOSA","19300",10,"Nebim Kod: 26Y130MR0487KAH42","Diğer","",""
7656,"MR0489 MOR SPOSA","25300",10,"Nebim Kod: 26Y130MR0489BRD38","Diğer","",""
7657,"MR0489 MOR SPOSA","25300",10,"Nebim Kod: 26Y130MR0489BRD40","Diğer","",""
7658,"MR0489 MOR SPOSA","25300",10,"Nebim Kod: 26Y130MR0489BRD42","Diğer","",""
7659,"MR0489 MOR SPOSA","25300",10,"Nebim Kod: 26Y130MR0489HAK38","Diğer","",""
7660,"MR0489 MOR SPOSA","25300",10,"Nebim Kod: 26Y130MR0489HAK40","Diğer","",""
7661,"MR0489 MOR SPOSA","25300",10,"Nebim Kod: 26Y130MR0489HAK42","Diğer","",""
7662,"MR0491 MOR SPOSA","23500",10,"Nebim Kod: 26Y130MR0491SYG40","Diğer","",""
7663,"MR0491 MOR SPOSA","23500",10,"Nebim Kod: 26Y130MR0491SYG42","Diğer","",""
7664,"MR0491 MOR SPOSA","23500",10,"Nebim Kod: 26Y130MR0491SYG44","Diğer","",""
7665,"MR0497 MOR SPOSA","18500",10,"Nebim Kod: 26Y130MR0497EKR38","Diğer","",""
7666,"MR0497 MOR SPOSA","18500",10,"Nebim Kod: 26Y130MR0497EKR40","Diğer","",""
7667,"MR0497 MOR SPOSA","18500",10,"Nebim Kod: 26Y130MR0497EKR42","Diğer","",""
7668,"MR0499 MOR SPOSA","17500",10,"Nebim Kod: 26Y130MR0499EKR38","Diğer","",""
7669,"MR0499 MOR SPOSA","17500",10,"Nebim Kod: 26Y130MR0499EKR40","Diğer","",""
7670,"MR0499 MOR SPOSA","17500",10,"Nebim Kod: 26Y130MR0499EKR42","Diğer","",""
7671,"MR0500 MOR SPOSA","18500",10,"Nebim Kod: 26Y130MR0500EKR38","Diğer","",""
7672,"MR0500 MOR SPOSA","18500",10,"Nebim Kod: 26Y130MR0500EKR40","Diğer","",""
7673,"MR0500 MOR SPOSA","18500",10,"Nebim Kod: 26Y130MR0500EKR42","Diğer","",""
7674,"MR0502 MOR SPOSA","18500",10,"Nebim Kod: 26Y130MR0502EKR38","Diğer","",""
7675,"MR0502 MOR SPOSA","18500",10,"Nebim Kod: 26Y130MR0502EKR40","Diğer","",""
7676,"MR0502 MOR SPOSA","18500",10,"Nebim Kod: 26Y130MR0502EKR42","Diğer","",""
7677,"MR0502 MOR SPOSA","18500",10,"Nebim Kod: 26Y130MR0502SYH38","Diğer","",""
7678,"MR0502 MOR SPOSA","18500",10,"Nebim Kod: 26Y130MR0502SYH40","Diğer","",""
7679,"MR0502 MOR SPOSA","18500",10,"Nebim Kod: 26Y130MR0502SYH42","Diğer","",""
7680,"MR0508 MOR SPOSA","22300",10,"Nebim Kod: 26Y130MR0508ŞMP38","Diğer","",""
7681,"MR0508 MOR SPOSA","22300",10,"Nebim Kod: 26Y130MR0508ŞMP40","Diğer","",""
7682,"MR0508 MOR SPOSA","22300",10,"Nebim Kod: 26Y130MR0508ŞMP42","Diğer","",""
7683,"MR2021 MOR SPOSA","12800",10,"Nebim Kod: 26Y130MR2021İDG36","Diğer","",""
7684,"MR2021 MOR SPOSA","12800",10,"Nebim Kod: 26Y130MR2021İDG38","Diğer","",""
7685,"MR2021 MOR SPOSA","12800",10,"Nebim Kod: 26Y130MR2021İDG40","Diğer","",""
7686,"MR2022 MOR SPOSA","11800",10,"Nebim Kod: 26Y130MR2022BKR36","Diğer","",""
7687,"MR2022 MOR SPOSA","11800",10,"Nebim Kod: 26Y130MR2022BKR38","Diğer","",""
7688,"MR2022 MOR SPOSA","11800",10,"Nebim Kod: 26Y130MR2022BKR40","Diğer","",""
7689,"MR2022 MOR SPOSA","11800",10,"Nebim Kod: 26Y130MR2022LAC36","Diğer","",""
7690,"MR2022 MOR SPOSA","11800",10,"Nebim Kod: 26Y130MR2022LAC38","Diğer","",""
7691,"MR2022 MOR SPOSA","11800",10,"Nebim Kod: 26Y130MR2022LAC40","Diğer","",""
7692,"MR2022 MOR SPOSA","11800",10,"Nebim Kod: 26Y130MR2022MİN36","Diğer","",""
7693,"MR2022 MOR SPOSA","11800",10,"Nebim Kod: 26Y130MR2022MİN38","Diğer","",""
7694,"MR2022 MOR SPOSA","11800",10,"Nebim Kod: 26Y130MR2022MİN40","Diğer","",""
7695,"MR2022 MOR SPOSA","11800",10,"Nebim Kod: 26Y130MR2022PDR36","Diğer","",""
7696,"MR2022 MOR SPOSA","11800",10,"Nebim Kod: 26Y130MR2022PDR38","Diğer","",""
7697,"MR2022 MOR SPOSA","11800",10,"Nebim Kod: 26Y130MR2022PDR40","Diğer","",""
7698,"MR2022 MOR SPOSA","11800",10,"Nebim Kod: 26Y130MR2022SYH36","Diğer","",""
7699,"MR2022 MOR SPOSA","11800",10,"Nebim Kod: 26Y130MR2022SYH38","Diğer","",""
7700,"MR2022 MOR SPOSA","11800",10,"Nebim Kod: 26Y130MR2022SYH40","Diğer","",""
7701,"MR2023 MOR SPOSA","11800",10,"Nebim Kod: 26Y130MR2023EKR38","Diğer","",""
7702,"MR2023 MOR SPOSA","11800",10,"Nebim Kod: 26Y130MR2023EKR40","Diğer","",""
7703,"MR2023 MOR SPOSA","11800",10,"Nebim Kod: 26Y130MR2023EKR42","Diğer","",""
7704,"MR2023 MOR SPOSA","11800",10,"Nebim Kod: 26Y130MR2023KAH38","Diğer","",""
7705,"MR2023 MOR SPOSA","11800",10,"Nebim Kod: 26Y130MR2023KAH40","Diğer","",""
7706,"MR2023 MOR SPOSA","11800",10,"Nebim Kod: 26Y130MR2023KAH42","Diğer","",""
7707,"MR2023 MOR SPOSA","11800",10,"Nebim Kod: 26Y130MR2023LAC38","Diğer","",""
7708,"MR2023 MOR SPOSA","11800",10,"Nebim Kod: 26Y130MR2023LAC40","Diğer","",""
7709,"MR2023 MOR SPOSA","11800",10,"Nebim Kod: 26Y130MR2023LAC42","Diğer","",""
7710,"MR2023 MOR SPOSA","11800",10,"Nebim Kod: 26Y130MR2023MÜR38","Diğer","",""
7711,"MR2023 MOR SPOSA","11800",10,"Nebim Kod: 26Y130MR2023MÜR40","Diğer","",""
7712,"MR2023 MOR SPOSA","11800",10,"Nebim Kod: 26Y130MR2023MÜR42","Diğer","",""
7713,"MR2023 MOR SPOSA","11800",10,"Nebim Kod: 26Y130MR2023PDR38","Diğer","",""
7714,"MR2023 MOR SPOSA","11800",5,"Nebim Kod: 26Y130MR2023PDR40","Diğer","",""
7715,"MR2023 MOR SPOSA","11800",10,"Nebim Kod: 26Y130MR2023PDR42","Diğer","",""
7716,"MR2025 MOR SPOSA","16300",10,"Nebim Kod: 26Y130MR2025EKR38","Diğer","",""
7717,"MR2025 MOR SPOSA","16300",10,"Nebim Kod: 26Y130MR2025EKR40","Diğer","",""
7718,"MR2025 MOR SPOSA","16300",10,"Nebim Kod: 26Y130MR2025EKR42","Diğer","",""
7719,"MR2025 MOR SPOSA","16300",10,"Nebim Kod: 26Y130MR2025KAH38","Diğer","",""
7720,"MR2025 MOR SPOSA","16300",10,"Nebim Kod: 26Y130MR2025KAH40","Diğer","",""
7721,"MR2025 MOR SPOSA","16300",10,"Nebim Kod: 26Y130MR2025KAH42","Diğer","",""
7722,"MR2025 MOR SPOSA","16300",10,"Nebim Kod: 26Y130MR2025MÜR38","Diğer","",""
7723,"MR2025 MOR SPOSA","16300",10,"Nebim Kod: 26Y130MR2025MÜR40","Diğer","",""
7724,"MR2025 MOR SPOSA","16300",10,"Nebim Kod: 26Y130MR2025MÜR42","Diğer","",""
7725,"MR2026 MOR SPOSA","11800",10,"Nebim Kod: 26Y130MR2026ANT36","Diğer","",""
7726,"MR2026 MOR SPOSA","11800",10,"Nebim Kod: 26Y130MR2026ANT38","Diğer","",""
7727,"MR2026 MOR SPOSA","11800",9,"Nebim Kod: 26Y130MR2026ANT40","Diğer","",""
7728,"MR2026 MOR SPOSA","11800",10,"Nebim Kod: 26Y130MR2026BKR36","Diğer","",""
7729,"MR2026 MOR SPOSA","11800",2,"Nebim Kod: 26Y130MR2026BKR38","Diğer","",""
7730,"MR2026 MOR SPOSA","11800",10,"Nebim Kod: 26Y130MR2026BKR40","Diğer","",""
7731,"MR2026 MOR SPOSA","11800",0,"Nebim Kod: 26Y130MR2026SYH36","Diğer","",""
7732,"MR2026 MOR SPOSA","11800",9,"Nebim Kod: 26Y130MR2026SYH38","Diğer","",""
7733,"MR2026 MOR SPOSA","11800",10,"Nebim Kod: 26Y130MR2026SYH40","Diğer","",""
7734,"MR2026 MOR SPOSA","11800",10,"Nebim Kod: 26Y130MR2026TAŞ36","Diğer","",""
7735,"MR2026 MOR SPOSA","11800",10,"Nebim Kod: 26Y130MR2026TAŞ38","Diğer","",""
7736,"MR2026 MOR SPOSA","11800",10,"Nebim Kod: 26Y130MR2026TAŞ40","Diğer","",""
7737,"MR3435 MOR SPOSA","19500",10,"Nebim Kod: 26Y130MR3435BRD44","Diğer","",""
7738,"MR3435 MOR SPOSA","19500",10,"Nebim Kod: 26Y130MR3435BRD46","Diğer","",""
7739,"MR3435 MOR SPOSA","19500",10,"Nebim Kod: 26Y130MR3435BRD48","Diğer","",""
7740,"MR3435 MOR SPOSA","19500",10,"Nebim Kod: 26Y130MR3435SYH44","Diğer","",""
7741,"MR3435 MOR SPOSA","19500",10,"Nebim Kod: 26Y130MR3435SYH46","Diğer","",""
7742,"MR3435 MOR SPOSA","19500",10,"Nebim Kod: 26Y130MR3435SYH48","Diğer","",""
7743,"8779 STRADA","3499",250,"Nebim Kod: 26Y1318779","Diğer","",""
7744,"115 ANGORA","3999",10,"Nebim Kod: 26Y132115","Diğer","",""
7745,"4081 SAN FIORE","14999",60,"Nebim Kod: 26Y1334081","Diğer","",""
7746,"4317 SAN FIORE","7999",60,"Nebim Kod: 26Y1334317","Diğer","",""
7747,"4324 SAN FIORE","5999",150,"Nebim Kod: 26Y1334324","Diğer","",""
7748,"1207 LACRİMA","9999",60,"Nebim Kod: 26Y1381207","Diğer","",""
7749,"2005 LACRİMA","14999",80,"Nebim Kod: 26Y1382005","Diğer","",""
7750,"2020 LACRİMA","13799",120,"Nebim Kod: 26Y1382020","Diğer","",""
7751,"2022 LACRİMA","11899",120,"Nebim Kod: 26Y1382022","Diğer","",""
7752,"2030 LACRİMA","14999",40,"Nebim Kod: 26Y1382030","Diğer","",""
7753,"2147 LACRİMA","14399",90,"Nebim Kod: 26Y1382147","Diğer","",""
7754,"2150 LACRİMA","15699",90,"Nebim Kod: 26Y1382150","Diğer","",""
7755,"2183 LACRİMA","14999",60,"Nebim Kod: 26Y1382183","Diğer","",""
7756,"2184 LACRİMA","14999",80,"Nebim Kod: 26Y1382184","Diğer","",""
7757,"2187 LACRİMA","12499",120,"Nebim Kod: 26Y1382187","Diğer","",""
7758,"2191 LACRİMA","13199",60,"Nebim Kod: 26Y1382191","Diğer","",""
7759,"2702 LACRİMA","13199",160,"Nebim Kod: 26Y1382702","Diğer","",""
7760,"2703 LACRİMA","9999",160,"Nebim Kod: 26Y1382703","Diğer","",""
7761,"100 BALEN","5999",120,"Nebim Kod: 26Y140100","Diğer","",""
7762,"101 BALEN","4750",120,"Nebim Kod: 26Y140101","Diğer","",""
7763,"108 BALEN","4450",160,"Nebim Kod: 26Y140108","Diğer","",""
7764,"113 BALEN","6899",120,"Nebim Kod: 26Y140113","Diğer","",""
7765,"114 BALEN","4999",40,"Nebim Kod: 26Y140114","Diğer","",""
7766,"125 BALEN","5499",40,"Nebim Kod: 26Y140125","Diğer","",""
7767,"128 BALEN","6799",60,"Nebim Kod: 26Y140128","Diğer","",""
7768,"129 BALEN","5249",89,"Nebim Kod: 26Y140129","Diğer","",""
7769,"131 BALEN","5199",90,"Nebim Kod: 26Y140131","Diğer","",""
7770,"142 BALEN","6999",120,"Nebim Kod: 26Y140142","Diğer","",""
7771,"143 BALEN","6249",120,"Nebim Kod: 26Y140143","Diğer","",""
7772,"152 BALEN","8499",78,"Nebim Kod: 26Y140152","Diğer","",""
7773,"161 BALEN","9499",80,"Nebim Kod: 26Y140161","Elbise","",""
7774,"Straplez Kalp Yaka Yırtmaçlı Simli Abiye Elbise","5999.99",72,"Zarif beyazın sadeliğini, turkuazın enerjik ışıltısıyla buluşturan bu özel tasarım abiye elbise ile tüm bakışları üzerinize çekin. Kalp yaka detaylı, simli ve drapesel hareketlere sahip büstiyer tasarımı, üst bedeni kusursuzca sararken; yere kadar uzanan beyaz etek kısmı, derin yırtmaç detayıyla iddialı bir duruş sergiler. Mezuniyet, düğün veya özel davetlerde modern ve sofistike bir stil arayanlar için ideal bir tercihtir.

Öne Çıkan Özellikler:
Kumaş: Üst kısmı ışıltılı simli kumaş, etek kısmı dökümlü krep kumaş.
Yaka Tipi: Straplez, Kalp Yaka.
Tasarım Detayı: Göğüs kısmı drape detaylı, etek ucu derin yırtmaçlı.
Kalıp: Vücudu saran slim fit üst, aşağı doğru rahatlayan kesim.
Kullanım Alanı: Düğün, nişan, mezuniyet balosu, gece davetleri.","İndirimli Ürünler","",""
7775,"Straplez Yaka Tül Kol Detaylı Payetli Abiye","11499.99",144,"Gecenin en dikkat çekici silüeti olmaya hazır olun! Baştan aşağı yoğun payet işlemeleriyle tasarlanan bu özel abiye, her adımda göz kamaştıran bir ışıltı sunuyor. Vücudu kusursuzca saran balık (mermaid) formu ve zarif straplez kesimi, feminen hatlarınızı modern bir zarafetle ön plana çıkarır.

Teknik Detaylar & Özellikler:

Kumaş Türü: Tamamı ışıltılı payet işlemeli (İç göstermeyen astarlı yapı).

Kol Tipi: Omuzları açıkta bırakan, hacimli ve uzun tül kuyruklu tasarım kol detayları.

Yaka: Straplez / Kalp Yaka.

Kalıp: Vücudu saran Balık (Mermaid) model.

Kullanım Alanı: Nişan, kına gecesi, düğün, mezuniyet balosu ve gala yemekleri.

Stil Önerisi: Bu iddialı parçayı, saçlarınızı geriye doğru toplayarak ve minimal küpeler kullanarak tamamlayın; bırakın elbisenin ihtişamı konuşsun.
","İndirimli Ürünler","",""
7776,"Omuz ve Bel Kristal Püskül Detaylı Abiye Elbise","5999.99",144,"Modern kesimleri ışıltılı detaylarla buluşturan bu tasarım, sadeliğin içindeki iddiayı ortaya çıkarıyor. Omuzlarda ve bel oyuntusunda kullanılan hareketli kristal taş püsküller, tasarıma mücevher şıklığı katarken; belin iki yanındaki özel pencere (dekolte) detayları, belinizi olduğundan daha ince göstererek kusursuz bir kum saati silüeti yaratır.


Teknik Detaylar & Özellikler:

Tasarım Detayı: Omuz başlarında ve bel ortasında sallantılı kristal taş/püskül işlemeleri.

Kesim: Vücut hatlarını vurgulayan yan dekolteli (cut-out) tasarım.

Yaka Tipi: Bisiklet Yaka (Kapalı Yaka).

Etek Boyu: Yere kadar uzanan maxi boy.

Kumaş: Vücudu toparlayan, esnek ve dökümlü krep kumaş.

Kullanım Alanı: Kokteyl, mezuniyet, düğün davetlisi ve after-party.

Manken Notu: Görseldeki ürün tam kalıptır, kendi bedeninizi tercih edebilirsiniz.","İndirimli Ürünler","",""
7777,"Taş ve İnci Kemerli Halter Yaka Abiye Elbise","5999.99",36,"","İndirimli Ürünler","",""
7778,"Gül Tasarımlı Drapeli Uzun Abiye Elbise","5999.99",344,"","İndirimli Ürünler","",""
7779,"Peplum Detaylı Balık Abiye Elbise","12999.99",107,"","İndirimli Ürünler","",""
7780,"Taş İşlemeli Siyah Abiye Elbise","5999",108,"","İndirimli Ürünler","",""
7781,"Tek Omuz Asimetrik Çiçek Detaylı Abiye Elbise","5999",47,"","İndirimli Ürünler","",""
7782,"Straplez Degrade Taş İşlemeli ve Pliseli Etekli Elbise","19999.99",71,"","İndirimli Ürünler","",""
7783,"Kristal Taş İşlemeli Çiçek Desenli Saten Abiye Elbise","5999.99",36,"","İndirimli Ürünler","",""
7784,"25245 ODRELLA","10499",90,"Nebim Kod: 26Y00425245","Diğer","",""
7785,"25252 ODRELLA","8899",280,"Nebim Kod: 26Y00425252","Diğer","",""
7786,"25296 ODRELLA","11499",120,"Nebim Kod: 26Y00425296","Diğer","",""
7787,"25299 ODRELLA","9399",60,"Nebim Kod: 26Y00425299","Diğer","",""
7788,"25321 ODRELLA","9399",60,"Nebim Kod: 26Y00425321","Diğer","",""
7789,"25342 ODRELLA","8249",60,"Nebim Kod: 26Y00425342","Diğer","",""
7790,"25370B ODRELLA","6649",10,"Nebim Kod: 26Y00425370BBRD44","Diğer","",""
7791,"25370B ODRELLA","6649",10,"Nebim Kod: 26Y00425370BBRD46","Diğer","",""
7792,"25370B ODRELLA","6649",10,"Nebim Kod: 26Y00425370BSYH44","Diğer","",""
7793,"25370B ODRELLA","6649",10,"Nebim Kod: 26Y00425370BSYH46","Diğer","",""
7794,"25372 ODRELLA","8899",60,"Nebim Kod: 26Y00425372","Diğer","",""
7795,"25375 ODRELLA","13499",90,"Nebim Kod: 26Y00425375","Diğer","",""
7796,"400 ODRELLA","3399",30,"Nebim Kod: 26Y004400","Diğer","",""
7797,"401 ODRELLA","1650",30,"Nebim Kod: 26Y004401","Diğer","",""
7798,"402 ODRELLA","2999",10,"Nebim Kod: 26Y004402","Diğer","",""
7799,"403 ODRELLA","2249",20,"Nebim Kod: 26Y004403","Diğer","",""
7800,"404 ODRELLA","3999",20,"Nebim Kod: 26Y004404","Diğer","",""
7801,"406 ODRELLA","3399",20,"Nebim Kod: 26Y004406","Diğer","",""
7802,"408 ODRELLA","3399",20,"Nebim Kod: 26Y004408","Diğer","",""
7803,"411 ODRELLA","3499",20,"Nebim Kod: 26Y004411","Diğer","",""
7804,"414 ODRELLA","1899",20,"Nebim Kod: 26Y004414","Diğer","",""
7805,"416 ODRELLA","3599",20,"Nebim Kod: 26Y004416","Diğer","",""
7806,"425 ODRELLA","4399",20,"Nebim Kod: 26Y004425","Diğer","",""
7807,"427 ODRELLA","2499",10,"Nebim Kod: 26Y004427","Diğer","",""
7808,"428 ODRELLA","3999",20,"Nebim Kod: 26Y004428","Diğer","",""
7809,"429 ODRELLA","2499",20,"Nebim Kod: 26Y004429","Diğer","",""
7810,"7808 ODRELLA","8499",60,"Nebim Kod: 26Y0047808","Diğer","",""
7811,"7814 ODRELLA","6899",60,"Nebim Kod: 26Y0047814","Diğer","",""
7812,"7816 ODRELLA","5699",60,"Nebim Kod: 26Y0047816","Diğer","",""
7813,"7817 ODRELLA","8999",90,"Nebim Kod: 26Y0047817","Diğer","",""
7814,"7822 ODRELLA","8499",60,"Nebim Kod: 26Y0047822","Diğer","",""
7815,"7834 ODRELLA","9999",100,"Nebim Kod: 26Y0047834","Diğer","",""
7816,"7860 ODRELLA","9499",150,"Nebim Kod: 26Y0047860","Diğer","",""
7817,"7882 ODRELLA","9199",40,"Nebim Kod: 26Y0047882","Diğer","",""
7818,"7893 ODRELLA","7499",50,"Nebim Kod: 26Y0047893","Diğer","",""
7819,"7895 ODRELLA","12899",30,"Nebim Kod: 26Y0047895","Diğer","",""
7820,"7896 ODRELLA","12899",30,"Nebim Kod: 26Y0047896","Diğer","",""
7821,"7908 ODRELLA","12899",90,"Nebim Kod: 26Y0047908","Diğer","",""
7822,"7919 ODRELLA","13699",90,"Nebim Kod: 26Y0047919","Diğer","",""
7823,"7925 ODRELLA","7199",30,"Nebim Kod: 26Y0047925","Diğer","",""
7824,"7935 ODRELLA","13699",30,"Nebim Kod: 26Y0047935","Diğer","",""
7825,"7946 ODRELLA","8199",80,"Nebim Kod: 26Y0047946","Diğer","",""
7826,"7950 ODRELLA","7799",110,"Nebim Kod: 26Y0047950","Diğer","",""
7827,"7972 ODRELLA","14299",90,"Nebim Kod: 26Y0047972","Diğer","",""
7828,"7994 ODRELLA","8499",20,"Nebim Kod: 26Y0047994","Diğer","",""
7829,"8006 ODRELLA","8999",150,"Nebim Kod: 26Y0048006","Diğer","",""
7830,"8012 ODRELLA","9499",90,"Nebim Kod: 26Y0048012","Diğer","",""
7831,"8128 ODRELLA","10249",60,"Nebim Kod: 26Y0048128","Diğer","",""
7832,"8131 ODRELLA","11999",20,"Nebim Kod: 26Y0048131","Diğer","",""
7833,"8132 ODRELLA","10499",120,"Nebim Kod: 26Y0048132","Diğer","",""
7834,"8137 ODRELLA","12199",90,"Nebim Kod: 26Y0048137","Diğer","",""
7835,"8155 ODRELLA","11149",120,"Nebim Kod: 26Y0048155","Diğer","",""
7836,"8157 ODRELLA","11899",60,"Nebim Kod: 26Y0048157","Diğer","",""
7837,"8157B ODRELLA","18999",40,"Nebim Kod: 26Y0048157B","Diğer","",""
7838,"8161 ODRELLA","11499",90,"Nebim Kod: 26Y0048161","Diğer","",""
7839,"8177 ODRELLA","12899",30,"Nebim Kod: 26Y0048177","Diğer","",""
7840,"8180 ODRELLA","12899",90,"Nebim Kod: 26Y0048180","Diğer","",""
7841,"8181 ODRELLA","10999",90,"Nebim Kod: 26Y0048181","Diğer","",""
7842,"8182 ODRELLA","12899",90,"Nebim Kod: 26Y0048182","Diğer","",""
7843,"8194 ODRELLA","10399",60,"Nebim Kod: 26Y0048194","Diğer","",""
7844,"8198 ODRELLA","12199",60,"Nebim Kod: 26Y0048198","Diğer","",""
7845,"8202 ODRELLA","12699",90,"Nebim Kod: 26Y0048202","Diğer","",""
7846,"8205 ODRELLA","13649",90,"Nebim Kod: 26Y0048205","Diğer","",""
7847,"8208 ODRELLA","12699",30,"Nebim Kod: 26Y0048208","Diğer","",""
7848,"8209 ODRELLA","12599",60,"Nebim Kod: 26Y0048209","Diğer","",""
7849,"8218 ODRELLA","12199",60,"Nebim Kod: 26Y0048218","Diğer","",""
7850,"8226 ODRELLA","17899",90,"Nebim Kod: 26Y0048226","Diğer","",""
7851,"8237 ODRELLA","16749",60,"Nebim Kod: 26Y0048237","Diğer","",""
7852,"8238 ODRELLA","16749",60,"Nebim Kod: 26Y0048238","Diğer","",""
7853,"53953 MAXRA GOVANA","34449",40,"Nebim Kod: 26Y00653953","Diğer","",""
7854,"54553 MAXRA GOVANA","30499",50,"Nebim Kod: 26Y00654553","Diğer","",""
7855,"54753 MAXRA GOVANA","11499",120,"Nebim Kod: 26Y00654753","Diğer","",""
7856,"55097 MAXRA GOVANA","11999",40,"Nebim Kod: 26Y00655097","Diğer","",""
7857,"55472 MAXRA GOVANA","19299",50,"Nebim Kod: 26Y00655472","Diğer","",""
7858,"55814 MAXRA GOVANA","9649",40,"Nebim Kod: 26Y00655814","Diğer","",""
7859,"56149 MAXRA GOVANA","17099",30,"Nebim Kod: 26Y00656149","Diğer","",""
7860,"56355 MAXRA GOVANA","17099",40,"Nebim Kod: 26Y00656355","Diğer","",""
7861,"56395 MAXRA GOVANA","21999",90,"Nebim Kod: 26Y00656395","Diğer","",""
7862,"56430 MAXRA GOVANA","10399",80,"Nebim Kod: 26Y00656430","Diğer","",""
7863,"56460 MAXRA GOVANA","10999",100,"Nebim Kod: 26Y00656460","Diğer","",""
7864,"56515 MAXRA GOVANA","15899",70,"Nebim Kod: 26Y00656515","Diğer","",""
7865,"56538 MAXRA GOVANA","11999",130,"Nebim Kod: 26Y00656538","Diğer","",""
7866,"56548 MAXRA GOVANA","9499",120,"Nebim Kod: 26Y00656548","Diğer","",""
7867,"56562 MAXRA GOVANA","8549",60,"Nebim Kod: 26Y00656562","Diğer","",""
7868,"56570 MAXRA GOVANA","8549",60,"Nebim Kod: 26Y00656570","Diğer","",""
7869,"56574 MAXRA GOVANA","12799",90,"Nebim Kod: 26Y00656574","Diğer","",""
7870,"56604 MAXRA GOVANA","10999",30,"Nebim Kod: 26Y00656604","Diğer","",""
7871,"56605 MAXRA GOVANA","9149",120,"Nebim Kod: 26Y00656605","Diğer","",""
7872,"56635 MAXRA GOVANA","15899",150,"Nebim Kod: 26Y00656635","Diğer","",""
7873,"56649 MAXRA GOVANA","12199",170,"Nebim Kod: 26Y00656649","Diğer","",""
7874,"56662 MAXRA GOVANA","13449",20,"Nebim Kod: 26Y00656662","Diğer","",""
7875,"56670 MAXRA GOVANA","19549",70,"Nebim Kod: 26Y00656670","Diğer","",""
7876,"56676 MAXRA GOVANNA","12799",70,"Nebim Kod: 26Y00656676","Diğer","",""
7877,"56721 MAXRA GOVANA","10399",80,"Nebim Kod: 26Y00656721","Diğer","",""
7878,"56737 MAXRA GOVANA","10749",60,"Nebim Kod: 26Y00656737","Diğer","",""
7879,"56750 MAXRA GOVANA","9399",150,"Nebim Kod: 26Y00656750","Diğer","",""
7880,"56815 MAXRA GOVANA","11599",90,"Nebim Kod: 26Y00656815","Diğer","",""
7881,"56853 MAXRA GOVANA","17099",120,"Nebim Kod: 26Y00656853","Diğer","",""
7882,"56891 MAXRA GOVANA","11599",90,"Nebim Kod: 26Y00656891","Diğer","",""
7883,"56973 MAXRA GOVANA","14049",40,"Nebim Kod: 26Y00656973","Diğer","",""
7884,"57007 MAXRA GOVANA","18949",30,"Nebim Kod: 26Y00657007","Diğer","",""
7885,"57011 MAXRA GOVANA","10999",40,"Nebim Kod: 26Y00657011","Diğer","",""
7886,"57090 MAXRA GOVANA","14649",60,"Nebim Kod: 26Y00657090","Diğer","",""
7887,"57091 MAXRA GOVANA","15899",160,"Nebim Kod: 26Y00657091","Diğer","",""
7888,"57108 MAXRA GOVANA","9149",50,"Nebim Kod: 26Y00657108","Diğer","",""
7889,"57367 MAXRA GOVANNA","22599",40,"Nebim Kod: 26Y00657367","Diğer","",""
7890,"57424 MAXRA GOVANNA","21899",40,"Nebim Kod: 26Y00657424","Diğer","",""
7891,"57564 MAXRA GOVANNA","23999",80,"Nebim Kod: 26Y00657564","Diğer","",""
7892,"57570 MAXRA GOVANNA","19599",40,"Nebim Kod: 26Y00657570","Diğer","",""
7893,"57579 MAXRA GOVANNA","23999",20,"Nebim Kod: 26Y00657579","Diğer","",""
7894,"57644 MAXRA GOVANNA","21899",30,"Nebim Kod: 26Y00657644","Diğer","",""
7895,"57646 MAXRA GOVANNA","16599",120,"Nebim Kod: 26Y00657646","Diğer","",""
7896,"0766 FOR COSTUME","9999",60,"Nebim Kod: 26Y0090766","Diğer","",""
7897,"0783 FOR COSTUME","10999",90,"Nebim Kod: 26Y0090783","Diğer","",""
7898,"0799 FOR COSTUME","10999",60,"Nebim Kod: 26Y0090799","Diğer","",""
7899,"0802 FOR COSTUME","11249",30,"Nebim Kod: 26Y0090802","Diğer","",""
7900,"0815 FOR COSTUME","11999",30,"Nebim Kod: 26Y0090815","Diğer","",""
7901,"0832 FOR COSTUME","9249",30,"Nebim Kod: 26Y0090832","Diğer","",""
7902,"10032 FOR COSTUME","9999",80,"Nebim Kod: 26Y00910032","Diğer","",""
7903,"10119 FOR COSTUME","10249",60,"Nebim Kod: 26Y00910119","Diğer","",""
7904,"10203 FOR COSTUME","11249",80,"Nebim Kod: 26Y00910203","Diğer","",""
7905,"10209 FOR COSTUME","13499",40,"Nebim Kod: 26Y00910209","Diğer","",""
7906,"10240 FOR COSTUME","11799",40,"Nebim Kod: 26Y00910240","Diğer","",""
7907,"10302 FOR COSTUME","11799",90,"Nebim Kod: 26Y00910302","Diğer","",""
7908,"10312 FOR COSTUME","9749",60,"Nebim Kod: 26Y00910312","Diğer","",""
7909,"10350 FOR COSTUME","10299",60,"Nebim Kod: 26Y00910350","Diğer","",""
7910,"10381 FOR COSTUME","10499",80,"Nebim Kod: 26Y00910381","Diğer","",""
7911,"10409 FOR COSTUME","10049",40,"Nebim Kod: 26Y00910409","Diğer","",""
7912,"9315 FOR COSTUME","12999",120,"Nebim Kod: 26Y0099315","Diğer","",""
7913,"9949 FOR COSTUME","9999",80,"Nebim Kod: 26Y0099949","Diğer","",""
7914,"9977 FOR COSTUME","9499",120,"Nebim Kod: 26Y0099977","Diğer","",""
7915,"9983 FOR COSTUME","13999",30,"Nebim Kod: 26Y0099983","Diğer","",""
7916,"2339 POZDA POZ","5849",120,"Nebim Kod: 26Y0162339","Diğer","",""
7917,"2514 POZDA POZ","7349",40,"Nebim Kod: 26Y0162514","Diğer","",""
7918,"2534 POZDA POZ","7349",60,"Nebim Kod: 26Y0162534","Diğer","",""
7919,"2548 POZDA POZ","8849",60,"Nebim Kod: 26Y0162548","Diğer","",""
7920,"2574 POZDA POZ","11249",60,"Nebim Kod: 26Y0162574","Diğer","",""
7921,"2577 POZDA POZ","11849",60,"Nebim Kod: 26Y0162577","Diğer","",""
7922,"2580 POZDA POZ","8249",60,"Nebim Kod: 26Y0162580","Diğer","",""
7923,"3324 POZDA POZ","7049",40,"Nebim Kod: 26Y0163324","Diğer","",""
7924,"3350 POZDA POZ","4499",80,"Nebim Kod: 26Y0163350","Diğer","",""
7925,"3351 POZDA POZ","7499",20,"Nebim Kod: 26Y0163351","Diğer","",""
7926,"3352 POZDA POZ","7499",40,"Nebim Kod: 26Y0163352","Diğer","",""
7927,"3354 POZDA POZ","7049",40,"Nebim Kod: 26Y0163354","Diğer","",""
7928,"3357 POZDA POZ","5749",60,"Nebim Kod: 26Y0163357","Diğer","",""
7929,"3359 POZDA POZ","5749",60,"Nebim Kod: 26Y0163359","Diğer","",""
7930,"3360 POZDA POZ","4899",40,"Nebim Kod: 26Y0163360","Diğer","",""
7931,"3361 POZDA POZ","3749",60,"Nebim Kod: 26Y0163361","Diğer","",""
7932,"3363 POZDA POZ","4899",60,"Nebim Kod: 26Y0163363","Diğer","",""
7933,"3364 POZDA POZ","4899",60,"Nebim Kod: 26Y0163364","Diğer","",""
7934,"3366 POZDA POZ","4499",60,"Nebim Kod: 26Y0163366","Diğer","",""
7935,"3367 POZDA POZ","5499",60,"Nebim Kod: 26Y0163367","Diğer","",""
7936,"3371 POZDA POZ","4379",60,"Nebim Kod: 26Y0163371","Diğer","",""
7937,"3373 POZDA POZ","6249",80,"Nebim Kod: 26Y0163373","Diğer","",""
7938,"3374 POZDA POZ","5629",60,"Nebim Kod: 26Y0163374","Diğer","",""
7939,"3376 POZDA POZ","5629",80,"Nebim Kod: 26Y0163376","Diğer","",""
7940,"3378 POZDA POZ","4899",60,"Nebim Kod: 26Y0163378","Diğer","",""
7941,"3388 POZDA POZ","4899",60,"Nebim Kod: 26Y0163388","Diğer","",""
7942,"3391 POZDA POZ","6249",60,"Nebim Kod: 26Y0163391","Diğer","",""
7943,"3392 POZDA POZ","4249",60,"Nebim Kod: 26Y0163392","Diğer","",""
7944,"4030 POZDA POZ","5549",120,"Nebim Kod: 26Y0164030","Diğer","",""
7945,"4041 POZDA POZ","8249",60,"Nebim Kod: 26Y0164041","Diğer","",""
7946,"4050 POZDA POZ","6299",40,"Nebim Kod: 26Y0164050","Diğer","",""
7947,"4051 POZDA POZ","5549",90,"Nebim Kod: 26Y0164051","Diğer","",""
7948,"4060 POZDA POZ","6749",90,"Nebim Kod: 26Y0164060","Diğer","",""
7949,"4063 POZDA POZ","4899",60,"Nebim Kod: 26Y0164063","Diğer","",""
7950,"4067 POZDA POZ","9749",50,"Nebim Kod: 26Y0164067","Diğer","",""
7951,"4068 POZDA POZ","11249",60,"Nebim Kod: 26Y0164068","Diğer","",""
7952,"5002 POZDA POZ","8249",60,"Nebim Kod: 26Y0165002","Diğer","",""
7953,"7101 POZDA POZ","8549",20,"Nebim Kod: 26Y0167101","Diğer","",""
7954,"7103 POZDA POZ","10499",20,"Nebim Kod: 26Y0167103","Diğer","",""
7955,"7107 POZDA POZ","8549",20,"Nebim Kod: 26Y0167107","Diğer","",""
7956,"8026 POZDA POZ","14849",50,"Nebim Kod: 26Y0168026","Diğer","",""
7957,"8029 POZDA POZ","14849",60,"Nebim Kod: 26Y0168029","Diğer","",""
7958,"8031 POZDA POZ","14849",60,"Nebim Kod: 26Y0168031","Diğer","",""
7959,"8032 POZDA POZ","16499",90,"Nebim Kod: 26Y0168032","Diğer","",""
7960,"8034 POZDA POZ","16499",40,"Nebim Kod: 26Y0168034","Diğer","",""
7961,"8040 POZDA POZ","17399",20,"Nebim Kod: 26Y0168040","Diğer","",""
7962,"5025 ALİNCE","7999",80,"Nebim Kod: 26Y0185025","Diğer","",""
7963,"5025K ALİNCE","7999",80,"Nebim Kod: 26Y0185025K","Diğer","",""
7964,"5025K ALİNCE","7999",40,"Nebim Kod: 26Y0185025k","Diğer","",""
7965,"5101 ALİNÇE","6249",120,"Nebim Kod: 26Y0185101","Diğer","",""
7966,"5102 ALİNÇE","6749",80,"Nebim Kod: 26Y0185102","Diğer","",""
7967,"5103 ALİNÇE","5499",80,"Nebim Kod: 26Y0185103","Diğer","",""
7968,"5107 ALİNÇE","5499",80,"Nebim Kod: 26Y0185107","Diğer","",""
7969,"5110 ALİNÇE","5499",120,"Nebim Kod: 26Y0185110","Diğer","",""
7970,"5112 ALİNÇE","6249",120,"Nebim Kod: 26Y0185112","Diğer","",""
7971,"5116 ALİNÇE","5749",120,"Nebim Kod: 26Y0185116","Diğer","",""
7972,"5118 ALİNÇE","5999",80,"Nebim Kod: 26Y0185118","Diğer","",""
7973,"5119 ALİNÇE","5999",120,"Nebim Kod: 26Y0185119","Diğer","",""
7974,"5120 ALİNÇE","5999",120,"Nebim Kod: 26Y0185120","Diğer","",""
7975,"5121 ALİNÇE","7249",120,"Nebim Kod: 26Y0185121","Diğer","",""
7976,"5126 ALİNÇE","7249",120,"Nebim Kod: 26Y0185126","Diğer","",""
7977,"5127 ALİNÇE","6249",120,"Nebim Kod: 26Y0185127","Diğer","",""
7978,"5128 ALİNÇE","5499",80,"Nebim Kod: 26Y0185128","Diğer","",""
7979,"5129 ALİNÇE","5499",120,"Nebim Kod: 26Y0185129","Diğer","",""
7980,"5130 ALİNÇE","5749",80,"Nebim Kod: 26Y0185130","Diğer","",""
7981,"5131 ALİNÇE","5499",80,"Nebim Kod: 26Y0185131","Diğer","",""
7982,"5132 ALİNÇE","5499",160,"Nebim Kod: 26Y0185132","Diğer","",""
7983,"5135 ALİNÇE","6499",120,"Nebim Kod: 26Y0185135","Diğer","",""
7984,"5136 ALİNÇE","5499",40,"Nebim Kod: 26Y0185136","Diğer","",""
7985,"5137 ALİNÇE","5999",80,"Nebim Kod: 26Y0185137","Diğer","",""
7986,"5139 ALİNÇE","5499",120,"Nebim Kod: 26Y0185139","Diğer","",""
7987,"396 ÖMÜRİNN","17700",120,"Nebim Kod: 26Y021396","Diğer","",""
7988,"584 ÖMÜR İNN","23600",210,"Nebim Kod: 26Y021584","Diğer","",""
7989,"6009 RENGİN","10799",160,"Nebim Kod: 26Y0716009","Diğer","",""
7990,"6191 RENGİN","10799",120,"Nebim Kod: 26Y0716191","Diğer","",""
7991,"6340 RENGİN","10799",60,"Nebim Kod: 26Y0716340","Diğer","",""
7992,"6349 RENGİN","20599",100,"Nebim Kod: 26Y0716349","Diğer","",""
7993,"6353 RENGİN","17999",120,"Nebim Kod: 26Y0716353","Diğer","",""
7994,"6357 RENGİN","14599",40,"Nebim Kod: 26Y0716357","Diğer","",""
7995,"6378 RENGİN","7599",40,"Nebim Kod: 26Y0716378","Diğer","",""
7996,"6380 RENGİN","7599",80,"Nebim Kod: 26Y0716380","Diğer","",""
7997,"6387 RENGİN","13199",80,"Nebim Kod: 26Y0716387","Diğer","",""
7998,"6397 RENGİN","27899",80,"Nebim Kod: 26Y0716397","Diğer","",""
7999,"6402 RENGİN","29699",80,"Nebim Kod: 26Y0716402","Diğer","",""
8000,"7012 RENGİN","11699",80,"Nebim Kod: 26Y0717012","Diğer","",""
8001,"1819 EVVEL TEKSTİL","16099",90,"Nebim Kod: 26Y0801819","Diğer","",""
8002,"1836 EVVEL TEKSTİL","16799",60,"Nebim Kod: 26Y0801836","Diğer","",""
8003,"1859 EVVEL TEKSTİL","11599",90,"Nebim Kod: 26Y0801859","Diğer","",""
8004,"1932 EVVEL TEKSTİL","10699",120,"Nebim Kod: 26Y0801932","Diğer","",""
8005,"1944 EVVEL TEKSTİL","12299",90,"Nebim Kod: 26Y0801944","Diğer","",""
8006,"1951 EVVEL TEKSTİL","16099",60,"Nebim Kod: 26Y0801951","Diğer","",""
8007,"1963 EVVEL TEKSTİL","14399",30,"Nebim Kod: 26Y0801963","Diğer","",""
8008,"1971 EVVEL TEKSTİL","12299",120,"Nebim Kod: 26Y0801971","Diğer","",""
8009,"1976 EVVEL TEKSTİL","15549",90,"Nebim Kod: 26Y0801976","Diğer","",""
8010,"1978 EVVEL TEKSTİL","11949",60,"Nebim Kod: 26Y0801978","Diğer","",""
8011,"1979 EVVEL TEKSTİL","14399",60,"Nebim Kod: 26Y0801979","Diğer","",""
8012,"1992 EVVEL TEKSTİL","14849",30,"Nebim Kod: 26Y0801992","Diğer","",""
8013,"2006 EVVEL TEKSTİL","21699",90,"Nebim Kod: 26Y0802006","Diğer","",""
8014,"2025 EVVEL TEKSTİL","17099",30,"Nebim Kod: 26Y0802025","Diğer","",""
8015,"2040 EVVEL TEKSTİL","16099",60,"Nebim Kod: 26Y0802040","Diğer","",""
8016,"2043 EVVEL TEKSTİL","15649",100,"Nebim Kod: 26Y0802043","Diğer","",""
8017,"2049 EVVEL TEKSTİL","18599",40,"Nebim Kod: 26Y0802049","Diğer","",""
8018,"2050 EVVEL TEKSTİL","25299",40,"Nebim Kod: 26Y0802050","Diğer","",""
8019,"2056 EVVEL TEKSTİL","9699",60,"Nebim Kod: 26Y0802056","Diğer","",""
8020,"2063 EVVEL TEKSTİL","17549",120,"Nebim Kod: 26Y0802063","Diğer","",""
8021,"2074 EVVEL TEKSTİL","10699",30,"Nebim Kod: 26Y0802074","Diğer","",""
8022,"2076 EVVEL TEKSTİL","15649",120,"Nebim Kod: 26Y0802076","Diğer","",""
8023,"2089 EVVEL TEKSTİL","28899",60,"Nebim Kod: 26Y0802089","Diğer","",""
8024,"2124 EVVEL TEKSTİL","14099",60,"Nebim Kod: 26Y0802124","Diğer","",""
8025,"2156 EVVEL TEKSTİL","17549",60,"Nebim Kod: 26Y0802156","Diğer","",""
8026,"2173 EVVEL TEKSTİL","15649",90,"Nebim Kod: 26Y0802173","Diğer","",""
8027,"2204 EVVEL TEKSTİL","11149",60,"Nebim Kod: 26Y0802204","Diğer","",""
8028,"2209 EVVEL TEKSTİL","17899",30,"Nebim Kod: 26Y0802209","Diğer","",""
8029,"5062 DORİ DORCA","5799",150,"Nebim Kod: 26Y0895062","Diğer","",""
8030,"6030 DORİ DORCA","9299",50,"Nebim Kod: 26Y0896030","Diğer","",""
8031,"6103 DORİ DORCA","8799",30,"Nebim Kod: 26Y0896103","Diğer","",""
8032,"6133 DORİ DORCA","9299",80,"Nebim Kod: 26Y0896133","Diğer","",""
8033,"7036 DORİ DORCA","8799",60,"Nebim Kod: 26Y0897036","Diğer","",""
8034,"7050 DORİ DORCA","8799",50,"Nebim Kod: 26Y0897050","Diğer","",""
8035,"7053 DORİ DORCA","6299",30,"Nebim Kod: 26Y0897053","Diğer","",""
8036,"7057 DORİ DORCA","6299",60,"Nebim Kod: 26Y0897057","Diğer","",""
8037,"7065 DORİ DORCA","7499",60,"Nebim Kod: 26Y0897065","Diğer","",""
8038,"7121 DORİ DORCA","9299",60,"Nebim Kod: 26Y0897121","Diğer","",""
8039,"7122 DORİ DORCA","7499",30,"Nebim Kod: 26Y0897122","Diğer","",""
8040,"7132 DORİ DORCA","7499",30,"Nebim Kod: 26Y0897132","Diğer","",""
8041,"7135 DORİ DORCA","8299",60,"Nebim Kod: 26Y0897135","Diğer","",""
8042,"7147 DORİ DORCA","6899",90,"Nebim Kod: 26Y0897147","Diğer","",""
8043,"3280 YENİ TREND","8249",40,"Nebim Kod: 26Y1053280","Diğer","",""
8044,"4465 ALURRE","9999",70,"Nebim Kod: 26Y1164465","Diğer","",""
8045,"4523 ALURRE","10749",120,"Nebim Kod: 26Y1164523","Diğer","",""
8046,"4546 ALURRE","10599",80,"Nebim Kod: 26Y1164546","Diğer","",""
8047,"4558 ALURRE","11249",130,"Nebim Kod: 26Y1164558","Diğer","",""
8048,"4563 ALURRE","9999",120,"Nebim Kod: 26Y1164563","Diğer","",""
8049,"4564 ALURRE","12499",160,"Nebim Kod: 26Y1164564","Diğer","",""
8050,"3467 OMNİA","5699",90,"Nebim Kod: 26Y1233467","Diğer","",""
8051,"3472 OMNİA","6899",80,"Nebim Kod: 26Y1233472","Diğer","",""
8052,"3474 OMNİA","6899",80,"Nebim Kod: 26Y1233474","Diğer","",""
8053,"7033 OMNİA","3499",30,"Nebim Kod: 26Y1237033","Diğer","",""
8054,"İM117 MOR SPOSA","36800",60,"Nebim Kod: 26Y130İM117","Diğer","",""
8055,"MR0275 MOR SPOSA","14500",10,"Nebim Kod: 26Y130MR0275GMS38","Diğer","",""
8056,"MR0275 MOR SPOSA","14500",10,"Nebim Kod: 26Y130MR0275GMS40","Diğer","",""
8057,"MR0275 MOR SPOSA","14500",10,"Nebim Kod: 26Y130MR0275GMS42","Diğer","",""
8058,"MR0390 MOR SPOSA","16300",10,"Nebim Kod: 26Y130MR0390BKR38","Diğer","",""
8059,"MR0390 MOR SPOSA","16300",10,"Nebim Kod: 26Y130MR0390BKR40","Diğer","",""
8060,"MR0390 MOR SPOSA","16300",10,"Nebim Kod: 26Y130MR0390BKR42","Diğer","",""
8061,"MR0390 MOR SPOSA","16300",10,"Nebim Kod: 26Y130MR0390ZEY38","Diğer","",""
8062,"MR0390 MOR SPOSA","16300",10,"Nebim Kod: 26Y130MR0390ZEY40","Diğer","",""
8063,"MR0390 MOR SPOSA","16300",10,"Nebim Kod: 26Y130MR0390ZEY42","Diğer","",""
8064,"MR0407 MOR SPOSA","22800",10,"Nebim Kod: 26Y130MR0407SYH38","Diğer","",""
8065,"MR0407 MOR SPOSA","22800",10,"Nebim Kod: 26Y130MR0407SYH40","Diğer","",""
8066,"MR0407 MOR SPOSA","22800",10,"Nebim Kod: 26Y130MR0407SYH42","Diğer","",""
8067,"MR0409 MOR SPOSA","15000",10,"Nebim Kod: 26Y130MR0409SYH38","Diğer","",""
8068,"MR0409 MOR SPOSA","15000",10,"Nebim Kod: 26Y130MR0409SYH40","Diğer","",""
8069,"MR0409 MOR SPOSA","15000",10,"Nebim Kod: 26Y130MR0409SYH42","Diğer","",""
8070,"MR0439 MOR SPOSA","28300",10,"Nebim Kod: 26Y130MR0439KRM38","Diğer","",""
8071,"MR0439 MOR SPOSA","28300",10,"Nebim Kod: 26Y130MR0439KRM40","Diğer","",""
8072,"MR0439 MOR SPOSA","28300",10,"Nebim Kod: 26Y130MR0439KRM42","Diğer","",""
8073,"MR0471 MOR SPOSA","23500",10,"Nebim Kod: 26Y130MR0471SYG38","Diğer","",""
8074,"MR0471 MOR SPOSA","23500",10,"Nebim Kod: 26Y130MR0471SYG40","Diğer","",""
8075,"MR0471 MOR SPOSA","23500",10,"Nebim Kod: 26Y130MR0471SYG42","Diğer","",""
8076,"MR0474 MOR SPOSA","23500",10,"Nebim Kod: 26Y130MR0474SYG38","Diğer","",""
8077,"MR0474 MOR SPOSA","23500",10,"Nebim Kod: 26Y130MR0474SYG40","Diğer","",""
8078,"MR0474 MOR SPOSA","23500",10,"Nebim Kod: 26Y130MR0474SYG42","Diğer","",""
8079,"MR0487 MOR SPOSA","19300",10,"Nebim Kod: 26Y130MR0487KAH38","Diğer","",""
8080,"MR0487 MOR SPOSA","19300",10,"Nebim Kod: 26Y130MR0487KAH40","Diğer","",""
8081,"MR0487 MOR SPOSA","19300",10,"Nebim Kod: 26Y130MR0487KAH42","Diğer","",""
8082,"MR0489 MOR SPOSA","25300",10,"Nebim Kod: 26Y130MR0489BRD38","Diğer","",""
8083,"MR0489 MOR SPOSA","25300",10,"Nebim Kod: 26Y130MR0489BRD40","Diğer","",""
8084,"MR0489 MOR SPOSA","25300",10,"Nebim Kod: 26Y130MR0489BRD42","Diğer","",""
8085,"MR0489 MOR SPOSA","25300",10,"Nebim Kod: 26Y130MR0489HAK38","Diğer","",""
8086,"MR0489 MOR SPOSA","25300",10,"Nebim Kod: 26Y130MR0489HAK40","Diğer","",""
8087,"MR0489 MOR SPOSA","25300",10,"Nebim Kod: 26Y130MR0489HAK42","Diğer","",""
8088,"MR0491 MOR SPOSA","23500",10,"Nebim Kod: 26Y130MR0491SYG40","Diğer","",""
8089,"MR0491 MOR SPOSA","23500",10,"Nebim Kod: 26Y130MR0491SYG42","Diğer","",""
8090,"MR0491 MOR SPOSA","23500",10,"Nebim Kod: 26Y130MR0491SYG44","Diğer","",""
8091,"MR0497 MOR SPOSA","18500",10,"Nebim Kod: 26Y130MR0497EKR38","Diğer","",""
8092,"MR0497 MOR SPOSA","18500",10,"Nebim Kod: 26Y130MR0497EKR40","Diğer","",""
8093,"MR0497 MOR SPOSA","18500",10,"Nebim Kod: 26Y130MR0497EKR42","Diğer","",""
8094,"MR0499 MOR SPOSA","17500",10,"Nebim Kod: 26Y130MR0499EKR38","Diğer","",""
8095,"MR0499 MOR SPOSA","17500",10,"Nebim Kod: 26Y130MR0499EKR40","Diğer","",""
8096,"MR0499 MOR SPOSA","17500",10,"Nebim Kod: 26Y130MR0499EKR42","Diğer","",""
8097,"MR0500 MOR SPOSA","18500",10,"Nebim Kod: 26Y130MR0500EKR38","Diğer","",""
8098,"MR0500 MOR SPOSA","18500",10,"Nebim Kod: 26Y130MR0500EKR40","Diğer","",""
8099,"MR0500 MOR SPOSA","18500",10,"Nebim Kod: 26Y130MR0500EKR42","Diğer","",""
8100,"MR0502 MOR SPOSA","18500",10,"Nebim Kod: 26Y130MR0502EKR38","Diğer","",""
8101,"MR0502 MOR SPOSA","18500",10,"Nebim Kod: 26Y130MR0502EKR40","Diğer","",""
8102,"MR0502 MOR SPOSA","18500",10,"Nebim Kod: 26Y130MR0502EKR42","Diğer","",""
8103,"MR0502 MOR SPOSA","18500",10,"Nebim Kod: 26Y130MR0502SYH38","Diğer","",""
8104,"MR0502 MOR SPOSA","18500",10,"Nebim Kod: 26Y130MR0502SYH40","Diğer","",""
8105,"MR0502 MOR SPOSA","18500",10,"Nebim Kod: 26Y130MR0502SYH42","Diğer","",""
8106,"MR0507 MOR SPOSA","19800",10,"Nebim Kod: 26Y130MR0507EKR38","Diğer","",""
8107,"MR0507 MOR SPOSA","19800",10,"Nebim Kod: 26Y130MR0507EKR40","Diğer","",""
8108,"MR0507 MOR SPOSA","19800",10,"Nebim Kod: 26Y130MR0507EKR42","Diğer","",""
8109,"MR0508 MOR SPOSA","22300",10,"Nebim Kod: 26Y130MR0508ŞMP38","Diğer","",""
8110,"MR0508 MOR SPOSA","22300",10,"Nebim Kod: 26Y130MR0508ŞMP40","Diğer","",""
8111,"MR0508 MOR SPOSA","22300",10,"Nebim Kod: 26Y130MR0508ŞMP42","Diğer","",""
8112,"MR2021 MOR SPOSA","12800",10,"Nebim Kod: 26Y130MR2021İDG36","Diğer","",""
8113,"MR2021 MOR SPOSA","12800",10,"Nebim Kod: 26Y130MR2021İDG38","Diğer","",""
8114,"MR2021 MOR SPOSA","12800",10,"Nebim Kod: 26Y130MR2021İDG40","Diğer","",""
8115,"MR2022 MOR SPOSA","11800",10,"Nebim Kod: 26Y130MR2022BKR36","Diğer","",""
8116,"MR2022 MOR SPOSA","11800",10,"Nebim Kod: 26Y130MR2022BKR38","Diğer","",""
8117,"MR2022 MOR SPOSA","11800",10,"Nebim Kod: 26Y130MR2022BKR40","Diğer","",""
8118,"MR2022 MOR SPOSA","11800",10,"Nebim Kod: 26Y130MR2022LAC36","Diğer","",""
8119,"MR2022 MOR SPOSA","11800",10,"Nebim Kod: 26Y130MR2022LAC38","Diğer","",""
8120,"MR2022 MOR SPOSA","11800",10,"Nebim Kod: 26Y130MR2022LAC40","Diğer","",""
8121,"MR2022 MOR SPOSA","11800",10,"Nebim Kod: 26Y130MR2022MİN36","Diğer","",""
8122,"MR2022 MOR SPOSA","11800",10,"Nebim Kod: 26Y130MR2022MİN38","Diğer","",""
8123,"MR2022 MOR SPOSA","11800",10,"Nebim Kod: 26Y130MR2022MİN40","Diğer","",""
8124,"MR2022 MOR SPOSA","11800",10,"Nebim Kod: 26Y130MR2022PDR36","Diğer","",""
8125,"MR2022 MOR SPOSA","11800",10,"Nebim Kod: 26Y130MR2022PDR38","Diğer","",""
8126,"MR2022 MOR SPOSA","11800",10,"Nebim Kod: 26Y130MR2022PDR40","Diğer","",""
8127,"MR2022 MOR SPOSA","11800",10,"Nebim Kod: 26Y130MR2022SYH36","Diğer","",""
8128,"MR2022 MOR SPOSA","11800",10,"Nebim Kod: 26Y130MR2022SYH38","Diğer","",""
8129,"MR2022 MOR SPOSA","11800",10,"Nebim Kod: 26Y130MR2022SYH40","Diğer","",""
8130,"MR2023 MOR SPOSA","11800",10,"Nebim Kod: 26Y130MR2023EKR38","Diğer","",""
8131,"MR2023 MOR SPOSA","11800",10,"Nebim Kod: 26Y130MR2023EKR40","Diğer","",""
8132,"MR2023 MOR SPOSA","11800",10,"Nebim Kod: 26Y130MR2023EKR42","Diğer","",""
8133,"MR2023 MOR SPOSA","11800",10,"Nebim Kod: 26Y130MR2023KAH38","Diğer","",""
8134,"MR2023 MOR SPOSA","11800",10,"Nebim Kod: 26Y130MR2023KAH40","Diğer","",""
8135,"MR2023 MOR SPOSA","11800",10,"Nebim Kod: 26Y130MR2023KAH42","Diğer","",""
8136,"MR2023 MOR SPOSA","11800",10,"Nebim Kod: 26Y130MR2023LAC38","Diğer","",""
8137,"MR2023 MOR SPOSA","11800",10,"Nebim Kod: 26Y130MR2023LAC40","Diğer","",""
8138,"MR2023 MOR SPOSA","11800",10,"Nebim Kod: 26Y130MR2023LAC42","Diğer","",""
8139,"MR2023 MOR SPOSA","11800",10,"Nebim Kod: 26Y130MR2023MÜR38","Diğer","",""
8140,"MR2023 MOR SPOSA","11800",10,"Nebim Kod: 26Y130MR2023MÜR40","Diğer","",""
8141,"MR2023 MOR SPOSA","11800",10,"Nebim Kod: 26Y130MR2023MÜR42","Diğer","",""
8142,"MR2023 MOR SPOSA","11800",10,"Nebim Kod: 26Y130MR2023PDR38","Diğer","",""
8143,"MR2023 MOR SPOSA","11800",10,"Nebim Kod: 26Y130MR2023PDR40","Diğer","",""
8144,"MR2023 MOR SPOSA","11800",10,"Nebim Kod: 26Y130MR2023PDR42","Diğer","",""
8145,"MR2025 MOR SPOSA","16300",10,"Nebim Kod: 26Y130MR2025EKR38","Diğer","",""
8146,"MR2025 MOR SPOSA","16300",10,"Nebim Kod: 26Y130MR2025EKR40","Diğer","",""
8147,"MR2025 MOR SPOSA","16300",10,"Nebim Kod: 26Y130MR2025EKR42","Diğer","",""
8148,"MR2025 MOR SPOSA","16300",10,"Nebim Kod: 26Y130MR2025KAH38","Diğer","",""
8149,"MR2025 MOR SPOSA","16300",10,"Nebim Kod: 26Y130MR2025KAH40","Diğer","",""
8150,"MR2025 MOR SPOSA","16300",10,"Nebim Kod: 26Y130MR2025KAH42","Diğer","",""
8151,"MR2025 MOR SPOSA","16300",10,"Nebim Kod: 26Y130MR2025MÜR38","Diğer","",""
8152,"MR2025 MOR SPOSA","16300",10,"Nebim Kod: 26Y130MR2025MÜR40","Diğer","",""
8153,"MR2025 MOR SPOSA","16300",10,"Nebim Kod: 26Y130MR2025MÜR42","Diğer","",""
8154,"MR2026 MOR SPOSA","11800",10,"Nebim Kod: 26Y130MR2026ANT36","Diğer","",""
8155,"MR2026 MOR SPOSA","11800",10,"Nebim Kod: 26Y130MR2026ANT38","Diğer","",""
8156,"MR2026 MOR SPOSA","11800",10,"Nebim Kod: 26Y130MR2026ANT40","Diğer","",""
8157,"MR2026 MOR SPOSA","11800",10,"Nebim Kod: 26Y130MR2026BKR36","Diğer","",""
8158,"MR2026 MOR SPOSA","11800",10,"Nebim Kod: 26Y130MR2026BKR38","Diğer","",""
8159,"MR2026 MOR SPOSA","11800",10,"Nebim Kod: 26Y130MR2026BKR40","Diğer","",""
8160,"MR2026 MOR SPOSA","11800",10,"Nebim Kod: 26Y130MR2026SYH36","Diğer","",""
8161,"MR2026 MOR SPOSA","11800",10,"Nebim Kod: 26Y130MR2026SYH38","Diğer","",""
8162,"MR2026 MOR SPOSA","11800",10,"Nebim Kod: 26Y130MR2026SYH40","Diğer","",""
8163,"MR2026 MOR SPOSA","11800",10,"Nebim Kod: 26Y130MR2026TAŞ36","Diğer","",""
8164,"MR2026 MOR SPOSA","11800",10,"Nebim Kod: 26Y130MR2026TAŞ38","Diğer","",""
8165,"MR2026 MOR SPOSA","11800",10,"Nebim Kod: 26Y130MR2026TAŞ40","Diğer","",""
8166,"MR3435 MOR SPOSA","19500",10,"Nebim Kod: 26Y130MR3435BRD44","Diğer","",""
8167,"MR3435 MOR SPOSA","19500",10,"Nebim Kod: 26Y130MR3435BRD46","Diğer","",""
8168,"MR3435 MOR SPOSA","19500",10,"Nebim Kod: 26Y130MR3435BRD48","Diğer","",""
8169,"MR3435 MOR SPOSA","19500",10,"Nebim Kod: 26Y130MR3435SYH44","Diğer","",""
8170,"MR3435 MOR SPOSA","19500",10,"Nebim Kod: 26Y130MR3435SYH46","Diğer","",""
8171,"MR3435 MOR SPOSA","19500",10,"Nebim Kod: 26Y130MR3435SYH48","Diğer","",""
8172,"8779 STRADA","3499",250,"Nebim Kod: 26Y1318779","Diğer","",""
8173,"115 ANGORA","3999",10,"Nebim Kod: 26Y132115","Diğer","",""
8174,"4081 SAN FIORE","14999",60,"Nebim Kod: 26Y1334081","Diğer","",""
8175,"4317 SAN FIORE","7999",60,"Nebim Kod: 26Y1334317","Diğer","",""
8176,"4324 SAN FIORE","5999",150,"Nebim Kod: 26Y1334324","Diğer","",""
8177,"1207 LACRİMA","9999",60,"Nebim Kod: 26Y1381207","Diğer","",""
8178,"2005 LACRİMA","14999",80,"Nebim Kod: 26Y1382005","Diğer","",""
8179,"2020 LACRİMA","13799",120,"Nebim Kod: 26Y1382020","Diğer","",""
8180,"2022 LACRİMA","11899",120,"Nebim Kod: 26Y1382022","Diğer","",""
8181,"2030 LACRİMA","14999",40,"Nebim Kod: 26Y1382030","Diğer","",""
8182,"2147 LACRİMA","14399",90,"Nebim Kod: 26Y1382147","Diğer","",""
8183,"2150 LACRİMA","15699",90,"Nebim Kod: 26Y1382150","Diğer","",""
8184,"2183 LACRİMA","14999",60,"Nebim Kod: 26Y1382183","Diğer","",""
8185,"2184 LACRİMA","14999",80,"Nebim Kod: 26Y1382184","Diğer","",""
8186,"2187 LACRİMA","12499",120,"Nebim Kod: 26Y1382187","Diğer","",""
8187,"2191 LACRİMA","13199",60,"Nebim Kod: 26Y1382191","Diğer","",""
8188,"2702 LACRİMA","13199",160,"Nebim Kod: 26Y1382702","Diğer","",""
8189,"2703 LACRİMA","9999",160,"Nebim Kod: 26Y1382703","Diğer","",""
8190,"100 BALEN","5999",120,"Nebim Kod: 26Y140100","Diğer","",""
8191,"101 BALEN","4750",120,"Nebim Kod: 26Y140101","Diğer","",""
8192,"108 BALEN","4450",160,"Nebim Kod: 26Y140108","Diğer","",""
8193,"113 BALEN","6899",120,"Nebim Kod: 26Y140113","Diğer","",""
8194,"114 BALEN","4999",40,"Nebim Kod: 26Y140114","Diğer","",""
8195,"125 BALEN","5499",40,"Nebim Kod: 26Y140125","Diğer","",""
8196,"128 BALEN","6799",60,"Nebim Kod: 26Y140128","Diğer","",""
8197,"129 BALEN","5249",90,"Nebim Kod: 26Y140129","Diğer","",""
8198,"131 BALEN","5199",90,"Nebim Kod: 26Y140131","Diğer","",""
8199,"142 BALEN","6999",120,"Nebim Kod: 26Y140142","Diğer","",""
8200,"143 BALEN","6249",120,"Nebim Kod: 26Y140143","Diğer","",""
8201,"152 BALEN","8499",80,"Nebim Kod: 26Y140152","Diğer","",""
8202,"161 BALEN","9499",80,"Nebim Kod: 26Y140161","Diğer","",""